datetime,fenecon_power,open_meteo_power
2026-08-08 00:00:00,0.0,0.0
2026-08-08 00:15:00,0.0,0.0
2026-08-08 00:30:00,0.0,0.0
2026-08-08 00:45:00,0.0,0.0
2026-08-08 01:00:00,0.0,0.0
2026-08-08 01:15:00,0.0,0.0
2026-08-08 01:30:00,0.0,0.0
2026-08-08 01:45:00,0.0,0.0
2026-08-08 02:00:00,0.0,0.0
2026-08-08 02:15:00,0.0,0.0
2026-08-08 02:30:00,0.0,0.0
2026-08-08 02:45:00,0.0,0.0
2026-08-08 03:00:00,0.0,0.0
2026-08-08 03:15:00,0.0,0.0
2026-08-08 03:30:00,0.0,0.0
2026-08-08 03:45:00,0.0,0.0
2026-08-08 04:00:00,0.0,0.0
2026-08-08 04:15:00,0.0,0.0
2026-08-08 04:30:00,0.0,0.0
2026-08-08 04:45:00,0.0,0.0
2026-08-08 05:00:00,0.0,0.0
2026-08-08 05:15:00,0.0,0.0
2026-08-08 05:30:00,0.0,0.0
2026-08-08 05:45:00,0.001,0.0
2026-08-08 06:00:00,0.034,0.0
2026-08-08 06:15:00,0.086,0.093915
2026-08-08 06:30:00,0.139,0.18783
2026-08-08 06:45:00,0.242,0.281745
2026-08-08 07:00:00,0.96,0.37566
2026-08-08 07:15:00,1.422,0.6913800000000001
2026-08-08 07:30:00,1.744,1.0071000000000003
2026-08-08 07:45:00,2.054,1.3228200000000003
2026-08-08 08:00:00,2.358,1.6385400000000003
2026-08-08 08:15:00,2.612,1.9486800000000004
2026-08-08 08:30:00,2.896,2.25882
2026-08-08 08:45:00,3.1,2.56896
2026-08-08 09:00:00,3.341,2.8791
2026-08-08 09:15:00,3.54,3.1916700000000002
2026-08-08 09:30:00,3.727,3.5042400000000002
2026-08-08 09:45:00,4.048,3.8168100000000003
2026-08-08 10:00:00,4.461,4.12938
2026-08-08 10:15:00,4.905,4.58262
2026-08-08 10:30:00,5.452,5.0358600000000004
2026-08-08 10:45:00,5.937,5.4891000000000005
2026-08-08 11:00:00,6.352,5.942340000000001
2026-08-08 11:15:00,6.82,6.321577500000001
2026-08-08 11:30:00,7.229,6.700815
2026-08-08 11:45:00,7.51,7.080052500000001
2026-08-08 12:00:00,7.882,7.459290000000001
2026-08-08 12:15:00,8.181,7.705147500000001
2026-08-08 12:30:00,8.405,7.951005
2026-08-08 12:45:00,8.611,8.1968625
2026-08-08 13:00:00,8.736,8.44272
2026-08-08 13:15:00,8.767,8.5462875
2026-08-08 13:30:00,8.869,8.649854999999999
2026-08-08 13:45:00,8.929,8.7534225
2026-08-08 14:00:00,9.004,8.85699
2026-08-08 14:15:00,8.896,8.7931575
2026-08-08 14:30:00,8.845,8.729325
2026-08-08 14:45:00,8.747,8.6654925
2026-08-08 15:00:00,8.525,8.601659999999999
2026-08-08 15:15:00,8.156,8.3955375
2026-08-08 15:30:00,7.854,8.189415
2026-08-08 15:45:00,7.401,7.983292499999999
2026-08-08 16:00:00,6.57,7.77717
2026-08-08 16:15:00,5.937,7.4366775
2026-08-08 16:30:00,5.112,7.096185
2026-08-08 16:45:00,4.823,6.7556925
2026-08-08 17:00:00,4.58,6.4152000000000005
2026-08-08 17:15:00,4.311,5.965425000000001
2026-08-08 17:30:00,4.129,5.515650000000001
2026-08-08 17:45:00,3.972,5.065875
2026-08-08 18:00:00,3.471,4.6161
2026-08-08 18:15:00,3.011,4.2898950000000005
2026-08-08 18:30:00,2.501,3.96369
2026-08-08 18:45:00,1.542,3.637485
2026-08-08 19:00:00,1.001,3.31128
2026-08-08 19:15:00,0.35,2.9500425
2026-08-08 19:30:00,0.307,2.588805
2026-08-08 19:45:00,0.232,2.2275675
2026-08-08 20:00:00,0.171,1.86633
2026-08-08 20:15:00,0.096,1.491075
2026-08-08 20:30:00,0.049,1.11582
2026-08-08 20:45:00,0.016,0.7405650000000001
2026-08-08 21:00:00,0.0,0.36531
2026-08-08 21:15:00,0.0,0.2739825
2026-08-08 21:30:00,0.0,0.182655
2026-08-08 21:45:00,0.0,0.0913275
2026-08-08 22:00:00,0.0,0.0
2026-08-08 22:15:00,0.0,0.0
2026-08-08 22:30:00,0.0,0.0
2026-08-08 22:45:00,0.0,0.0
2026-08-08 23:00:00,0.0,0.0
2026-08-08 23:15:00,0.0,0.0
2026-08-08 23:30:00,0.0,0.0
2026-08-08 23:45:00,0.0,0.0
2026-08-09 00:00:00,0.0,0.0
2026-08-09 00:15:00,0.0,0.0
2026-08-09 00:30:00,0.0,0.0
2026-08-09 00:45:00,0.0,0.0
2026-08-09 01:00:00,0.0,0.0
2026-08-09 01:15:00,0.0,0.0
2026-08-09 01:30:00,0.0,0.0
2026-08-09 01:45:00,0.0,0.0
2026-08-09 02:00:00,0.0,0.0
2026-08-09 02:15:00,0.0,0.0
2026-08-09 02:30:00,0.0,0.0
2026-08-09 02:45:00,0.0,0.0
2026-08-09 03:00:00,0.0,0.0
2026-08-09 03:15:00,0.0,0.0
2026-08-09 03:30:00,0.0,0.0
2026-08-09 03:45:00,0.0,0.0
2026-08-09 04:00:00,0.0,0.0
2026-08-09 04:15:00,0.0,0.0
2026-08-09 04:30:00,0.0,0.0
2026-08-09 04:45:00,0.0,0.0
2026-08-09 05:00:00,0.0,0.0
2026-08-09 05:15:00,0.0,0.0
2026-08-09 05:30:00,0.0,0.0
2026-08-09 05:45:00,0.007,0.0
2026-08-09 06:00:00,0.028,0.0
2026-08-09 06:15:00,0.082,0.090945
2026-08-09 06:30:00,0.136,0.18189
2026-08-09 06:45:00,0.212,0.272835
2026-08-09 07:00:00,0.92,0.36378
2026-08-09 07:15:00,1.393,0.657675
2026-08-09 07:30:00,1.654,0.95157
2026-08-09 07:45:00,1.71,1.245465
2026-08-09 08:00:00,2.199,1.53936
2026-08-09 08:15:00,2.579,1.8609075
2026-08-09 08:30:00,2.525,2.182455
2026-08-09 08:45:00,3.004,2.5040025
2026-08-09 09:00:00,3.225,2.82555
2026-08-09 09:15:00,3.462,3.1297499999999996
2026-08-09 09:30:00,3.359,3.43395
2026-08-09 09:45:00,3.849,3.73815
2026-08-09 10:00:00,4.205,4.04235
2026-08-09 10:15:00,4.646,4.453155
2026-08-09 10:30:00,5.182,4.8639600000000005
2026-08-09 10:45:00,5.66,5.274765
2026-08-09 11:00:00,6.068,5.68557
2026-08-09 11:15:00,6.5,6.09102
2026-08-09 11:30:00,7.021,6.49647
2026-08-09 11:45:00,7.51,6.90192
2026-08-09 12:00:00,7.041,7.30737
2026-08-09 12:15:00,7.691,7.549155
2026-08-09 12:30:00,6.476,7.790939999999999
2026-08-09 12:45:00,7.379,8.032725
2026-08-09 13:00:00,7.076,8.27451
2026-08-09 13:15:00,8.364,8.3637225
2026-08-09 13:30:00,7.031,8.452935
2026-08-09 13:45:00,7.105,8.5421475
2026-08-09 14:00:00,8.718,8.63136
2026-08-09 14:15:00,8.669,8.527162500000001
2026-08-09 14:30:00,8.609,8.422965000000001
2026-08-09 14:45:00,8.882,8.3187675
2026-08-09 15:00:00,8.237,8.21457
2026-08-09 15:15:00,7.531,8.0144325
2026-08-09 15:30:00,6.472,7.8142949999999995
2026-08-09 15:45:00,5.683,7.614157499999999
2026-08-09 16:00:00,3.112,7.414019999999999
2026-08-09 16:15:00,4.106,6.8935949999999995
2026-08-09 16:30:00,4.685,6.373169999999999
2026-08-09 16:45:00,2.25,5.852744999999999
2026-08-09 17:00:00,1.771,5.332319999999999
2026-08-09 17:15:00,1.561,4.8903525
2026-08-09 17:30:00,1.266,4.448385
2026-08-09 17:45:00,1.027,4.0064174999999995
2026-08-09 18:00:00,0.671,3.56445
2026-08-09 18:15:00,1.099,3.1996575
2026-08-09 18:30:00,1.062,2.8348649999999997
2026-08-09 18:45:00,0.638,2.4700725
2026-08-09 19:00:00,0.769,2.10528
2026-08-09 19:15:00,0.572,1.8306225
2026-08-09 19:30:00,0.416,1.555965
2026-08-09 19:45:00,0.278,1.2813075
2026-08-09 20:00:00,0.178,1.00665
2026-08-09 20:15:00,0.098,0.785745
2026-08-09 20:30:00,0.045,0.56484
2026-08-09 20:45:00,0.004,0.343935
2026-08-09 21:00:00,0.0,0.12303
2026-08-09 21:15:00,0.0,0.09227250000000001
2026-08-09 21:30:00,0.0,0.061515
2026-08-09 21:45:00,0.0,0.030757499999999993
2026-08-09 22:00:00,0.0,0.0
2026-08-09 22:15:00,0.0,0.0
2026-08-09 23:00:00,0.0,0.0
2026-08-10 00:00:00,0.0,0.0
2026-08-10 00:15:00,0.0,0.0
2026-08-10 00:30:00,0.0,0.0
2026-08-10 00:45:00,0.0,0.0
2026-08-10 01:00:00,0.0,0.0
2026-08-10 01:15:00,0.0,0.0
2026-08-10 01:30:00,0.0,0.0
2026-08-10 01:45:00,0.0,0.0
2026-08-10 02:00:00,0.0,0.0
2026-08-10 02:15:00,0.0,0.0
2026-08-10 02:30:00,0.0,0.0
2026-08-10 02:45:00,0.0,0.0
2026-08-10 03:00:00,0.0,0.0
2026-08-10 03:15:00,0.0,0.0
2026-08-10 03:30:00,0.0,0.0
2026-08-10 03:45:00,0.0,0.0
2026-08-10 04:00:00,0.0,0.0
2026-08-10 04:15:00,0.0,0.0
2026-08-10 04:30:00,0.0,0.0
2026-08-10 04:45:00,0.0,0.0
2026-08-10 05:00:00,0.0,0.0
2026-08-10 05:15:00,0.0,0.0
2026-08-10 05:30:00,0.0,0.0
2026-08-10 05:45:00,0.0,0.0
2026-08-10 06:00:00,0.026,0.0
2026-08-10 06:15:00,0.081,0.09432
2026-08-10 06:30:00,0.167,0.18864
2026-08-10 06:45:00,0.293,0.28296
2026-08-10 07:00:00,0.802,0.37728
2026-08-10 07:15:00,1.198,0.6794775
2026-08-10 07:30:00,1.53,0.9816750000000001
2026-08-10 07:45:00,1.856,1.2838725
2026-08-10 08:00:00,2.165,1.58607
2026-08-10 08:15:00,2.413,1.8338850000000002
2026-08-10 08:30:00,2.565,2.0817
2026-08-10 08:45:00,2.865,2.3295150000000002
2026-08-10 09:00:00,3.099,2.5773300000000003
2026-08-10 09:15:00,3.308,2.6817750000000005
2026-08-10 09:30:00,3.537,2.78622
2026-08-10 09:45:00,3.817,2.8906650000000003
2026-08-10 10:00:00,4.163,2.9951100000000004
2026-08-10 10:15:00,4.587,3.485475
2026-08-10 10:30:00,5.108,3.9758400000000003
2026-08-10 10:45:00,5.571,4.466205
2026-08-10 11:00:00,6.016,4.95657
2026-08-10 11:15:00,6.424,5.47632
2026-08-10 11:30:00,6.85,5.99607
2026-08-10 11:45:00,7.171,6.51582
2026-08-10 12:00:00,7.426,7.03557
2026-08-10 12:15:00,7.758,7.1519625
2026-08-10 12:30:00,8.11,7.268355
2026-08-10 12:45:00,8.282,7.384747499999999
2026-08-10 13:00:00,8.398,7.501139999999999
2026-08-10 13:15:00,8.512,7.448467499999999
2026-08-10 13:30:00,8.626,7.395795
2026-08-10 13:45:00,8.74,7.3431225
2026-08-10 14:00:00,8.696,7.29045
2026-08-10 14:15:00,8.631,7.198942499999999
2026-08-10 14:30:00,8.521,7.107434999999999
2026-08-10 14:45:00,8.308,7.015927499999999
2026-08-10 15:00:00,8.035,6.924419999999999
2026-08-10 15:15:00,7.95,6.765997499999999
2026-08-10 15:30:00,7.609,6.607575000000001
2026-08-10 15:45:00,7.217,6.449152500000001
2026-08-10 16:00:00,6.071,6.290730000000002
2026-08-10 16:15:00,5.58,6.050047500000002
2026-08-10 16:30:00,4.957,5.8093650000000014
2026-08-10 16:45:00,4.693,5.5686825
2026-08-10 17:00:00,3.888,5.328
2026-08-10 17:15:00,3.959,4.9374225
2026-08-10 17:30:00,2.608,4.546845
2026-08-10 17:45:00,2.902,4.1562675
2026-08-10 18:00:00,2.839,3.7656900000000006
2026-08-10 18:15:00,2.308,3.4153875000000005
2026-08-10 18:30:00,0.947,3.0650850000000003
2026-08-10 18:45:00,0.862,2.7147825
2026-08-10 19:00:00,0.727,2.36448
2026-08-10 19:15:00,0.657,2.1405374999999998
2026-08-10 19:30:00,0.503,1.916595
2026-08-10 19:45:00,0.334,1.6926525000000001
2026-08-10 20:00:00,0.259,1.4687100000000002
2026-08-10 20:15:00,0.115,1.1739600000000001
2026-08-10 20:30:00,0.039,0.87921
2026-08-10 20:45:00,0.001,0.58446
2026-08-10 21:00:00,0.0,0.28971
2026-08-10 21:15:00,0.0,0.21728250000000002
2026-08-10 21:30:00,0.0,0.144855
2026-08-10 21:45:00,0.0,0.0724275
2026-08-10 22:00:00,0.0,0.0
2026-08-10 22:15:00,0.0,0.0
2026-08-10 22:30:00,0.0,0.0
2026-08-10 22:45:00,0.0,0.0
2026-08-10 23:00:00,0.0,0.0
2026-08-10 23:15:00,0.0,0.0
2026-08-10 23:30:00,0.0,0.0
2026-08-10 23:45:00,0.0,0.0
2026-08-11 00:00:00,0.0,0.0
2026-08-11 00:15:00,0.0,0.0
2026-08-11 00:30:00,0.0,0.0
2026-08-11 00:45:00,0.0,0.0
2026-08-11 01:00:00,0.0,0.0
2026-08-11 01:15:00,0.0,0.0
2026-08-11 01:30:00,0.0,0.0
2026-08-11 01:45:00,0.0,0.0
2026-08-11 02:00:00,0.0,0.0
2026-08-11 02:15:00,0.0,0.0
2026-08-11 02:30:00,0.0,0.0
2026-08-11 02:45:00,0.0,0.0
2026-08-11 03:00:00,0.0,0.0
2026-08-11 03:15:00,0.0,0.0
2026-08-11 03:30:00,0.0,0.0
2026-08-11 03:45:00,0.0,0.0
2026-08-11 04:00:00,0.0,0.0
2026-08-11 04:15:00,0.0,0.0
2026-08-11 04:30:00,0.0,0.0
2026-08-11 04:45:00,0.0,0.0
2026-08-11 05:00:00,0.0,0.0
2026-08-11 05:15:00,0.0,0.0
2026-08-11 05:30:00,0.0,0.0
2026-08-11 05:45:00,0.0,0.0
2026-08-11 06:00:00,0.023,0.0
2026-08-11 06:15:00,0.061,0.0807075
2026-08-11 06:30:00,0.135,0.161415
2026-08-11 06:45:00,0.247,0.24212250000000002
2026-08-11 07:00:00,0.774,0.32283
2026-08-11 07:15:00,1.235,0.6254775
2026-08-11 07:30:00,1.6,0.9281250000000001
2026-08-11 07:45:00,1.935,1.2307725
2026-08-11 08:00:00,2.238,1.53342
2026-08-11 08:15:00,2.519,1.839825
2026-08-11 08:30:00,2.756,2.14623
2026-08-11 08:45:00,3.093,2.452635
2026-08-11 09:00:00,3.397,2.75904
2026-08-11 09:15:00,3.174,3.063105
2026-08-11 09:30:00,3.639,3.3671699999999998
2026-08-11 09:45:00,3.908,3.671235
2026-08-11 10:00:00,4.301,3.9753
2026-08-11 10:15:00,4.753,4.4120925
2026-08-11 10:30:00,5.307,4.848885
2026-08-11 10:45:00,5.74,5.2856775
2026-08-11 11:00:00,6.158,5.72247
2026-08-11 11:15:00,6.569,6.0820425
2026-08-11 11:30:00,7.035,6.4416150000000005
2026-08-11 11:45:00,7.353,6.8011875
2026-08-11 12:00:00,7.654,7.16076
2026-08-11 12:15:00,7.926,7.3997325
2026-08-11 12:30:00,8.17,7.638705
2026-08-11 12:45:00,8.341,7.8776775
2026-08-11 13:00:00,8.515,8.11665
2026-08-11 13:15:00,8.598,8.218462500000001
2026-08-11 13:30:00,8.83,8.320275
2026-08-11 13:45:00,8.823,8.4220875
2026-08-11 14:00:00,8.932,8.523900000000001
2026-08-11 14:15:00,8.782,8.469315000000002
2026-08-11 14:30:00,8.821,8.41473
2026-08-11 14:45:00,8.557,8.360145
2026-08-11 15:00:00,8.281,8.30556
2026-08-11 15:15:00,7.939,8.102115000000001
2026-08-11 15:30:00,7.488,7.898670000000001
2026-08-11 15:45:00,7.069,7.6952250000000015
2026-08-11 16:00:00,6.237,7.491780000000002
2026-08-11 16:15:00,5.452,7.153200000000002
2026-08-11 16:30:00,4.826,6.8146200000000015
2026-08-11 16:45:00,4.683,6.47604
2026-08-11 17:00:00,4.463,6.13746
2026-08-11 17:15:00,4.196,5.71311
2026-08-11 17:30:00,3.973,5.28876
2026-08-11 17:45:00,3.773,4.8644099999999995
2026-08-11 18:00:00,3.338,4.44006
2026-08-11 18:15:00,2.98,4.126815
2026-08-11 18:30:00,2.289,3.8135700000000003
2026-08-11 18:45:00,1.527,3.500325
2026-08-11 19:00:00,0.99,3.1870800000000004
2026-08-11 19:15:00,0.506,2.8255950000000003
2026-08-11 19:30:00,0.257,2.4641100000000002
2026-08-11 19:45:00,0.165,2.1026249999999997
2026-08-11 20:00:00,0.114,1.74114
2026-08-11 20:15:00,0.074,1.375245
2026-08-11 20:30:00,0.036,1.00935
2026-08-11 20:45:00,0.0,0.6434550000000001
2026-08-11 21:00:00,0.0,0.27756
2026-08-11 21:15:00,0.0,0.20816999999999997
2026-08-11 21:30:00,0.0,0.13878
2026-08-11 21:45:00,0.0,0.06939000000000001
2026-08-11 22:00:00,0.0,0.0
2026-08-11 22:15:00,0.0,0.0
2026-08-11 22:30:00,0.0,0.0
2026-08-11 22:45:00,0.0,0.0
2026-08-11 23:00:00,0.0,0.0
2026-08-12 00:00:00,0.0,0.0
2026-08-12 00:15:00,0.0,0.0
2026-08-12 00:30:00,0.0,0.0
2026-08-12 00:45:00,0.0,0.0
2026-08-12 01:00:00,0.0,0.0
2026-08-12 01:15:00,0.0,0.0
2026-08-12 01:30:00,0.0,0.0
2026-08-12 01:45:00,0.0,0.0
2026-08-12 02:00:00,0.0,0.0
2026-08-12 02:15:00,0.0,0.0
2026-08-12 02:30:00,0.0,0.0
2026-08-12 02:45:00,0.0,0.0
2026-08-12 03:00:00,0.0,0.0
2026-08-12 03:15:00,0.0,0.0
2026-08-12 03:30:00,0.0,0.0
2026-08-12 03:45:00,0.0,0.0
2026-08-12 04:00:00,0.0,0.0
2026-08-12 04:15:00,0.0,0.0
2026-08-12 04:30:00,0.0,0.0
2026-08-12 04:45:00,0.0,0.0
2026-08-12 05:00:00,0.0,0.0
2026-08-12 05:15:00,0.0,0.0
2026-08-12 05:30:00,0.0,0.0
2026-08-12 05:45:00,0.0,0.0
2026-08-12 06:00:00,0.017,0.0
2026-08-12 06:15:00,0.06,0.06858
2026-08-12 06:30:00,0.143,0.13716
2026-08-12 06:45:00,0.279,0.20574
2026-08-12 07:00:00,0.992,0.27432
2026-08-12 07:15:00,1.424,0.5844825
2026-08-12 07:30:00,1.747,0.894645
2026-08-12 07:45:00,2.071,1.2048075
2026-08-12 08:00:00,2.368,1.51497
2026-08-12 08:15:00,2.637,1.83411
2026-08-12 08:30:00,2.894,2.15325
2026-08-12 08:45:00,3.116,2.47239
2026-08-12 09:00:00,3.309,2.79153
2026-08-12 09:15:00,3.516,3.1071375
2026-08-12 09:30:00,3.723,3.422745
2026-08-12 09:45:00,4.019,3.7383525
2026-08-12 10:00:00,4.418,4.05396
2026-08-12 10:15:00,4.902,4.5089775
2026-08-12 10:30:00,5.44,4.963995
2026-08-12 10:45:00,5.913,5.419012499999999
2026-08-12 11:00:00,6.373,5.874029999999999
2026-08-12 11:15:00,6.789,6.250049999999999
2026-08-12 11:30:00,7.245,6.626069999999999
2026-08-12 11:45:00,7.629,7.002089999999999
2026-08-12 12:00:00,7.89,7.378109999999999
2026-08-12 12:15:00,8.191,7.628579999999999
2026-08-12 12:30:00,8.453,7.879049999999999
2026-08-12 12:45:00,8.607,8.12952
2026-08-12 13:00:00,8.783,8.37999
2026-08-12 13:15:00,8.858,8.483265
2026-08-12 13:30:00,8.99,8.58654
2026-08-12 13:45:00,9.018,8.689815000000001
2026-08-12 14:00:00,9.002,8.793090000000001
2026-08-12 14:15:00,9.008,8.73531
2026-08-12 14:30:00,8.889,8.67753
2026-08-12 14:45:00,8.729,8.61975
2026-08-12 15:00:00,8.494,8.561969999999999
2026-08-12 15:15:00,8.205,8.3525175
2026-08-12 15:30:00,7.68,8.143064999999998
2026-08-12 15:45:00,7.664,7.933612499999999
2026-08-12 16:00:00,6.872,7.724159999999999
2026-08-12 16:15:00,5.825,7.380922499999999
2026-08-12 16:30:00,5.008,7.037685
2026-08-12 16:45:00,4.776,6.6944475
2026-08-12 17:00:00,4.523,6.35121
2026-08-12 17:15:00,4.247,5.90562
2026-08-12 17:30:00,4.034,5.46003
2026-08-12 17:45:00,3.773,5.0144400000000005
2026-08-12 18:00:00,3.296,4.56885
2026-08-12 18:15:00,2.98,4.243837500000001
2026-08-12 18:30:00,2.366,3.918825
2026-08-12 18:45:00,1.576,3.5938125000000003
2026-08-12 19:00:00,0.96,3.2688
2026-08-12 19:15:00,0.394,2.893635
2026-08-12 19:30:00,0.166,2.51847
2026-08-12 19:45:00,0.081,2.143305
2026-08-12 20:00:00,0.019,1.76814
2026-08-12 20:15:00,0.002,1.397115
2026-08-12 20:30:00,0.012,1.02609
2026-08-12 20:45:00,0.0,0.655065
2026-08-12 21:00:00,0.0,0.28404
2026-08-12 21:15:00,0.0,0.21303
2026-08-12 21:30:00,0.0,0.14202
2026-08-12 21:45:00,0.0,0.07101000000000002
2026-08-12 22:00:00,0.0,0.0
2026-08-12 22:15:00,0.0,0.0
2026-08-12 22:30:00,0.0,0.0
2026-08-12 22:45:00,0.0,0.0
2026-08-12 23:00:00,0.0,0.0
2026-08-12 23:15:00,0.0,0.0
2026-08-12 23:30:00,0.0,0.0
2026-08-12 23:45:00,0.0,0.0
2026-08-13 00:00:00,0.0,0.0
2026-08-13 00:15:00,0.0,0.0
2026-08-13 00:30:00,0.0,0.0
2026-08-13 00:45:00,0.0,0.0
2026-08-13 01:00:00,0.0,0.0
2026-08-13 01:15:00,0.0,0.0
2026-08-13 01:30:00,0.0,0.0
2026-08-13 01:45:00,0.0,0.0
2026-08-13 02:00:00,0.0,0.0
2026-08-13 02:15:00,0.0,0.0
2026-08-13 02:30:00,0.0,0.0
2026-08-13 02:45:00,0.0,0.0
2026-08-13 03:00:00,0.0,0.0
2026-08-13 03:15:00,0.0,0.0
2026-08-13 03:30:00,0.0,0.0
2026-08-13 03:45:00,0.0,0.0
2026-08-13 04:00:00,0.0,0.0
2026-08-13 04:15:00,0.0,0.0
2026-08-13 04:30:00,0.0,0.0
2026-08-13 04:45:00,0.0,0.0
2026-08-13 05:00:00,0.0,0.0
2026-08-13 05:15:00,0.0,0.0
2026-08-13 05:30:00,0.0,0.0
2026-08-13 05:45:00,0.0,0.0
2026-08-13 06:00:00,0.014,0.0
2026-08-13 06:15:00,0.054,0.0695925
2026-08-13 06:30:00,0.135,0.139185
2026-08-13 06:45:00,0.55,0.2087775
2026-08-13 07:00:00,1.034,0.27837
2026-08-13 07:15:00,1.401,0.5915699999999999
2026-08-13 07:30:00,1.738,0.90477
2026-08-13 07:45:00,2.066,1.21797
2026-08-13 08:00:00,2.354,1.53117
2026-08-13 08:15:00,2.641,1.8532574999999998
2026-08-13 08:30:00,2.877,2.175345
2026-08-13 08:45:00,3.13,2.4974325
2026-08-13 09:00:00,3.358,2.81952
2026-08-13 09:15:00,3.527,3.1325174999999996
2026-08-13 09:30:00,3.726,3.445515
2026-08-13 09:45:00,4.021,3.7585125
2026-08-13 10:00:00,4.41,4.07151
2026-08-13 10:15:00,4.858,4.530375
2026-08-13 10:30:00,5.407,4.989240000000001
2026-08-13 10:45:00,5.873,5.448105000000001
2026-08-13 11:00:00,6.322,5.906970000000001
2026-08-13 11:15:00,6.773,6.284700000000001
2026-08-13 11:30:00,7.231,6.6624300000000005
2026-08-13 11:45:00,7.592,7.04016
2026-08-13 12:00:00,7.878,7.41789
2026-08-13 12:15:00,8.167,7.663995
2026-08-13 12:30:00,8.424,7.9101
2026-08-13 12:45:00,8.615,8.156205
2026-08-13 13:00:00,8.743,8.40231
2026-08-13 13:15:00,8.817,8.500589999999999
2026-08-13 13:30:00,8.888,8.59887
2026-08-13 13:45:00,8.975,8.69715
2026-08-13 14:00:00,8.943,8.79543
2026-08-13 14:15:00,8.966,8.7402825
2026-08-13 14:30:00,8.849,8.685135
2026-08-13 14:45:00,8.679,8.629987500000002
2026-08-13 15:00:00,8.369,8.574840000000002
2026-08-13 15:15:00,8.102,8.359717500000002
2026-08-13 15:30:00,7.534,8.144595
2026-08-13 15:45:00,7.019,7.9294725
2026-08-13 16:00:00,6.301,7.71435
2026-08-13 16:15:00,5.423,7.367265
2026-08-13 16:30:00,4.961,7.02018
2026-08-13 16:45:00,4.677,6.673095
2026-08-13 17:00:00,4.467,6.32601
2026-08-13 17:15:00,4.147,5.884627500000001
2026-08-13 17:30:00,3.897,5.443245000000001
2026-08-13 17:45:00,3.619,5.0018625000000005
2026-08-13 18:00:00,3.157,4.560480000000001
2026-08-13 18:15:00,2.839,4.236817500000001
2026-08-13 18:30:00,2.299,3.9131550000000006
2026-08-13 18:45:00,1.466,3.589492500000001
2026-08-13 19:00:00,0.972,3.2658300000000007
2026-08-13 19:15:00,0.452,2.8925550000000007
2026-08-13 19:30:00,0.242,2.51928
2026-08-13 19:45:00,0.183,2.1460049999999997
2026-08-13 20:00:00,0.111,1.7727299999999997
2026-08-13 20:15:00,0.064,1.2656099999999997
2026-08-13 20:30:00,0.032,0.7584899999999999
2026-08-13 21:00:00,0.024,0.25137
2026-08-13 22:00:00,0.016,0.0
2026-08-13 23:00:00,0.008,0.0
2026-08-14 00:00:00,0.0,0.0
2026-08-14 00:15:00,0.0,0.0
2026-08-14 00:30:00,0.0,0.0
2026-08-14 00:45:00,0.0,0.0
2026-08-14 01:00:00,0.0,0.0
2026-08-14 01:15:00,0.0,0.0
2026-08-14 01:30:00,0.0,0.0
2026-08-14 01:45:00,0.0,0.0
2026-08-14 02:00:00,0.0,0.0
2026-08-14 02:15:00,0.0,0.0
2026-08-14 02:30:00,0.0,0.0
2026-08-14 02:45:00,0.0,0.0
2026-08-14 03:00:00,0.0,0.0
2026-08-14 03:15:00,0.0,0.0
2026-08-14 03:30:00,0.0,0.0
2026-08-14 03:45:00,0.0,0.0
2026-08-14 04:00:00,0.0,0.0
2026-08-14 04:15:00,0.0,0.0
2026-08-14 04:30:00,0.0,0.0
2026-08-14 04:45:00,0.0,0.0
2026-08-14 05:00:00,0.0,0.0
2026-08-14 05:15:00,0.0,0.0
2026-08-14 05:30:00,0.0,0.0
2026-08-14 05:45:00,0.0,0.0
2026-08-14 06:00:00,0.011,0.0
2026-08-14 06:15:00,0.051,0.0683775
2026-08-14 06:30:00,0.125,0.136755
2026-08-14 06:45:00,0.547,0.2051325
2026-08-14 07:00:00,1.033,0.27351
2026-08-14 07:15:00,1.415,0.591255
2026-08-14 07:30:00,1.753,0.909
2026-08-14 07:45:00,2.069,1.226745
2026-08-14 08:00:00,2.348,1.54449
2026-08-14 08:15:00,2.629,1.8636525
2026-08-14 08:30:00,2.856,2.182815
2026-08-14 08:45:00,3.072,2.5019775
2026-08-14 09:00:00,3.313,2.82114
2026-08-14 09:15:00,3.496,3.1384125000000003
2026-08-14 09:30:00,3.675,3.455685
2026-08-14 09:45:00,3.932,3.7729575
2026-08-14 10:00:00,4.336,4.09023
2026-08-14 10:15:00,4.849,4.543605
2026-08-14 10:30:00,5.387,4.996980000000001
2026-08-14 10:45:00,5.859,5.450355
2026-08-14 11:00:00,6.318,5.90373
2026-08-14 11:15:00,6.79,6.27993
2026-08-14 11:30:00,7.226,6.656130000000001
2026-08-14 11:45:00,7.528,7.032330000000001
2026-08-14 12:00:00,7.798,7.408530000000001
2026-08-14 12:15:00,8.07,7.65756
2026-08-14 12:30:00,8.34,7.9065900000000005
2026-08-14 12:45:00,8.507,8.15562
2026-08-14 13:00:00,8.636,8.40465
2026-08-14 13:15:00,8.755,8.50788
2026-08-14 13:30:00,8.809,8.61111
2026-08-14 13:45:00,8.864,8.71434
2026-08-14 14:00:00,8.842,8.81757
2026-08-14 14:15:00,8.809,8.757607499999999
2026-08-14 14:30:00,8.743,8.697645
2026-08-14 14:45:00,8.545,8.6376825
2026-08-14 15:00:00,8.29,8.57772
2026-08-14 15:15:00,7.974,8.3619225
2026-08-14 15:30:00,7.458,8.146125
2026-08-14 15:45:00,7.256,7.930327500000001
2026-08-14 16:00:00,6.542,7.714530000000001
2026-08-14 16:15:00,5.391,7.369537500000001
2026-08-14 16:30:00,4.887,7.024545
2026-08-14 16:45:00,4.582,6.6795525
2026-08-14 17:00:00,4.356,6.33456
2026-08-14 17:15:00,4.013,5.8821975
2026-08-14 17:30:00,3.742,5.429835
2026-08-14 17:45:00,3.459,4.977472499999999
2026-08-14 18:00:00,3.159,4.52511
2026-08-14 18:15:00,2.738,4.20462
2026-08-14 18:30:00,2.007,3.88413
2026-08-14 18:45:00,1.347,3.56364
2026-08-14 19:00:00,0.905,3.24315
2026-08-14 19:15:00,0.404,2.870685
2026-08-14 19:30:00,0.204,2.49822
2026-08-14 19:45:00,0.142,2.1257550000000003
2026-08-14 20:00:00,0.097,1.7532900000000002
2026-08-14 20:15:00,0.055,1.3772025
2026-08-14 20:30:00,0.021,1.001115
2026-08-14 20:45:00,0.0,0.6250275000000001
2026-08-14 21:00:00,0.0,0.24894
2026-08-14 21:15:00,0.0,0.186705
2026-08-14 21:30:00,0.0,0.12447
2026-08-14 21:45:00,0.0,0.062234999999999985
2026-08-14 22:00:00,0.0,0.0
2026-08-14 22:15:00,0.0,0.0
2026-08-14 22:30:00,0.0,0.0
2026-08-14 22:45:00,0.0,0.0
2026-08-14 23:00:00,0.0,0.0
2026-08-14 23:15:00,0.0,0.0
2026-08-14 23:30:00,0.0,0.0
2026-08-14 23:45:00,0.0,0.0
2026-08-15 00:00:00,0.0,0.0
2026-08-15 00:15:00,0.0,0.0
2026-08-15 00:30:00,0.0,0.0
2026-08-15 00:45:00,0.0,0.0
2026-08-15 01:00:00,0.0,0.0
2026-08-15 01:15:00,0.0,0.0
2026-08-15 01:30:00,0.0,0.0
2026-08-15 01:45:00,0.0,0.0
2026-08-15 02:00:00,0.0,0.0
2026-08-15 02:15:00,0.0,0.0
2026-08-15 02:30:00,0.0,0.0
2026-08-15 02:45:00,0.0,0.0
2026-08-15 03:00:00,0.0,0.0
2026-08-15 03:15:00,0.0,0.0
2026-08-15 03:30:00,0.0,0.0
2026-08-15 03:45:00,0.0,0.0
2026-08-15 04:00:00,0.0,0.0
2026-08-15 04:15:00,0.0,0.0
2026-08-15 04:30:00,0.0,0.0
2026-08-15 04:45:00,0.0,0.0
2026-08-15 05:00:00,0.0,0.0
2026-08-15 05:15:00,0.0,0.0
2026-08-15 05:30:00,0.0,0.0
2026-08-15 05:45:00,0.0,0.0
2026-08-15 06:00:00,0.01,0.0
2026-08-15 06:15:00,0.055,0.0651825
2026-08-15 06:30:00,0.118,0.130365
2026-08-15 06:45:00,0.209,0.1955475
2026-08-15 07:00:00,0.894,0.26073
2026-08-15 07:15:00,1.254,0.581805
2026-08-15 07:30:00,1.584,0.90288
2026-08-15 07:45:00,1.904,1.2239550000000001
2026-08-15 08:00:00,2.204,1.54503
2026-08-15 08:15:00,2.463,1.8653625
2026-08-15 08:30:00,2.731,2.185695
2026-08-15 08:45:00,2.947,2.5060275
2026-08-15 09:00:00,3.157,2.82636
2026-08-15 09:15:00,3.332,3.1382775
2026-08-15 09:30:00,3.514,3.4501950000000003
2026-08-15 09:45:00,3.787,3.7621125000000006
2026-08-15 10:00:00,4.163,4.0740300000000005
2026-08-15 10:15:00,4.608,4.525335
2026-08-15 10:30:00,5.124,4.97664
2026-08-15 10:45:00,5.548,5.427945
2026-08-15 11:00:00,5.962,5.87925
2026-08-15 11:15:00,6.373,6.25131
2026-08-15 11:30:00,6.789,6.62337
2026-08-15 11:45:00,7.09,6.995430000000001
2026-08-15 12:00:00,7.406,7.367490000000001
2026-08-15 12:15:00,7.729,7.566885000000001
2026-08-15 12:30:00,7.951,7.76628
2026-08-15 12:45:00,8.128,7.965675
2026-08-15 13:00:00,8.29,8.16507
2026-08-15 13:15:00,8.304,8.11584
2026-08-15 13:30:00,8.65,8.06661
2026-08-15 13:45:00,6.579,8.01738
2026-08-15 14:00:00,5.609,7.96815
2026-08-15 14:15:00,5.529,7.69698
2026-08-15 14:30:00,8.848,7.42581
2026-08-15 14:45:00,8.435,7.15464
2026-08-15 15:00:00,8.137,6.88347
2026-08-15 15:15:00,6.714,6.5593575
2026-08-15 15:30:00,7.888,6.235245
2026-08-15 15:45:00,7.093,5.9111325
2026-08-15 16:00:00,6.221,5.58702
2026-08-15 16:15:00,5.29,5.364945
2026-08-15 16:30:00,4.737,5.14287
2026-08-15 16:45:00,4.065,4.920795
2026-08-15 17:00:00,3.964,4.69872
2026-08-15 17:15:00,3.148,4.2011325
2026-08-15 17:30:00,1.756,3.703545
2026-08-15 17:45:00,1.356,3.2059575000000002
2026-08-15 18:00:00,0.772,2.7083700000000004
2026-08-15 18:15:00,0.735,2.5116300000000003
2026-08-15 18:30:00,0.778,2.31489
2026-08-15 18:45:00,0.716,2.11815
2026-08-15 19:00:00,0.44,1.92141
2026-08-15 19:15:00,0.322,1.6719075
2026-08-15 19:30:00,0.194,1.422405
2026-08-15 19:45:00,0.086,1.1729025
2026-08-15 20:00:00,0.049,0.9234
2026-08-15 20:15:00,0.026,0.7056675
2026-08-15 20:30:00,0.0,0.48793499999999995
2026-08-15 20:45:00,0.0,0.2702024999999999
2026-08-15 21:00:00,0.0,0.0524699999999999
2026-08-15 21:15:00,0.0,0.03935249999999992
2026-08-15 21:30:00,0.0,0.02623499999999995
2026-08-15 21:45:00,0.0,0.013117499999999976
2026-08-15 22:00:00,0.0,0.0
2026-08-15 22:15:00,0.0,0.0
2026-08-15 22:30:00,0.0,0.0
2026-08-15 22:45:00,0.0,0.0
2026-08-15 23:00:00,0.0,0.0
2026-08-15 23:15:00,0.0,0.0
2026-08-15 23:30:00,0.0,0.0
2026-08-15 23:45:00,0.0,0.0
2026-08-16 00:00:00,0.0,0.0
2026-08-16 00:15:00,0.0,0.0
2026-08-16 00:30:00,0.0,0.0
2026-08-16 00:45:00,0.0,0.0
2026-08-16 01:00:00,0.0,0.0
2026-08-16 01:15:00,0.0,0.0
2026-08-16 01:30:00,0.0,0.0
2026-08-16 01:45:00,0.0,0.0
2026-08-16 02:00:00,0.0,0.0
2026-08-16 02:15:00,0.0,0.0
2026-08-16 02:30:00,0.0,0.0
2026-08-16 02:45:00,0.0,0.0
2026-08-16 03:00:00,0.0,0.0
2026-08-16 03:15:00,0.0,0.0
2026-08-16 03:30:00,0.0,0.0
2026-08-16 03:45:00,0.0,0.0
2026-08-16 04:00:00,0.0,0.0
2026-08-16 04:15:00,0.0,0.0
2026-08-16 04:30:00,0.0,0.0
2026-08-16 04:45:00,0.0,0.0
2026-08-16 05:00:00,0.0,0.0
2026-08-16 05:15:00,0.0,0.0
2026-08-16 05:30:00,0.0,0.0
2026-08-16 05:45:00,0.0,0.0
2026-08-16 06:00:00,0.0,0.0
2026-08-16 06:15:00,0.036,0.0259875
2026-08-16 06:30:00,0.083,0.051975
2026-08-16 06:45:00,0.153,0.0779625
2026-08-16 07:00:00,0.217,0.10395
2026-08-16 07:15:00,0.151,0.214785
2026-08-16 07:30:00,0.311,0.32562
2026-08-16 07:45:00,0.515,0.43645500000000004
2026-08-16 08:00:00,0.625,0.54729
2026-08-16 08:15:00,0.747,0.7381800000000001
2026-08-16 08:30:00,1.042,0.9290700000000001
2026-08-16 08:45:00,1.274,1.11996
2026-08-16 09:00:00,1.83,1.31085
2026-08-16 09:15:00,3.456,1.960785
2026-08-16 09:30:00,3.546,2.6107199999999997
2026-08-16 09:45:00,3.914,3.260655
2026-08-16 10:00:00,4.386,3.91059
2026-08-16 10:15:00,4.459,4.220505
2026-08-16 10:30:00,5.083,4.5304199999999994
2026-08-16 10:45:00,5.248,4.840335
2026-08-16 11:00:00,4.91,5.15025
2026-08-16 11:15:00,5.296,5.2593975
2026-08-16 11:30:00,5.188,5.368545
2026-08-16 11:45:00,5.057,5.4776925
2026-08-16 12:00:00,2.875,5.5868400000000005
2026-08-16 12:15:00,3.223,5.701792500000001
2026-08-16 12:30:00,5.588,5.816745000000001
2026-08-16 12:45:00,7.997,5.9316975
2026-08-16 13:00:00,7.051,6.0466500000000005
2026-08-16 13:15:00,5.737,6.17661
2026-08-16 13:30:00,3.725,6.306570000000001
2026-08-16 13:45:00,6.23,6.43653
2026-08-16 14:00:00,6.02,6.56649
2026-08-16 14:15:00,7.277,6.57756
2026-08-16 14:30:00,7.883,6.58863
2026-08-16 14:45:00,6.42,6.5996999999999995
2026-08-16 15:00:00,5.505,6.61077
2026-08-16 15:15:00,6.299,6.4140524999999995
2026-08-16 15:30:00,6.477,6.217335
2026-08-16 15:45:00,4.919,6.0206175
2026-08-16 16:00:00,3.503,5.8239
2026-08-16 16:15:00,2.083,5.5455975
2026-08-16 16:30:00,1.391,5.267295000000001
2026-08-16 16:45:00,1.374,4.9889925
2026-08-16 17:00:00,1.386,4.7106900000000005
2026-08-16 17:15:00,2.611,4.36392
2026-08-16 17:30:00,1.653,4.01715
2026-08-16 17:45:00,1.584,3.67038
2026-08-16 18:00:00,1.149,3.32361
2026-08-16 18:15:00,1.034,2.895165
2026-08-16 18:30:00,0.682,2.46672
2026-08-16 18:45:00,0.201,2.038275
2026-08-16 19:00:00,0.289,1.60983
2026-08-16 19:15:00,0.161,1.5480225
2026-08-16 19:30:00,0.035,1.4862150000000003
2026-08-16 19:45:00,0.053,1.4244075000000005
2026-08-16 20:00:00,0.052,1.3626000000000005
2026-08-16 20:15:00,0.031,1.0416150000000004
2026-08-16 20:30:00,0.001,0.7206300000000002
2026-08-16 20:45:00,0.0,0.39964500000000003
2026-08-16 21:00:00,0.0,0.07866
2026-08-16 21:15:00,0.0,0.05899499999999999
2026-08-16 21:30:00,0.0,0.03933
2026-08-16 21:45:00,0.0,0.019665000000000002
2026-08-16 22:00:00,0.0,0.0
2026-08-16 22:15:00,0.0,0.0
2026-08-16 22:30:00,0.0,0.0
2026-08-16 22:45:00,0.0,0.0
2026-08-16 23:00:00,0.0,0.0
2026-08-16 23:15:00,0.0,0.0
2026-08-16 23:30:00,0.0,0.0
2026-08-16 23:45:00,0.0,0.0
2026-08-17 00:00:00,0.0,0.0
2026-08-17 00:15:00,0.0,0.0
2026-08-17 00:30:00,0.0,0.0
2026-08-17 00:45:00,0.0,0.0
2026-08-17 01:00:00,0.0,0.0
2026-08-17 01:15:00,0.0,0.0
2026-08-17 01:30:00,0.0,0.0
2026-08-17 01:45:00,0.0,0.0
2026-08-17 02:00:00,0.0,0.0
2026-08-17 02:15:00,0.0,0.0
2026-08-17 02:30:00,0.0,0.0
2026-08-17 02:45:00,0.0,0.0
2026-08-17 03:00:00,0.0,0.0
2026-08-17 03:15:00,0.0,0.0
2026-08-17 03:30:00,0.0,0.0
2026-08-17 03:45:00,0.0,0.0
2026-08-17 04:00:00,0.0,0.0
2026-08-17 04:15:00,0.0,0.0
2026-08-17 04:30:00,0.0,0.0
2026-08-17 04:45:00,0.0,0.0
2026-08-17 05:00:00,0.0,0.0
2026-08-17 05:15:00,0.0,0.0
2026-08-17 05:30:00,0.0,0.0
2026-08-17 05:45:00,0.0,0.0
2026-08-17 06:00:00,0.0,0.0
2026-08-17 06:15:00,0.037,0.0436275
2026-08-17 06:30:00,0.117,0.087255
2026-08-17 06:45:00,0.245,0.1308825
2026-08-17 07:00:00,0.604,0.17451
2026-08-17 07:15:00,0.659,0.3486375
2026-08-17 07:30:00,0.661,0.5227649999999999
2026-08-17 07:45:00,0.812,0.6968924999999999
2026-08-17 08:00:00,0.821,0.87102
2026-08-17 08:15:00,0.827,0.983565
2026-08-17 08:30:00,1.543,1.0961100000000001
2026-08-17 08:45:00,2.813,1.2086550000000003
2026-08-17 09:00:00,2.053,1.3212000000000002
2026-08-17 09:15:00,1.155,1.3711725000000001
2026-08-17 09:30:00,0.787,1.421145
2026-08-17 09:45:00,0.891,1.4711175
2026-08-17 10:00:00,1.397,1.52109
2026-08-17 10:15:00,2.145,1.9890225000000001
2026-08-17 10:30:00,1.721,2.4569550000000002
2026-08-17 10:45:00,1.514,2.9248875000000005
2026-08-17 11:00:00,2.771,3.3928200000000004
2026-08-17 11:15:00,3.604,3.4227225000000003
2026-08-17 11:30:00,3.903,3.4526250000000003
2026-08-17 11:45:00,4.543,3.4825275
2026-08-17 12:00:00,1.414,3.51243
2026-08-17 12:15:00,2.426,3.28446
2026-08-17 12:30:00,1.903,3.05649
2026-08-17 12:45:00,1.724,2.82852
2026-08-17 13:00:00,1.925,2.60055
2026-08-17 13:15:00,1.496,3.03093
2026-08-17 13:30:00,4.729,3.46131
2026-08-17 13:45:00,2.376,3.89169
2026-08-17 14:00:00,5.362,4.32207
2026-08-17 14:15:00,6.444,4.1297175
2026-08-17 14:30:00,5.954,3.937365
2026-08-17 14:45:00,8.387,3.7450124999999996
2026-08-17 15:00:00,5.009,3.5526599999999995
2026-08-17 15:15:00,7.184,3.2651999999999997
2026-08-17 15:30:00,3.117,2.97774
2026-08-17 15:45:00,2.507,2.69028
2026-08-17 16:00:00,2.621,2.40282
2026-08-17 16:15:00,3.844,2.6488125
2026-08-17 16:30:00,1.866,2.8948050000000003
2026-08-17 16:45:00,1.702,3.1407975000000006
2026-08-17 17:00:00,1.775,3.3867900000000004
2026-08-17 17:15:00,1.879,3.2831100000000006
2026-08-17 17:30:00,1.209,3.1794300000000004
2026-08-17 17:45:00,1.276,3.07575
2026-08-17 18:00:00,1.374,2.9720700000000004
2026-08-17 18:15:00,1.33,2.7619875000000005
2026-08-17 18:30:00,0.921,2.5519050000000005
2026-08-17 18:45:00,0.855,2.3418225
2026-08-17 19:00:00,0.999,2.13174
2026-08-17 19:15:00,0.504,1.84023
2026-08-17 19:30:00,0.286,1.54872
2026-08-17 19:45:00,0.218,1.2572100000000002
2026-08-17 20:00:00,0.147,0.9657
2026-08-17 20:15:00,0.044,0.7487999999999999
2026-08-17 20:30:00,0.002,0.5318999999999999
2026-08-17 20:45:00,0.0,0.31499999999999995
2026-08-17 21:00:00,0.0,0.0980999999999999
2026-08-17 21:15:00,0.0,0.07357499999999992
2026-08-17 21:30:00,0.0,0.04904999999999995
2026-08-17 21:45:00,0.0,0.024524999999999977
2026-08-17 22:00:00,0.0,0.0
2026-08-17 22:15:00,0.0,0.0
2026-08-17 22:30:00,0.0,0.0
2026-08-17 22:45:00,0.0,0.0
2026-08-17 23:00:00,0.0,0.0
2026-08-17 23:15:00,0.0,0.0
2026-08-17 23:30:00,0.0,0.0
2026-08-17 23:45:00,0.0,0.0
2026-08-18 00:00:00,0.0,0.0
2026-08-18 00:15:00,0.0,0.0
2026-08-18 00:30:00,0.0,0.0
2026-08-18 00:45:00,0.0,0.0
2026-08-18 01:00:00,0.0,0.0
2026-08-18 01:15:00,0.0,0.0
2026-08-18 01:30:00,0.0,0.0
2026-08-18 01:45:00,0.0,0.0
2026-08-18 02:00:00,0.0,0.0
2026-08-18 02:15:00,0.0,0.0
2026-08-18 02:30:00,0.0,0.0
2026-08-18 02:45:00,0.0,0.0
2026-08-18 03:00:00,0.0,0.0
2026-08-18 03:15:00,0.0,0.0
2026-08-18 03:30:00,0.0,0.0
2026-08-18 03:45:00,0.0,0.0
2026-08-18 04:00:00,0.0,0.0
2026-08-18 04:15:00,0.0,0.0
2026-08-18 04:30:00,0.0,0.0
2026-08-18 04:45:00,0.0,0.0
2026-08-18 05:00:00,0.0,0.0
2026-08-18 05:15:00,0.0,0.0
2026-08-18 05:30:00,0.0,0.0
2026-08-18 05:45:00,0.0,0.0
2026-08-18 06:00:00,0.0,0.0
2026-08-18 06:15:00,0.014,0.006435
2026-08-18 06:30:00,0.037,0.01287
2026-08-18 06:45:00,0.074,0.019305
2026-08-18 07:00:00,0.091,0.02574
2026-08-18 07:15:00,0.03,0.05197499999999999
2026-08-18 07:30:00,0.027,0.07821
2026-08-18 07:45:00,0.066,0.104445
2026-08-18 08:00:00,0.173,0.13068
2026-08-18 08:15:00,0.294,0.1789425
2026-08-18 08:30:00,0.244,0.227205
2026-08-18 08:45:00,0.36,0.2754675
2026-08-18 09:00:00,0.649,0.32373
2026-08-18 09:15:00,0.579,0.3323925
2026-08-18 09:30:00,0.539,0.341055
2026-08-18 09:45:00,0.884,0.3497175
2026-08-18 10:00:00,1.107,0.35838
2026-08-18 10:15:00,0.781,0.516195
2026-08-18 10:30:00,0.869,0.67401
2026-08-18 10:45:00,1.856,0.8318249999999999
2026-08-18 11:00:00,1.56,0.98964
2026-08-18 11:15:00,1.525,1.020105
2026-08-18 11:30:00,1.467,1.05057
2026-08-18 11:45:00,0.617,1.081035
2026-08-18 12:00:00,0.368,1.1115
2026-08-18 12:15:00,0.726,1.1378925
2026-08-18 12:30:00,0.757,1.164285
2026-08-18 12:45:00,0.93,1.1906775
2026-08-18 13:00:00,2.48,1.21707
2026-08-18 13:15:00,2.664,1.28034
2026-08-18 13:30:00,2.958,1.34361
2026-08-18 13:45:00,2.241,1.4068800000000001
2026-08-18 14:00:00,3.655,1.47015
2026-08-18 14:15:00,3.527,1.7144325
2026-08-18 14:30:00,2.742,1.9587150000000002
2026-08-18 14:45:00,2.88,2.2029975000000004
2026-08-18 15:00:00,5.436,2.44728
2026-08-18 15:15:00,3.43,2.3408775000000004
2026-08-18 15:30:00,1.237,2.234475
2026-08-18 15:45:00,0.798,2.1280725
2026-08-18 16:00:00,1.195,2.0216700000000003
2026-08-18 16:15:00,1.923,1.9296000000000002
2026-08-18 16:30:00,0.748,1.83753
2026-08-18 16:45:00,1.0,1.74546
2026-08-18 17:00:00,0.916,1.65339
2026-08-18 17:15:00,0.724,1.502595
2026-08-18 17:30:00,0.502,1.3518
2026-08-18 17:45:00,0.452,1.201005
2026-08-18 18:00:00,0.181,1.05021
2026-08-18 18:15:00,0.15,0.8881425000000001
2026-08-18 18:30:00,0.122,0.726075
2026-08-18 18:45:00,0.078,0.5640075000000001
2026-08-18 19:00:00,0.09,0.4019400000000001
2026-08-18 19:15:00,0.057,0.34303500000000003
2026-08-18 19:30:00,0.046,0.28413000000000005
2026-08-18 19:45:00,0.055,0.225225
2026-08-18 20:00:00,0.03,0.16632
2026-08-18 20:15:00,0.01,0.129195
2026-08-18 20:30:00,0.0,0.09207
2026-08-18 20:45:00,0.0,0.054944999999999994
2026-08-18 21:00:00,0.0,0.01782
2026-08-18 21:15:00,0.0,0.013364999999999998
2026-08-18 21:30:00,0.0,0.00891
2026-08-18 21:45:00,0.0,0.004455000000000001
2026-08-18 22:00:00,0.0,0.0
2026-08-18 22:15:00,0.0,0.0
2026-08-18 22:30:00,0.0,0.0
2026-08-18 22:45:00,0.0,0.0
2026-08-18 23:00:00,0.0,0.0
2026-08-18 23:15:00,0.0,0.0
2026-08-18 23:30:00,0.0,0.0
2026-08-18 23:45:00,0.0,0.0
2026-08-19 00:00:00,0.0,0.0
2026-08-19 00:15:00,0.0,0.0
2026-08-19 00:30:00,0.0,0.0
2026-08-19 00:45:00,0.0,0.0
2026-08-19 01:00:00,0.0,0.0
2026-08-19 01:15:00,0.0,0.0
2026-08-19 01:30:00,0.0,0.0
2026-08-19 01:45:00,0.0,0.0
2026-08-19 02:00:00,0.0,0.0
2026-08-19 02:15:00,0.0,0.0
2026-08-19 02:30:00,0.0,0.0
2026-08-19 02:45:00,0.0,0.0
2026-08-19 03:00:00,0.0,0.0
2026-08-19 03:15:00,0.0,0.0
2026-08-19 03:30:00,0.0,0.0
2026-08-19 03:45:00,0.0,0.0
2026-08-19 04:00:00,0.0,0.0
2026-08-19 04:15:00,0.0,0.0
2026-08-19 04:30:00,0.0,0.0
2026-08-19 04:45:00,0.0,0.0
2026-08-19 05:00:00,0.0,0.0
2026-08-19 05:15:00,0.0,0.0
2026-08-19 05:30:00,0.0,0.0
2026-08-19 05:45:00,0.0,0.0
2026-08-19 06:00:00,0.0,0.0
2026-08-19 06:15:00,0.004,0.017572499999999974
2026-08-19 06:30:00,0.042,0.03514499999999995
2026-08-19 06:45:00,0.08,0.05271749999999992
2026-08-19 07:00:00,0.097,0.0702899999999999
2026-08-19 07:15:00,0.154,0.24097499999999994
2026-08-19 07:30:00,0.301,0.41166
2026-08-19 07:45:00,0.721,0.582345
2026-08-19 08:00:00,1.018,0.7530300000000001
2026-08-19 08:15:00,1.086,0.989415
2026-08-19 08:30:00,1.232,1.2258
2026-08-19 08:45:00,0.783,1.4621849999999998
2026-08-19 09:00:00,2.124,1.69857
2026-08-19 09:15:00,2.975,1.885635
2026-08-19 09:30:00,3.201,2.0727
2026-08-19 09:45:00,3.292,2.2597650000000002
2026-08-19 10:00:00,3.334,2.4468300000000003
2026-08-19 10:15:00,3.528,2.95317
2026-08-19 10:30:00,5.033,3.45951
2026-08-19 10:45:00,5.736,3.9658499999999997
2026-08-19 11:00:00,5.744,4.472189999999999
2026-08-19 11:15:00,6.669,4.3779825
2026-08-19 11:30:00,3.749,4.283775
2026-08-19 11:45:00,1.055,4.1895675
2026-08-19 12:00:00,0.975,4.09536
2026-08-19 12:15:00,1.422,3.7104525
2026-08-19 12:30:00,1.847,3.325545
2026-08-19 12:45:00,1.241,2.9406375000000002
2026-08-19 13:00:00,2.49,2.55573
2026-08-19 13:15:00,6.315,3.150495
2026-08-19 13:30:00,9.406,3.74526
2026-08-19 13:45:00,6.698,4.340025
2026-08-19 14:00:00,8.856,4.93479
2026-08-19 14:15:00,4.854,4.9089825
2026-08-19 14:30:00,4.67,4.883175
2026-08-19 14:45:00,2.387,4.8573675
2026-08-19 15:00:00,4.863,4.83156
2026-08-19 15:15:00,7.012,5.104957499999999
2026-08-19 15:30:00,7.637,5.378355
2026-08-19 15:45:00,6.763,5.651752500000001
2026-08-19 16:00:00,5.968,5.92515
2026-08-19 16:15:00,5.348,5.89473
2026-08-19 16:30:00,4.792,5.86431
2026-08-19 16:45:00,4.326,5.833889999999999
2026-08-19 17:00:00,4.107,5.803469999999999
2026-08-19 17:15:00,3.583,5.39307
2026-08-19 17:30:00,3.081,4.98267
2026-08-19 17:45:00,3.131,4.57227
2026-08-19 18:00:00,2.512,4.16187
2026-08-19 18:15:00,1.951,3.8277900000000002
2026-08-19 18:30:00,1.598,3.49371
2026-08-19 18:45:00,1.163,3.15963
2026-08-19 19:00:00,0.607,2.82555
2026-08-19 19:15:00,0.23,2.4763275
2026-08-19 19:30:00,0.148,2.127105
2026-08-19 19:45:00,0.107,1.7778825
2026-08-19 20:00:00,0.066,1.42866
2026-08-19 20:15:00,0.028,1.10511
2026-08-19 20:30:00,0.0,0.78156
2026-08-19 20:45:00,0.0,0.45801000000000003
2026-08-19 21:00:00,0.0,0.13446
2026-08-19 21:15:00,0.0,0.10084499999999999
2026-08-19 21:30:00,0.0,0.06723
2026-08-19 21:45:00,0.0,0.033615000000000006
2026-08-19 22:00:00,0.0,0.0
2026-08-19 22:15:00,0.0,0.0
2026-08-19 22:30:00,0.0,0.0
2026-08-19 22:45:00,0.0,0.0
2026-08-19 23:00:00,0.0,0.0
2026-08-19 23:15:00,0.0,0.0
2026-08-19 23:30:00,0.0,0.0
2026-08-19 23:45:00,0.0,0.0
2026-08-20 00:00:00,0.0,0.0
2026-08-20 00:15:00,0.0,0.0
2026-08-20 00:30:00,0.0,0.0
2026-08-20 00:45:00,0.0,0.0
2026-08-20 01:00:00,0.0,0.0
2026-08-20 01:15:00,0.0,0.0
2026-08-20 01:30:00,0.0,0.0
2026-08-20 01:45:00,0.0,0.0
2026-08-20 02:00:00,0.0,0.0
2026-08-20 02:15:00,0.0,0.0
2026-08-20 02:30:00,0.0,0.0
2026-08-20 02:45:00,0.0,0.0
2026-08-20 03:00:00,0.0,0.0
2026-08-20 03:15:00,0.0,0.0
2026-08-20 03:30:00,0.0,0.0
2026-08-20 03:45:00,0.0,0.0
2026-08-20 04:00:00,0.0,0.0
2026-08-20 04:15:00,0.0,0.0
2026-08-20 04:30:00,0.0,0.0
2026-08-20 04:45:00,0.0,0.0
2026-08-20 05:00:00,0.0,0.0
2026-08-20 05:15:00,0.0,0.0
2026-08-20 05:30:00,0.0,0.0
2026-08-20 05:45:00,0.0,0.0
2026-08-20 06:00:00,0.0,0.0
2026-08-20 06:15:00,0.007,0.026887499999999974
2026-08-20 06:30:00,0.059,0.05377499999999995
2026-08-20 06:45:00,0.261,0.08066249999999991
2026-08-20 07:00:00,0.674,0.1075499999999999
2026-08-20 07:15:00,0.968,0.24592499999999995
2026-08-20 07:30:00,0.887,0.3843
2026-08-20 07:45:00,2.087,0.5226750000000001
2026-08-20 08:00:00,1.223,0.6610500000000001
2026-08-20 08:15:00,0.669,0.72774
2026-08-20 08:30:00,0.522,0.7944300000000001
2026-08-20 08:45:00,0.593,0.8611200000000001
2026-08-20 09:00:00,0.69,0.92781
2026-08-20 09:15:00,2.162,0.9922275
2026-08-20 09:30:00,1.278,1.056645
2026-08-20 09:45:00,1.12,1.1210625
2026-08-20 10:00:00,1.719,1.18548
2026-08-20 10:15:00,1.798,1.4923575000000002
2026-08-20 10:30:00,1.243,1.7992350000000001
2026-08-20 10:45:00,0.773,2.1061125
2026-08-20 11:00:00,1.058,2.41299
2026-08-20 11:15:00,1.253,2.4861150000000003
2026-08-20 11:30:00,2.793,2.55924
2026-08-20 11:45:00,3.822,2.632365
2026-08-20 12:00:00,2.532,2.70549
2026-08-20 12:15:00,2.519,2.6716275
2026-08-20 12:30:00,1.358,2.637765
2026-08-20 12:45:00,1.609,2.6039025000000002
2026-08-20 13:00:00,1.57,2.57004
2026-08-20 13:15:00,4.213,3.2472675
2026-08-20 13:30:00,3.492,3.9244950000000003
2026-08-20 13:45:00,7.422,4.6017225
2026-08-20 14:00:00,7.457,5.27895
2026-08-20 14:15:00,6.868,4.901175
2026-08-20 14:30:00,7.88,4.5234000000000005
2026-08-20 14:45:00,3.567,4.145625
2026-08-20 15:00:00,4.039,3.76785
2026-08-20 15:15:00,2.164,4.03614
2026-08-20 15:30:00,2.387,4.30443
2026-08-20 15:45:00,1.942,4.57272
2026-08-20 16:00:00,1.411,4.84101
2026-08-20 16:15:00,3.211,4.946737499999999
2026-08-20 16:30:00,2.182,5.052465
2026-08-20 16:45:00,2.282,5.158192499999999
2026-08-20 17:00:00,0.845,5.263919999999999
2026-08-20 17:15:00,1.31,4.760527499999999
2026-08-20 17:30:00,1.358,4.257135
2026-08-20 17:45:00,1.075,3.7537425
2026-08-20 18:00:00,0.978,3.2503500000000005
2026-08-20 18:15:00,0.903,3.1386375000000006
2026-08-20 18:30:00,0.742,3.0269250000000003
2026-08-20 18:45:00,0.665,2.9152125
2026-08-20 19:00:00,0.584,2.8035
2026-08-20 19:15:00,0.661,2.3613975000000003
2026-08-20 19:30:00,0.583,1.919295
2026-08-20 19:45:00,0.361,1.4771925000000001
2026-08-20 20:00:00,0.206,1.03509
2026-08-20 20:15:00,0.061,0.78498
2026-08-20 20:30:00,0.014,0.5348700000000001
2026-08-20 20:45:00,0.0,0.2847600000000001
2026-08-20 21:00:00,0.0,0.03465
2026-08-20 21:15:00,0.0,0.0259875
2026-08-20 21:30:00,0.0,0.017325
2026-08-20 21:45:00,0.0,0.0086625
2026-08-20 22:00:00,0.0,0.0
2026-08-20 22:15:00,0.0,0.0
2026-08-20 22:30:00,0.0,0.0
2026-08-20 22:45:00,0.0,0.0
2026-08-20 23:00:00,0.0,0.0
2026-08-20 23:15:00,0.0,0.0
2026-08-20 23:30:00,0.0,0.0
2026-08-20 23:45:00,0.0,0.0
2026-08-21 00:00:00,0.0,0.0
2026-08-21 00:15:00,0.0,0.0
2026-08-21 00:30:00,0.0,0.0
2026-08-21 00:45:00,0.0,0.0
2026-08-21 01:00:00,0.0,0.0
2026-08-21 01:15:00,0.0,0.0
2026-08-21 01:30:00,0.0,0.0
2026-08-21 01:45:00,0.0,0.0
2026-08-21 02:00:00,0.0,0.0
2026-08-21 02:15:00,0.0,0.0
2026-08-21 02:30:00,0.0,0.0
2026-08-21 02:45:00,0.0,0.0
2026-08-21 03:00:00,0.0,0.0
2026-08-21 03:15:00,0.0,0.0
2026-08-21 03:30:00,0.0,0.0
2026-08-21 03:45:00,0.0,0.0
2026-08-21 04:00:00,0.0,0.0
2026-08-21 04:15:00,0.0,0.0
2026-08-21 04:30:00,0.0,0.0
2026-08-21 04:45:00,0.0,0.0
2026-08-21 05:00:00,0.0,0.0
2026-08-21 05:15:00,0.0,0.0
2026-08-21 05:30:00,0.0,0.0
2026-08-21 05:45:00,0.0,0.0
2026-08-21 06:00:00,0.0,0.0
2026-08-21 06:15:00,0.04,0.0195525
2026-08-21 06:30:00,0.104,0.039105
2026-08-21 06:45:00,0.196,0.0586575
2026-08-21 07:00:00,0.351,0.07821
2026-08-21 07:15:00,0.871,0.25706249999999997
2026-08-21 07:30:00,1.162,0.435915
2026-08-21 07:45:00,0.634,0.6147675
2026-08-21 08:00:00,0.936,0.79362
2026-08-21 08:15:00,1.584,0.918315
2026-08-21 08:30:00,1.75,1.0430100000000002
2026-08-21 08:45:00,1.39,1.1677050000000002
2026-08-21 09:00:00,0.926,1.2924000000000002
2026-08-21 09:15:00,0.601,1.3261275000000001
2026-08-21 09:30:00,0.708,1.359855
2026-08-21 09:45:00,0.932,1.3935825000000002
2026-08-21 10:00:00,1.042,1.42731
2026-08-21 10:15:00,1.127,1.5031125000000003
2026-08-21 10:30:00,1.093,1.5789150000000003
2026-08-21 10:45:00,1.261,1.6547175000000003
2026-08-21 11:00:00,1.399,1.7305200000000005
2026-08-21 11:15:00,1.525,1.7721000000000005
2026-08-21 11:30:00,1.595,1.8136800000000002
2026-08-21 11:45:00,1.483,1.8552600000000001
2026-08-21 12:00:00,1.725,1.89684
2026-08-21 12:15:00,1.921,1.8124875
2026-08-21 12:30:00,2.717,1.728135
2026-08-21 12:45:00,2.546,1.6437825000000001
2026-08-21 13:00:00,1.722,1.55943
2026-08-21 13:15:00,1.368,1.50444
2026-08-21 13:30:00,1.226,1.4494500000000001
2026-08-21 13:45:00,1.125,1.39446
2026-08-21 14:00:00,0.925,1.33947
2026-08-21 14:15:00,0.613,1.2521475
2026-08-21 14:30:00,0.195,1.164825
2026-08-21 14:45:00,0.649,1.0775025
2026-08-21 15:00:00,0.805,0.99018
2026-08-21 15:15:00,0.607,0.9720675
2026-08-21 15:30:00,0.524,0.953955
2026-08-21 15:45:00,0.465,0.9358425
2026-08-21 16:00:00,0.383,0.91773
2026-08-21 16:15:00,0.365,0.8783775
2026-08-21 16:30:00,0.373,0.8390249999999999
2026-08-21 16:45:00,0.403,0.7996724999999999
2026-08-21 17:00:00,0.514,0.7603199999999999
2026-08-21 17:15:00,0.455,0.7585424999999999
2026-08-21 17:30:00,0.472,0.7567649999999999
2026-08-21 17:45:00,0.392,0.7549875
2026-08-21 18:00:00,0.451,0.75321
2026-08-21 18:15:00,0.428,0.7396425
2026-08-21 18:30:00,0.481,0.726075
2026-08-21 18:45:00,0.904,0.7125075
2026-08-21 19:00:00,0.717,0.6989399999999999
2026-08-21 19:15:00,0.285,0.6208874999999999
2026-08-21 19:30:00,0.07,0.542835
2026-08-21 19:45:00,0.015,0.4647825
2026-08-21 20:00:00,0.009,0.38673
2026-08-21 20:15:00,0.0,0.2945025
2026-08-21 20:30:00,0.0,0.202275
2026-08-21 20:45:00,0.0,0.11004750000000002
2026-08-21 21:00:00,0.0,0.01782
2026-08-21 21:15:00,0.0,0.013364999999999998
2026-08-21 21:30:00,0.0,0.00891
2026-08-21 21:45:00,0.0,0.004455000000000001
2026-08-21 22:00:00,0.0,0.0
2026-08-21 22:15:00,0.0,0.0
2026-08-21 22:30:00,0.0,0.0
2026-08-21 22:45:00,0.0,0.0
2026-08-21 23:00:00,0.0,0.0
2026-08-21 23:15:00,0.0,0.0
2026-08-21 23:30:00,0.0,0.0
2026-08-21 23:45:00,0.0,0.0
2026-08-22 00:00:00,0.0,0.0
2026-08-22 00:15:00,0.0,0.0
2026-08-22 00:30:00,0.0,0.0
2026-08-22 00:45:00,0.0,0.0
2026-08-22 01:00:00,0.0,0.0
2026-08-22 01:15:00,0.0,0.0
2026-08-22 01:30:00,0.0,0.0
2026-08-22 01:45:00,0.0,0.0
2026-08-22 02:00:00,0.0,0.0
2026-08-22 02:15:00,0.0,0.0
2026-08-22 02:30:00,0.0,0.0
2026-08-22 02:45:00,0.0,0.0
2026-08-22 03:00:00,0.0,0.0
2026-08-22 03:15:00,0.0,0.0
2026-08-22 03:30:00,0.0,0.0
2026-08-22 03:45:00,0.0,0.0
2026-08-22 04:00:00,0.0,0.0
2026-08-22 04:15:00,0.0,0.0
2026-08-22 04:30:00,0.0,0.0
2026-08-22 04:45:00,0.0,0.0
2026-08-22 05:00:00,0.0,0.0
2026-08-22 05:15:00,0.0,0.0
2026-08-22 05:30:00,0.0,0.0
2026-08-22 05:45:00,0.0,0.0
2026-08-22 06:00:00,0.0,0.0
2026-08-22 06:15:00,0.0,0.013117499999999975
2026-08-22 06:30:00,0.03,0.02623499999999995
2026-08-22 06:45:00,0.035,0.03935249999999992
2026-08-22 07:00:00,0.06,0.0524699999999999
2026-08-22 07:15:00,0.227,0.15014249999999993
2026-08-22 07:30:00,0.347,0.24781499999999995
2026-08-22 07:45:00,0.792,0.34548749999999995
2026-08-22 08:00:00,0.891,0.44316
2026-08-22 08:15:00,0.797,0.6452100000000001
2026-08-22 08:30:00,0.896,0.84726
2026-08-22 08:45:00,0.871,1.04931
2026-08-22 09:00:00,1.132,1.25136
2026-08-22 09:15:00,1.788,1.3075875
2026-08-22 09:30:00,1.951,1.363815
2026-08-22 09:45:00,2.386,1.4200425
2026-08-22 10:00:00,1.777,1.47627
2026-08-22 10:15:00,3.298,1.4290875
2026-08-22 10:30:00,3.059,1.381905
2026-08-22 10:45:00,2.911,1.3347224999999998
2026-08-22 11:00:00,1.088,1.28754
2026-08-22 11:15:00,0.239,1.2993975
2026-08-22 11:30:00,1.649,1.311255
2026-08-22 11:45:00,3.96,1.3231125
2026-08-22 12:00:00,5.199,1.33497
2026-08-22 12:15:00,4.873,1.887525
2026-08-22 12:30:00,5.903,2.44008
2026-08-22 12:45:00,3.969,2.992635
2026-08-22 13:00:00,2.641,3.54519
2026-08-22 13:15:00,0.542,3.9852675
2026-08-22 13:30:00,1.338,4.425345
2026-08-22 13:45:00,4.476,4.8654225
2026-08-22 14:00:00,8.89,5.3055
2026-08-22 14:15:00,6.825,5.285317500000001
2026-08-22 14:30:00,4.153,5.265135000000001
2026-08-22 14:45:00,2.693,5.2449525
2026-08-22 15:00:00,1.908,5.22477
2026-08-22 15:15:00,1.86,5.1736275
2026-08-22 15:30:00,3.976,5.122485
2026-08-22 15:45:00,4.463,5.0713425
2026-08-22 16:00:00,2.605,5.0202
2026-08-22 16:15:00,4.752,4.823595
2026-08-22 16:30:00,3.767,4.62699
2026-08-22 16:45:00,3.471,4.430385
2026-08-22 17:00:00,1.474,4.23378
2026-08-22 17:15:00,1.149,3.8197350000000005
2026-08-22 17:30:00,0.849,3.4056900000000003
2026-08-22 17:45:00,0.396,2.991645
2026-08-22 18:00:00,0.577,2.5776000000000003
2026-08-22 18:15:00,0.871,2.0717550000000005
2026-08-22 18:30:00,1.097,1.5659100000000001
2026-08-22 18:45:00,0.771,1.060065
2026-08-22 19:00:00,0.697,0.5542199999999999
2026-08-22 19:15:00,0.363,0.619515
2026-08-22 19:30:00,0.194,0.68481
2026-08-22 19:45:00,0.121,0.750105
2026-08-22 20:00:00,0.065,0.8154000000000001
2026-08-22 20:15:00,0.024,0.6326100000000001
2026-08-22 20:30:00,0.0,0.44982000000000005
2026-08-22 20:45:00,0.0,0.26703
2026-08-22 21:00:00,0.0,0.08424
2026-08-22 21:15:00,0.0,0.06318
2026-08-22 21:30:00,0.0,0.04212
2026-08-22 21:45:00,0.0,0.021059999999999995
2026-08-22 22:00:00,0.0,0.0
2026-08-22 22:15:00,0.0,0.0
2026-08-22 22:30:00,0.0,0.0
2026-08-22 22:45:00,0.0,0.0
2026-08-22 23:00:00,0.0,0.0
2026-08-22 23:15:00,0.0,0.0
2026-08-22 23:30:00,0.0,0.0
2026-08-22 23:45:00,0.0,0.0
2026-08-23 00:00:00,0.0,0.0
2026-08-23 00:15:00,0.0,0.0
2026-08-23 00:30:00,0.0,0.0
2026-08-23 00:45:00,0.0,0.0
2026-08-23 01:00:00,0.0,0.0
2026-08-23 01:15:00,0.0,0.0
2026-08-23 01:30:00,0.0,0.0
2026-08-23 01:45:00,0.0,0.0
2026-08-23 02:00:00,0.0,0.0
2026-08-23 02:15:00,0.0,0.0
2026-08-23 02:30:00,0.0,0.0
2026-08-23 02:45:00,0.0,0.0
2026-08-23 03:00:00,0.0,0.0
2026-08-23 03:15:00,0.0,0.0
2026-08-23 03:30:00,0.0,0.0
2026-08-23 03:45:00,0.0,0.0
2026-08-23 04:00:00,0.0,0.0
2026-08-23 04:15:00,0.0,0.0
2026-08-23 04:30:00,0.0,0.0
2026-08-23 04:45:00,0.0,0.0
2026-08-23 05:00:00,0.0,0.0
2026-08-23 05:15:00,0.0,0.0
2026-08-23 05:30:00,0.0,0.0
2026-08-23 05:45:00,0.0,0.0
2026-08-23 06:00:00,0.0,0.0
2026-08-23 06:15:00,0.014,0.033659999999999975
2026-08-23 06:30:00,0.058,0.06731999999999995
2026-08-23 06:45:00,0.299,0.10097999999999993
2026-08-23 07:00:00,0.709,0.1346399999999999
2026-08-23 07:15:00,1.217,0.4387049999999999
2026-08-23 07:30:00,1.606,0.7427699999999999
2026-08-23 07:45:00,1.926,1.046835
2026-08-23 08:00:00,2.276,1.3509
2026-08-23 08:15:00,2.617,1.6956
2026-08-23 08:30:00,2.869,2.0403
2026-08-23 08:45:00,3.126,2.385
2026-08-23 09:00:00,3.334,2.7297
2026-08-23 09:15:00,3.542,3.0437775
2026-08-23 09:30:00,3.581,3.357855
2026-08-23 09:45:00,3.665,3.6719324999999996
2026-08-23 10:00:00,4.521,3.98601
2026-08-23 10:15:00,4.93,4.4063099999999995
2026-08-23 10:30:00,5.62,4.82661
2026-08-23 10:45:00,6.202,5.24691
2026-08-23 11:00:00,6.798,5.66721
2026-08-23 11:15:00,7.572,6.048112499999999
2026-08-23 11:30:00,4.76,6.429015
2026-08-23 11:45:00,4.267,6.809917499999999
2026-08-23 12:00:00,8.868,7.190819999999999
2026-08-23 12:15:00,8.369,7.3978874999999995
2026-08-23 12:30:00,7.367,7.6049549999999995
2026-08-23 12:45:00,9.218,7.812022499999999
2026-08-23 13:00:00,7.442,8.01909
2026-08-23 13:15:00,7.332,7.83765
2026-08-23 13:30:00,9.823,7.656210000000001
2026-08-23 13:45:00,8.048,7.474770000000001
2026-08-23 14:00:00,8.899,7.293330000000001
2026-08-23 14:15:00,9.642,7.451482500000001
2026-08-23 14:30:00,9.564,7.609635000000001
2026-08-23 14:45:00,8.73,7.7677875
2026-08-23 15:00:00,8.619,7.92594
2026-08-23 15:15:00,4.917,7.6075425
2026-08-23 15:30:00,5.243,7.2891449999999995
2026-08-23 15:45:00,6.869,6.9707475
2026-08-23 16:00:00,5.733,6.65235
2026-08-23 16:15:00,5.485,6.2808075
2026-08-23 16:30:00,4.788,5.909265
2026-08-23 16:45:00,4.898,5.537722500000001
2026-08-23 17:00:00,3.598,5.166180000000001
2026-08-23 17:15:00,3.001,4.9200075000000005
2026-08-23 17:30:00,3.031,4.673835
2026-08-23 17:45:00,3.277,4.4276625
2026-08-23 18:00:00,2.401,4.18149
2026-08-23 18:15:00,1.993,3.8551275
2026-08-23 18:30:00,1.593,3.528765
2026-08-23 18:45:00,1.008,3.2024025000000003
2026-08-23 19:00:00,0.581,2.87604
2026-08-23 19:15:00,0.249,2.4056775000000004
2026-08-23 19:30:00,0.158,1.9353150000000001
2026-08-23 19:45:00,0.108,1.4649525
2026-08-23 20:00:00,0.051,0.99459
2026-08-23 20:15:00,0.005,0.765585
2026-08-23 20:30:00,0.0,0.5365800000000001
2026-08-23 20:45:00,0.0,0.30757500000000004
2026-08-23 21:00:00,0.0,0.07857
2026-08-23 21:15:00,0.0,0.0589275
2026-08-23 21:30:00,0.0,0.039285
2026-08-23 21:45:00,0.0,0.0196425
2026-08-23 22:00:00,0.0,0.0
2026-08-23 22:15:00,0.0,0.0
2026-08-23 22:30:00,0.0,0.0
2026-08-23 22:45:00,0.0,0.0
2026-08-23 23:00:00,0.0,0.0
2026-08-23 23:15:00,0.0,0.0
2026-08-23 23:30:00,0.0,0.0
2026-08-23 23:45:00,0.0,0.0
2026-08-24 00:00:00,0.0,0.0
2026-08-24 00:15:00,0.0,0.0
2026-08-24 00:30:00,0.0,0.0
2026-08-24 00:45:00,0.0,0.0
2026-08-24 01:00:00,0.0,0.0
2026-08-24 01:15:00,0.0,0.0
2026-08-24 01:30:00,0.0,0.0
2026-08-24 01:45:00,0.0,0.0
2026-08-24 02:00:00,0.0,0.0
2026-08-24 02:15:00,0.0,0.0
2026-08-24 02:30:00,0.0,0.0
2026-08-24 02:45:00,0.0,0.0
2026-08-24 03:00:00,0.0,0.0
2026-08-24 03:15:00,0.0,0.0
2026-08-24 03:30:00,0.0,0.0
2026-08-24 03:45:00,0.0,0.0
2026-08-24 04:00:00,0.0,0.0
2026-08-24 04:15:00,0.0,0.0
2026-08-24 04:30:00,0.0,0.0
2026-08-24 04:45:00,0.0,0.0
2026-08-24 05:00:00,0.0,0.0
2026-08-24 05:15:00,0.0,0.0
2026-08-24 05:30:00,0.0,0.0
2026-08-24 05:45:00,0.0,0.0
2026-08-24 06:00:00,0.0,0.0
2026-08-24 06:15:00,0.027,0.017572499999999974
2026-08-24 06:30:00,0.086,0.03514499999999995
2026-08-24 06:45:00,0.297,0.05271749999999992
2026-08-24 07:00:00,0.575,0.0702899999999999
2026-08-24 07:15:00,0.646,0.22477499999999995
2026-08-24 07:30:00,0.982,0.37926000000000004
2026-08-24 07:45:00,1.826,0.533745
2026-08-24 08:00:00,2.372,0.6882300000000001
2026-08-24 08:15:00,2.585,1.1735775000000002
2026-08-24 08:30:00,2.777,1.658925
2026-08-24 08:45:00,3.155,2.1442725
2026-08-24 09:00:00,3.448,2.62962
2026-08-24 09:15:00,3.721,2.9441925
2026-08-24 09:30:00,3.773,3.2587650000000004
2026-08-24 09:45:00,4.151,3.5733375
2026-08-24 10:00:00,4.706,3.88791
2026-08-24 10:15:00,4.88,4.23081
2026-08-24 10:30:00,5.41,4.57371
2026-08-24 10:45:00,6.181,4.91661
2026-08-24 11:00:00,6.184,5.25951
2026-08-24 11:15:00,7.505,5.6015999999999995
2026-08-24 11:30:00,5.732,5.94369
2026-08-24 11:45:00,6.751,6.28578
2026-08-24 12:00:00,5.852,6.62787
2026-08-24 12:15:00,5.803,6.778124999999999
2026-08-24 12:30:00,7.704,6.92838
2026-08-24 12:45:00,6.914,7.078635
2026-08-24 13:00:00,7.367,7.22889
2026-08-24 13:15:00,6.418,7.06176
2026-08-24 13:30:00,7.088,6.89463
2026-08-24 13:45:00,6.691,6.727500000000001
2026-08-24 14:00:00,5.461,6.560370000000001
2026-08-24 14:15:00,6.631,6.4743525
2026-08-24 14:30:00,4.991,6.3883350000000005
2026-08-24 14:45:00,4.179,6.302317500000001
2026-08-24 15:00:00,4.183,6.2163
2026-08-24 15:15:00,3.894,5.7084975
2026-08-24 15:30:00,3.821,5.200695
2026-08-24 15:45:00,4.295,4.6928925
2026-08-24 16:00:00,3.264,4.18509
2026-08-24 16:15:00,2.397,3.9240225
2026-08-24 16:30:00,1.964,3.662955
2026-08-24 16:45:00,2.465,3.4018875
2026-08-24 17:00:00,2.416,3.14082
2026-08-24 17:15:00,1.616,2.817405
2026-08-24 17:30:00,0.844,2.49399
2026-08-24 17:45:00,0.824,2.170575
2026-08-24 18:00:00,0.561,1.84716
2026-08-24 18:15:00,0.27,1.6254
2026-08-24 18:30:00,0.111,1.40364
2026-08-24 18:45:00,0.061,1.18188
2026-08-24 19:00:00,0.073,0.96012
2026-08-24 19:15:00,0.103,0.8395875
2026-08-24 19:30:00,0.052,0.719055
2026-08-24 19:45:00,0.019,0.5985225000000001
2026-08-24 20:00:00,0.0,0.4779900000000001
2026-08-24 20:15:00,0.0,0.36072000000000004
2026-08-24 20:30:00,0.0,0.24345000000000003
2026-08-24 20:45:00,0.0,0.12618000000000001
2026-08-24 21:00:00,0.0,0.00891
2026-08-24 21:15:00,0.0,0.006682499999999999
2026-08-24 21:30:00,0.0,0.004455
2026-08-24 21:45:00,0.0,0.0022275000000000003
2026-08-24 22:00:00,0.0,0.0
2026-08-24 22:15:00,0.0,0.0
2026-08-24 22:30:00,0.0,0.0
2026-08-24 22:45:00,0.0,0.0
2026-08-24 23:00:00,0.0,0.0
2026-08-24 23:15:00,0.0,0.0
2026-08-24 23:30:00,0.0,0.0
2026-08-24 23:45:00,0.0,0.0
2026-08-25 00:00:00,0.0,0.0
2026-08-25 00:15:00,0.0,0.0
2026-08-25 00:30:00,0.0,0.0
2026-08-25 00:45:00,0.0,0.0
2026-08-25 01:00:00,0.0,0.0
2026-08-25 01:15:00,0.0,0.0
2026-08-25 01:30:00,0.0,0.0
2026-08-25 01:45:00,0.0,0.0
2026-08-25 02:00:00,0.0,0.0
2026-08-25 02:15:00,0.0,0.0
2026-08-25 02:30:00,0.0,0.0
2026-08-25 02:45:00,0.0,0.0
2026-08-25 03:00:00,0.0,0.0
2026-08-25 03:15:00,0.0,0.0
2026-08-25 03:30:00,0.0,0.0
2026-08-25 03:45:00,0.0,0.0
2026-08-25 04:00:00,0.0,0.0
2026-08-25 04:15:00,0.0,0.0
2026-08-25 04:30:00,0.0,0.0
2026-08-25 04:45:00,0.0,0.0
2026-08-25 05:00:00,0.0,0.0
2026-08-25 05:15:00,0.0,0.0
2026-08-25 05:30:00,0.0,0.0
2026-08-25 05:45:00,0.0,0.0
2026-08-25 06:00:00,0.0,0.0
2026-08-25 06:15:00,0.003,0.006435
2026-08-25 06:30:00,0.029,0.01287
2026-08-25 06:45:00,0.054,0.019305
2026-08-25 07:00:00,0.091,0.02574
2026-08-25 07:15:00,0.087,0.0893475
2026-08-25 07:30:00,0.09,0.152955
2026-08-25 07:45:00,0.117,0.2165625
2026-08-25 08:00:00,0.217,0.28017
2026-08-25 08:15:00,0.409,0.34004249999999997
2026-08-25 08:30:00,0.676,0.399915
2026-08-25 08:45:00,1.04,0.4597875
2026-08-25 09:00:00,1.489,0.51966
2026-08-25 09:15:00,1.164,0.662985
2026-08-25 09:30:00,1.373,0.8063100000000001
2026-08-25 09:45:00,1.554,0.9496350000000001
2026-08-25 10:00:00,1.253,1.0929600000000002
2026-08-25 10:15:00,1.491,1.0896075
2026-08-25 10:30:00,1.969,1.086255
2026-08-25 10:45:00,1.798,1.0829025
2026-08-25 11:00:00,2.802,1.07955
2026-08-25 11:15:00,2.021,1.15668
2026-08-25 11:30:00,1.586,1.23381
2026-08-25 11:45:00,2.947,1.31094
2026-08-25 12:00:00,2.612,1.38807
2026-08-25 12:15:00,2.177,1.5083325
2026-08-25 12:30:00,1.898,1.6285950000000002
2026-08-25 12:45:00,2.49,1.7488575000000002
2026-08-25 13:00:00,2.029,1.8691200000000003
2026-08-25 13:15:00,0.76,1.7395650000000002
2026-08-25 13:30:00,0.989,1.6100100000000002
2026-08-25 13:45:00,1.462,1.480455
2026-08-25 14:00:00,2.239,1.3509
2026-08-25 14:15:00,2.948,1.6209675000000001
2026-08-25 14:30:00,3.34,1.891035
2026-08-25 14:45:00,4.474,2.1611025
2026-08-25 15:00:00,3.315,2.4311700000000003
2026-08-25 15:15:00,1.888,2.2914675000000004
2026-08-25 15:30:00,1.515,2.151765
2026-08-25 15:45:00,1.096,2.0120625
2026-08-25 16:00:00,1.131,1.87236
2026-08-25 16:15:00,1.665,1.8706500000000001
2026-08-25 16:30:00,2.916,1.8689400000000003
2026-08-25 16:45:00,2.407,1.8672300000000002
2026-08-25 17:00:00,2.265,1.8655200000000003
2026-08-25 17:15:00,2.6,2.1125925000000003
2026-08-25 17:30:00,1.406,2.359665
2026-08-25 17:45:00,1.111,2.6067375000000004
2026-08-25 18:00:00,1.167,2.85381
2026-08-25 18:15:00,0.793,2.4150150000000004
2026-08-25 18:30:00,0.466,1.97622
2026-08-25 18:45:00,0.516,1.537425
2026-08-25 19:00:00,0.718,1.09863
2026-08-25 19:15:00,0.313,0.86778
2026-08-25 19:30:00,0.039,0.63693
2026-08-25 19:45:00,0.021,0.40608
2026-08-25 20:00:00,0.0,0.17523
2026-08-25 20:15:00,0.0,0.13365
2026-08-25 20:30:00,0.0,0.09207
2026-08-25 20:45:00,0.0,0.05049000000000001
2026-08-25 21:00:00,0.0,0.00891
2026-08-25 21:15:00,0.0,0.006682499999999999
2026-08-25 21:30:00,0.0,0.004455
2026-08-25 21:45:00,0.0,0.0022275000000000003
2026-08-25 22:00:00,0.0,0.0
2026-08-25 22:15:00,0.0,0.0
2026-08-25 22:30:00,0.0,0.0
2026-08-25 22:45:00,0.0,0.0
2026-08-25 23:00:00,0.0,0.0
2026-08-25 23:15:00,0.0,0.0
2026-08-25 23:30:00,0.0,0.0
2026-08-25 23:45:00,0.0,0.0
2026-08-26 00:00:00,0.0,0.0
2026-08-26 00:15:00,0.0,0.0
2026-08-26 00:30:00,0.0,0.0
2026-08-26 00:45:00,0.0,0.0
2026-08-26 01:00:00,0.0,0.0
2026-08-26 01:15:00,0.0,0.0
2026-08-26 01:30:00,0.0,0.0
2026-08-26 01:45:00,0.0,0.0
2026-08-26 02:00:00,0.0,0.0
2026-08-26 02:15:00,0.0,0.0
2026-08-26 02:30:00,0.0,0.0
2026-08-26 02:45:00,0.0,0.0
2026-08-26 03:00:00,0.0,0.0
2026-08-26 03:15:00,0.0,0.0
2026-08-26 03:30:00,0.0,0.0
2026-08-26 03:45:00,0.0,0.0
2026-08-26 04:00:00,0.0,0.0
2026-08-26 04:15:00,0.0,0.0
2026-08-26 04:30:00,0.0,0.0
2026-08-26 04:45:00,0.0,0.0
2026-08-26 05:00:00,0.0,0.0
2026-08-26 05:15:00,0.0,0.0
2026-08-26 05:30:00,0.0,0.0
2026-08-26 05:45:00,0.0,0.0
2026-08-26 06:00:00,0.0,0.0
2026-08-26 06:15:00,0.006,0.013117499999999975
2026-08-26 06:30:00,0.034,0.02623499999999995
2026-08-26 06:45:00,0.089,0.03935249999999992
2026-08-26 07:00:00,0.503,0.0524699999999999
2026-08-26 07:15:00,0.881,0.22353749999999994
2026-08-26 07:30:00,1.378,0.394605
2026-08-26 07:45:00,2.47,0.5656725
2026-08-26 08:00:00,0.932,0.7367400000000001
2026-08-26 08:15:00,0.688,0.775665
2026-08-26 08:30:00,0.84,0.8145899999999999
2026-08-26 08:45:00,1.05,0.8535149999999999
2026-08-26 09:00:00,1.261,0.8924399999999999
2026-08-26 09:15:00,2.351,1.1155274999999998
2026-08-26 09:30:00,1.798,1.3386149999999999
2026-08-26 09:45:00,3.402,1.5617024999999998
2026-08-26 10:00:00,4.338,1.7847899999999997
2026-08-26 10:15:00,3.167,2.1665025
2026-08-26 10:30:00,4.008,2.548215
2026-08-26 10:45:00,5.626,2.9299275
2026-08-26 11:00:00,6.454,3.31164
2026-08-26 11:15:00,6.788,3.9632400000000003
2026-08-26 11:30:00,7.339,4.61484
2026-08-26 11:45:00,7.563,5.26644
2026-08-26 12:00:00,6.434,5.91804
2026-08-26 12:15:00,7.423,5.77827
2026-08-26 12:30:00,3.515,5.6385000000000005
2026-08-26 12:45:00,2.716,5.49873
2026-08-26 13:00:00,9.489,5.35896
2026-08-26 13:15:00,8.941,5.210325
2026-08-26 13:30:00,7.241,5.0616900000000005
2026-08-26 13:45:00,4.007,4.913055000000001
2026-08-26 14:00:00,9.382,4.764420000000001
2026-08-26 14:15:00,7.093,5.193067500000001
2026-08-26 14:30:00,6.127,5.621715
2026-08-26 14:45:00,6.784,6.0503625
2026-08-26 15:00:00,8.042,6.47901
2026-08-26 15:15:00,7.603,6.353325
2026-08-26 15:30:00,6.697,6.22764
2026-08-26 15:45:00,5.908,6.101955
2026-08-26 16:00:00,4.907,5.97627
2026-08-26 16:15:00,3.093,5.853352500000001
2026-08-26 16:30:00,3.462,5.730435
2026-08-26 16:45:00,3.092,5.6075175
2026-08-26 17:00:00,2.742,5.4846
2026-08-26 17:15:00,2.376,5.127885000000001
2026-08-26 17:30:00,2.284,4.771170000000001
2026-08-26 17:45:00,2.262,4.414455
2026-08-26 18:00:00,2.008,4.057740000000001
2026-08-26 18:15:00,1.698,3.693037500000001
2026-08-26 18:30:00,1.04,3.3283350000000005
2026-08-26 18:45:00,0.614,2.9636325
2026-08-26 19:00:00,0.403,2.59893
2026-08-26 19:15:00,0.304,2.1178125000000003
2026-08-26 19:30:00,0.203,1.636695
2026-08-26 19:45:00,0.097,1.1555775000000001
2026-08-26 20:00:00,0.03,0.6744600000000001
2026-08-26 20:15:00,0.0,0.5058450000000001
2026-08-26 20:30:00,0.0,0.33723000000000003
2026-08-26 20:45:00,0.0,0.16861499999999996
2026-08-26 21:00:00,0.0,0.0
2026-08-26 21:15:00,0.0,0.0
2026-08-26 21:30:00,0.0,0.0
2026-08-26 21:45:00,0.0,0.0
2026-08-26 22:00:00,0.0,0.0
2026-08-26 22:15:00,0.0,0.0
2026-08-26 22:30:00,0.0,0.0
2026-08-26 22:45:00,0.0,0.0
2026-08-26 23:00:00,0.0,0.0
2026-08-26 23:15:00,0.0,0.0
2026-08-26 23:30:00,0.0,0.0
2026-08-26 23:45:00,0.0,0.0
2026-08-27 00:00:00,0.0,0.0
2026-08-27 00:15:00,0.0,0.0
2026-08-27 00:30:00,0.0,0.0
2026-08-27 00:45:00,0.0,0.0
2026-08-27 01:00:00,0.0,0.0
2026-08-27 01:15:00,0.0,0.0
2026-08-27 01:30:00,0.0,0.0
2026-08-27 01:45:00,0.0,0.0
2026-08-27 02:00:00,0.0,0.0
2026-08-27 02:15:00,0.0,0.0
2026-08-27 02:30:00,0.0,0.0
2026-08-27 02:45:00,0.0,0.0
2026-08-27 03:00:00,0.0,0.0
2026-08-27 03:15:00,0.0,0.0
2026-08-27 03:30:00,0.0,0.0
2026-08-27 03:45:00,0.0,0.0
2026-08-27 04:00:00,0.0,0.0
2026-08-27 04:15:00,0.0,0.0
2026-08-27 04:30:00,0.0,0.0
2026-08-27 04:45:00,0.0,0.0
2026-08-27 05:00:00,0.0,0.0
2026-08-27 05:15:00,0.0,0.0
2026-08-27 05:30:00,0.0,0.0
2026-08-27 05:45:00,0.0,0.0
2026-08-27 06:00:00,0.0,0.0
2026-08-27 06:15:00,0.013,0.01089
2026-08-27 06:30:00,0.072,0.02178
2026-08-27 06:45:00,0.155,0.032670000000000005
2026-08-27 07:00:00,0.2,0.04356
2026-08-27 07:15:00,0.245,0.28736999999999996
2026-08-27 07:30:00,0.659,0.53118
2026-08-27 07:45:00,1.64,0.77499
2026-08-27 08:00:00,2.282,1.0188
2026-08-27 08:15:00,2.341,1.2355425
2026-08-27 08:30:00,1.906,1.4522849999999998
2026-08-27 08:45:00,1.868,1.6690274999999999
2026-08-27 09:00:00,2.814,1.88577
2026-08-27 09:15:00,2.815,2.0254725000000002
2026-08-27 09:30:00,2.268,2.165175
2026-08-27 09:45:00,2.232,2.3048775
2026-08-27 10:00:00,2.769,2.44458
2026-08-27 10:15:00,3.76,2.6891550000000004
2026-08-27 10:30:00,4.806,2.93373
2026-08-27 10:45:00,5.86,3.178305
2026-08-27 11:00:00,4.099,3.42288
2026-08-27 11:15:00,2.324,4.28076
2026-08-27 11:30:00,6.079,5.1386400000000005
2026-08-27 11:45:00,6.894,5.99652
2026-08-27 12:00:00,6.83,6.8544
2026-08-27 12:15:00,5.856,7.0109325
2026-08-27 12:30:00,6.001,7.167465
2026-08-27 12:45:00,6.666,7.3239975
2026-08-27 13:00:00,6.975,7.48053
2026-08-27 13:15:00,6.523,7.612942500000001
2026-08-27 13:30:00,6.562,7.745355000000001
2026-08-27 13:45:00,6.003,7.877767500000001
2026-08-27 14:00:00,7.417,8.010180000000002
2026-08-27 14:15:00,7.885,7.752217500000002
2026-08-27 14:30:00,8.011,7.494255000000002
2026-08-27 14:45:00,7.041,7.236292500000001
2026-08-27 15:00:00,6.296,6.9783300000000015
2026-08-27 15:15:00,5.36,6.432457500000002
2026-08-27 15:30:00,2.648,5.886585000000001
2026-08-27 15:45:00,4.007,5.3407125
2026-08-27 16:00:00,3.505,4.794840000000001
2026-08-27 16:15:00,2.581,4.5402075
2026-08-27 16:30:00,2.244,4.285575000000001
2026-08-27 16:45:00,1.76,4.0309425
2026-08-27 17:00:00,1.731,3.77631
2026-08-27 17:15:00,1.658,3.3902775
2026-08-27 17:30:00,1.41,3.004245
2026-08-27 17:45:00,1.455,2.6182125000000003
2026-08-27 18:00:00,1.202,2.23218
2026-08-27 18:15:00,1.133,2.03796
2026-08-27 18:30:00,0.82,1.84374
2026-08-27 18:45:00,0.714,1.64952
2026-08-27 19:00:00,0.529,1.4553
2026-08-27 19:15:00,0.334,1.255905
2026-08-27 19:30:00,0.19,1.05651
2026-08-27 19:45:00,0.065,0.857115
2026-08-27 20:00:00,0.015,0.65772
2026-08-27 20:15:00,0.0,0.49329
2026-08-27 20:30:00,0.0,0.32886
2026-08-27 20:45:00,0.0,0.16442999999999997
2026-08-27 21:00:00,0.0,0.0
2026-08-27 21:15:00,0.0,0.0
2026-08-27 21:30:00,0.0,0.0
2026-08-27 21:45:00,0.0,0.0
2026-08-27 22:00:00,0.0,0.0
2026-08-27 22:15:00,0.0,0.0
2026-08-27 22:30:00,0.0,0.0
2026-08-27 22:45:00,0.0,0.0
2026-08-27 23:00:00,0.0,0.0
2026-08-27 23:15:00,0.0,0.0
2026-08-27 23:30:00,0.0,0.0
2026-08-27 23:45:00,0.0,0.0
2026-08-28 00:00:00,0.0,0.0
2026-08-28 00:15:00,0.0,0.0
2026-08-28 00:30:00,0.0,0.0
2026-08-28 00:45:00,0.0,0.0
2026-08-28 01:00:00,0.0,0.0
2026-08-28 01:15:00,0.0,0.0
2026-08-28 01:30:00,0.0,0.0
2026-08-28 01:45:00,0.0,0.0
2026-08-28 02:00:00,0.0,0.0
2026-08-28 02:15:00,0.0,0.0
2026-08-28 02:30:00,0.0,0.0
2026-08-28 02:45:00,0.0,0.0
2026-08-28 03:00:00,0.0,0.0
2026-08-28 03:15:00,0.0,0.0
2026-08-28 03:30:00,0.0,0.0
2026-08-28 03:45:00,0.0,0.0
2026-08-28 04:00:00,0.0,0.0
2026-08-28 04:15:00,0.0,0.0
2026-08-28 04:30:00,0.0,0.0
2026-08-28 04:45:00,0.0,0.0
2026-08-28 05:00:00,0.0,0.0
2026-08-28 05:15:00,0.0,0.0
2026-08-28 05:30:00,0.0,0.0
2026-08-28 05:45:00,0.0,0.0
2026-08-28 06:00:00,0.0,0.0
2026-08-28 06:15:00,0.0,0.004455
2026-08-28 06:30:00,0.0,0.00891
2026-08-28 06:45:00,0.036,0.013364999999999998
2026-08-28 07:00:00,0.091,0.01782
2026-08-28 07:15:00,0.167,0.08118
2026-08-28 07:30:00,0.297,0.14454
2026-08-28 07:45:00,0.082,0.2079
2026-08-28 08:00:00,0.146,0.27126
2026-08-28 08:15:00,0.419,0.5114025
2026-08-28 08:30:00,1.921,0.7515449999999999
2026-08-28 08:45:00,1.562,0.9916875
2026-08-28 09:00:00,1.084,1.23183
2026-08-28 09:15:00,2.188,1.248075
2026-08-28 09:30:00,0.89,1.26432
2026-08-28 09:45:00,0.145,1.2805650000000002
2026-08-28 10:00:00,0.062,1.2968100000000002
2026-08-28 10:15:00,0.033,1.1319975000000002
2026-08-28 10:30:00,0.0,0.9671850000000002
2026-08-28 10:45:00,0.015,0.8023725
2026-08-28 11:00:00,0.032,0.63756
2026-08-28 11:15:00,0.046,0.7234875000000001
2026-08-28 11:30:00,0.062,0.809415
2026-08-28 11:45:00,0.857,0.8953424999999999
2026-08-28 12:00:00,1.718,0.98127
2026-08-28 12:15:00,4.695,1.68579
2026-08-28 12:30:00,3.853,2.39031
2026-08-28 12:45:00,8.465,3.09483
2026-08-28 13:00:00,8.553,3.79935
2026-08-28 13:15:00,3.228,3.6528975
2026-08-28 13:30:00,2.44,3.5064450000000003
2026-08-28 13:45:00,2.627,3.3599925
2026-08-28 14:00:00,1.944,3.21354
2026-08-28 14:15:00,2.206,3.01392
2026-08-28 14:30:00,2.291,2.8143000000000002
2026-08-28 14:45:00,0.982,2.6146800000000003
2026-08-28 15:00:00,3.623,2.4150600000000004
2026-08-28 15:15:00,2.157,2.5185375000000003
2026-08-28 15:30:00,2.289,2.622015
2026-08-28 15:45:00,2.766,2.7254925
2026-08-28 16:00:00,1.453,2.82897
2026-08-28 16:15:00,2.509,2.6827425
2026-08-28 16:30:00,2.981,2.536515
2026-08-28 16:45:00,2.486,2.3902875000000003
2026-08-28 17:00:00,1.438,2.24406
2026-08-28 17:15:00,1.667,2.1485025
2026-08-28 17:30:00,1.375,2.0529450000000002
2026-08-28 17:45:00,1.202,1.9573875
2026-08-28 18:00:00,1.138,1.86183
2026-08-28 18:15:00,0.995,1.6996725000000001
2026-08-28 18:30:00,0.582,1.537515
2026-08-28 18:45:00,0.4,1.3753575
2026-08-28 19:00:00,0.198,1.2132
2026-08-28 19:15:00,0.118,0.9601425000000001
2026-08-28 19:30:00,0.052,0.7070850000000001
2026-08-28 19:45:00,0.085,0.45402750000000003
2026-08-28 20:00:00,0.052,0.20097
2026-08-28 20:15:00,0.0,0.15072750000000001
2026-08-28 20:30:00,0.0,0.100485
2026-08-28 20:45:00,0.0,0.050242499999999995
2026-08-28 21:00:00,0.0,0.0
2026-08-28 21:15:00,0.0,0.0
2026-08-28 21:30:00,0.0,0.0
2026-08-28 21:45:00,0.0,0.0
2026-08-28 22:00:00,0.0,0.0
2026-08-28 22:15:00,0.0,0.0
2026-08-28 22:30:00,0.0,0.0
2026-08-28 22:45:00,0.0,0.0
2026-08-28 23:00:00,0.0,0.0
2026-08-28 23:15:00,0.0,0.0
2026-08-28 23:30:00,0.0,0.0
2026-08-28 23:45:00,0.0,0.0
2026-08-29 00:00:00,0.0,0.0
2026-08-29 00:15:00,0.0,0.0
2026-08-29 00:30:00,0.0,0.0
2026-08-29 00:45:00,0.0,0.0
2026-08-29 01:00:00,0.0,0.0
2026-08-29 01:15:00,0.0,0.0
2026-08-29 01:30:00,0.0,0.0
2026-08-29 01:45:00,0.0,0.0
2026-08-29 02:00:00,0.0,0.0
2026-08-29 02:15:00,0.0,0.0
2026-08-29 02:30:00,0.0,0.0
2026-08-29 02:45:00,0.0,0.0
2026-08-29 03:00:00,0.0,0.0
2026-08-29 03:15:00,0.0,0.0
2026-08-29 03:30:00,0.0,0.0
2026-08-29 03:45:00,0.0,0.0
2026-08-29 04:00:00,0.0,0.0
2026-08-29 04:15:00,0.0,0.0
2026-08-29 04:30:00,0.0,0.0
2026-08-29 04:45:00,0.0,0.0
2026-08-29 05:00:00,0.0,0.0
2026-08-29 05:15:00,0.0,0.0
2026-08-29 05:30:00,0.0,0.0
2026-08-29 05:45:00,0.0,0.0
2026-08-29 06:00:00,0.0,0.0
2026-08-29 06:15:00,0.0,0.01926
2026-08-29 06:30:00,0.027,0.03852
2026-08-29 06:45:00,0.093,0.05778
2026-08-29 07:00:00,0.379,0.07704
2026-08-29 07:15:00,0.662,0.3640275
2026-08-29 07:30:00,1.174,0.651015
2026-08-29 07:45:00,1.879,0.9380025000000001
2026-08-29 08:00:00,2.222,1.22499
2026-08-29 08:15:00,2.528,1.5663150000000001
2026-08-29 08:30:00,2.779,1.9076400000000002
2026-08-29 08:45:00,3.04,2.248965
2026-08-29 09:00:00,3.263,2.5902900000000004
2026-08-29 09:15:00,3.455,2.913075
2026-08-29 09:30:00,3.655,3.23586
2026-08-29 09:45:00,3.932,3.5586450000000003
2026-08-29 10:00:00,4.337,3.88143
2026-08-29 10:15:00,4.857,4.300065
2026-08-29 10:30:00,4.886,4.7187
2026-08-29 10:45:00,4.492,5.137335
2026-08-29 11:00:00,4.499,5.55597
2026-08-29 11:15:00,3.267,5.4484200000000005
2026-08-29 11:30:00,2.474,5.340870000000001
2026-08-29 11:45:00,3.393,5.233320000000001
2026-08-29 12:00:00,8.583,5.125770000000001
2026-08-29 12:15:00,8.11,5.152702500000001
2026-08-29 12:30:00,9.148,5.179635000000001
2026-08-29 12:45:00,5.706,5.2065675
2026-08-29 13:00:00,5.189,5.2335
2026-08-29 13:15:00,5.916,5.7258225000000005
2026-08-29 13:30:00,5.096,6.218145
2026-08-29 13:45:00,8.656,6.7104675
2026-08-29 14:00:00,5.523,7.20279
2026-08-29 14:15:00,6.497,6.7330575
2026-08-29 14:30:00,8.988,6.263325
2026-08-29 14:45:00,5.942,5.7935925
2026-08-29 15:00:00,5.761,5.32386
2026-08-29 15:15:00,5.634,5.2057575
2026-08-29 15:30:00,5.423,5.087655
2026-08-29 15:45:00,3.666,4.9695525
2026-08-29 16:00:00,3.124,4.85145
2026-08-29 16:15:00,2.605,4.5527175
2026-08-29 16:30:00,2.658,4.253985
2026-08-29 16:45:00,2.264,3.9552525
2026-08-29 17:00:00,1.405,3.65652
2026-08-29 17:15:00,0.89,3.1988025
2026-08-29 17:30:00,1.518,2.741085
2026-08-29 17:45:00,1.635,2.2833674999999998
2026-08-29 18:00:00,1.371,1.82565
2026-08-29 18:15:00,1.101,1.708605
2026-08-29 18:30:00,0.926,1.59156
2026-08-29 18:45:00,0.558,1.4745150000000002
2026-08-29 19:00:00,0.36,1.3574700000000002
2026-08-29 19:15:00,0.18,1.1504250000000003
2026-08-29 19:30:00,0.111,0.9433800000000001
2026-08-29 19:45:00,0.077,0.7363350000000001
2026-08-29 20:00:00,0.011,0.52929
2026-08-29 20:15:00,0.0,0.39696750000000003
2026-08-29 20:30:00,0.0,0.264645
2026-08-29 20:45:00,0.0,0.1323225
2026-08-29 21:00:00,0.0,0.0
2026-08-29 21:15:00,0.0,0.0
2026-08-29 21:30:00,0.0,0.0
2026-08-29 21:45:00,0.0,0.0
2026-08-29 22:00:00,0.0,0.0
2026-08-29 22:15:00,0.0,0.0
2026-08-29 22:30:00,0.0,0.0
2026-08-29 22:45:00,0.0,0.0
2026-08-29 23:00:00,0.0,0.0
2026-08-29 23:15:00,0.0,0.0
2026-08-29 23:30:00,0.0,0.0
2026-08-29 23:45:00,0.0,0.0
2026-08-30 00:00:00,0.0,0.0
2026-08-30 00:15:00,0.0,0.0
2026-08-30 00:30:00,0.0,0.0
2026-08-30 00:45:00,0.0,0.0
2026-08-30 01:00:00,0.0,0.0
2026-08-30 01:15:00,0.0,0.0
2026-08-30 01:30:00,0.0,0.0
2026-08-30 01:45:00,0.0,0.0
2026-08-30 02:00:00,0.0,0.0
2026-08-30 02:15:00,0.0,0.0
2026-08-30 02:30:00,0.0,0.0
2026-08-30 02:45:00,0.0,0.0
2026-08-30 03:00:00,0.0,0.0
2026-08-30 03:15:00,0.0,0.0
2026-08-30 03:30:00,0.0,0.0
2026-08-30 03:45:00,0.0,0.0
2026-08-30 04:00:00,0.0,0.0
2026-08-30 04:15:00,0.0,0.0
2026-08-30 04:30:00,0.0,0.0
2026-08-30 04:45:00,0.0,0.0
2026-08-30 05:00:00,0.0,0.0
2026-08-30 05:15:00,0.0,0.0
2026-08-30 05:30:00,0.0,0.0
2026-08-30 05:45:00,0.0,0.0
2026-08-30 06:00:00,0.0,0.0
2026-08-30 06:15:00,0.0,0.006435
2026-08-30 06:30:00,0.019,0.01287
2026-08-30 06:45:00,0.085,0.019305
2026-08-30 07:00:00,0.333,0.02574
2026-08-30 07:15:00,0.653,0.19503000000000004
2026-08-30 07:30:00,0.912,0.36432000000000003
2026-08-30 07:45:00,1.542,0.53361
2026-08-30 08:00:00,1.296,0.7029000000000001
2026-08-30 08:15:00,2.054,0.7700175
2026-08-30 08:30:00,2.202,0.837135
2026-08-30 08:45:00,2.87,0.9042525
2026-08-30 09:00:00,3.365,0.97137
2026-08-30 09:15:00,3.418,1.449945
2026-08-30 09:30:00,3.659,1.9285200000000002
2026-08-30 09:45:00,2.895,2.407095
2026-08-30 10:00:00,1.455,2.88567
2026-08-30 10:15:00,2.795,3.0084075
2026-08-30 10:30:00,1.534,3.131145
2026-08-30 10:45:00,3.789,3.2538825000000005
2026-08-30 11:00:00,4.215,3.3766200000000004
2026-08-30 11:15:00,6.167,3.2228325000000004
2026-08-30 11:30:00,4.41,3.069045
2026-08-30 11:45:00,4.149,2.9152575
2026-08-30 12:00:00,6.079,2.76147
2026-08-30 12:15:00,7.751,2.68893
2026-08-30 12:30:00,4.377,2.61639
2026-08-30 12:45:00,1.709,2.54385
2026-08-30 13:00:00,3.15,2.47131
2026-08-30 13:15:00,5.252,2.7057149999999996
2026-08-30 13:30:00,3.474,2.94012
2026-08-30 13:45:00,3.118,3.174525
2026-08-30 14:00:00,2.746,3.40893
2026-08-30 14:15:00,4.24,3.6877725
2026-08-30 14:30:00,2.692,3.966615
2026-08-30 14:45:00,4.204,4.2454575000000006
2026-08-30 15:00:00,3.924,4.5243
2026-08-30 15:15:00,1.281,4.296285
2026-08-30 15:30:00,3.404,4.06827
2026-08-30 15:45:00,4.143,3.840255
2026-08-30 16:00:00,3.465,3.61224
2026-08-30 16:15:00,2.061,3.53493
2026-08-30 16:30:00,2.219,3.45762
2026-08-30 16:45:00,1.915,3.3803099999999997
2026-08-30 17:00:00,1.736,3.303
2026-08-30 17:15:00,1.686,3.081735
2026-08-30 17:30:00,1.319,2.8604700000000003
2026-08-30 17:45:00,1.034,2.639205
2026-08-30 18:00:00,1.279,2.41794
2026-08-30 18:15:00,0.889,2.2372650000000003
2026-08-30 18:30:00,0.615,2.05659
2026-08-30 18:45:00,0.501,1.875915
2026-08-30 19:00:00,0.319,1.69524
2026-08-30 19:15:00,0.191,1.44909
2026-08-30 19:30:00,0.147,1.20294
2026-08-30 19:45:00,0.055,0.95679
2026-08-30 20:00:00,0.006,0.7106399999999999
2026-08-30 20:15:00,0.0,0.53298
2026-08-30 20:30:00,0.0,0.35531999999999997
2026-08-30 20:45:00,0.0,0.17765999999999993
2026-08-30 21:00:00,0.0,0.0
2026-08-30 21:15:00,0.0,0.0
2026-08-30 21:30:00,0.0,0.0
2026-08-30 21:45:00,0.0,0.0
2026-08-30 22:00:00,0.0,0.0
2026-08-30 22:15:00,0.0,0.0
2026-08-30 22:30:00,0.0,0.0
2026-08-30 22:45:00,0.0,0.0
2026-08-30 23:00:00,0.0,0.0
2026-08-30 23:15:00,0.0,0.0
2026-08-30 23:30:00,0.0,0.0
2026-08-30 23:45:00,0.0,0.0
2026-08-31 00:00:00,0.0,0.0
2026-08-31 00:15:00,0.0,0.0
2026-08-31 00:30:00,0.0,0.0
2026-08-31 00:45:00,0.0,0.0
2026-08-31 01:00:00,0.0,0.0
2026-08-31 01:15:00,0.0,0.0
2026-08-31 01:30:00,0.0,0.0
2026-08-31 01:45:00,0.0,0.0
2026-08-31 02:00:00,0.0,0.0
2026-08-31 02:15:00,0.0,0.0
2026-08-31 02:30:00,0.0,0.0
2026-08-31 02:45:00,0.0,0.0
2026-08-31 03:00:00,0.0,0.0
2026-08-31 03:15:00,0.0,0.0
2026-08-31 03:30:00,0.0,0.0
2026-08-31 03:45:00,0.0,0.0
2026-08-31 04:00:00,0.0,0.0
2026-08-31 04:15:00,0.0,0.0
2026-08-31 04:30:00,0.0,0.0
2026-08-31 04:45:00,0.0,0.0
2026-08-31 05:00:00,0.0,0.0
2026-08-31 05:15:00,0.0,0.0
2026-08-31 05:30:00,0.0,0.0
2026-08-31 05:45:00,0.0,0.0
2026-08-31 06:00:00,0.0,0.0
2026-08-31 06:15:00,0.0,0.006435
2026-08-31 06:30:00,0.0,0.01287
2026-08-31 06:45:00,0.015,0.019305
2026-08-31 07:00:00,0.09,0.02574
2026-08-31 07:15:00,0.259,0.1674
2026-08-31 07:30:00,0.576,0.30906
2026-08-31 07:45:00,0.488,0.45072
2026-08-31 08:00:00,1.369,0.59238
2026-08-31 08:15:00,1.918,0.8747550000000001
2026-08-31 08:30:00,2.569,1.15713
2026-08-31 08:45:00,3.049,1.439505
2026-08-31 09:00:00,3.477,1.72188
2026-08-31 09:15:00,2.565,2.12706
2026-08-31 09:30:00,2.084,2.53224
2026-08-31 09:45:00,4.077,2.93742
2026-08-31 10:00:00,5.456,3.3426
2026-08-31 10:15:00,5.71,3.529035
2026-08-31 10:30:00,4.434,3.71547
2026-08-31 10:45:00,4.584,3.9019049999999997
2026-08-31 11:00:00,6.691,4.08834
2026-08-31 11:15:00,7.782,4.47804
2026-08-31 11:30:00,8.099,4.8677399999999995
2026-08-31 11:45:00,7.949,5.25744
2026-08-31 12:00:00,8.374,5.64714
2026-08-31 12:15:00,8.861,5.4323325
2026-08-31 12:30:00,7.817,5.217525
2026-08-31 12:45:00,8.843,5.0027175
2026-08-31 13:00:00,7.967,4.78791
2026-08-31 13:15:00,8.875,4.885987500000001
2026-08-31 13:30:00,8.728,4.984065
2026-08-31 13:45:00,8.33,5.0821425
2026-08-31 14:00:00,4.411,5.18022
2026-08-31 14:15:00,6.53,5.5992825
2026-08-31 14:30:00,8.991,6.018345
2026-08-31 14:45:00,6.532,6.4374075
2026-08-31 15:00:00,6.838,6.85647
2026-08-31 15:15:00,2.654,6.264945
2026-08-31 15:30:00,5.872,5.67342
2026-08-31 15:45:00,4.662,5.081895
2026-08-31 16:00:00,3.399,4.49037
2026-08-31 16:15:00,3.162,4.4063325
2026-08-31 16:30:00,1.761,4.322295
2026-08-31 16:45:00,1.062,4.2382575
2026-08-31 17:00:00,1.083,4.15422
2026-08-31 17:15:00,1.208,3.7130174999999994
2026-08-31 17:30:00,0.656,3.2718149999999997
2026-08-31 17:45:00,0.269,2.8306125
2026-08-31 18:00:00,0.083,2.38941
2026-08-31 18:15:00,0.587,1.9446299999999999
2026-08-31 18:30:00,0.654,1.49985
2026-08-31 18:45:00,0.364,1.05507
2026-08-31 19:00:00,0.557,0.61029
2026-08-31 19:15:00,0.455,0.53037
2026-08-31 19:30:00,0.191,0.45045
2026-08-31 19:45:00,0.098,0.37052999999999997
2026-08-31 20:00:00,0.014,0.29061
2026-08-31 20:15:00,0.0,0.21795749999999997
2026-08-31 20:30:00,0.0,0.145305
2026-08-31 20:45:00,0.0,0.07265250000000001
2026-08-31 21:00:00,0.0,0.0
2026-08-31 21:15:00,0.0,0.0
2026-08-31 21:30:00,0.0,0.0
2026-08-31 21:45:00,0.0,0.0
2026-08-31 22:00:00,0.0,0.0
2026-08-31 22:15:00,0.0,0.0
2026-08-31 22:30:00,0.0,0.0
2026-08-31 22:45:00,0.0,0.0
2026-08-31 23:00:00,0.0,0.0
2026-08-31 23:15:00,0.0,0.0
2026-08-31 23:30:00,0.0,0.0
2026-08-31 23:45:00,0.0,0.0
2026-09-01 00:00:00,0.0,0.0
2026-09-01 00:15:00,0.0,0.0
2026-09-01 00:30:00,0.0,0.0
2026-09-01 00:45:00,0.0,0.0
2026-09-01 01:00:00,0.0,0.0
2026-09-01 01:15:00,0.0,0.0
2026-09-01 01:30:00,0.0,0.0
2026-09-01 01:45:00,0.0,0.0
2026-09-01 02:00:00,0.0,0.0
2026-09-01 02:15:00,0.0,0.0
2026-09-01 02:30:00,0.0,0.0
2026-09-01 02:45:00,0.0,0.0
2026-09-01 03:00:00,0.0,0.0
2026-09-01 03:15:00,0.0,0.0
2026-09-01 03:30:00,0.0,0.0
2026-09-01 03:45:00,0.0,0.0
2026-09-01 04:00:00,0.0,0.0
2026-09-01 04:15:00,0.0,0.0
2026-09-01 04:30:00,0.0,0.0
2026-09-01 04:45:00,0.0,0.0
2026-09-01 05:00:00,0.0,0.0
2026-09-01 05:15:00,0.0,0.0
2026-09-01 05:30:00,0.0,0.0
2026-09-01 05:45:00,0.0,0.0
2026-09-01 06:00:00,0.0,0.0
2026-09-01 06:15:00,0.0,0.006435
2026-09-01 06:30:00,0.022,0.01287
2026-09-01 06:45:00,0.072,0.019305
2026-09-01 07:00:00,0.199,0.02574
2026-09-01 07:15:00,0.411,0.29819249999999997
2026-09-01 07:30:00,0.922,0.570645
2026-09-01 07:45:00,1.767,0.8430974999999999
2026-09-01 08:00:00,2.123,1.11555
2026-09-01 08:15:00,2.465,1.4653800000000001
2026-09-01 08:30:00,2.85,1.81521
2026-09-01 08:45:00,2.975,2.1650400000000003
2026-09-01 09:00:00,2.923,2.51487
2026-09-01 09:15:00,3.253,2.78676
2026-09-01 09:30:00,3.559,3.05865
2026-09-01 09:45:00,3.618,3.33054
2026-09-01 10:00:00,4.171,3.60243
2026-09-01 10:15:00,4.913,3.993975
2026-09-01 10:30:00,4.828,4.38552
2026-09-01 10:45:00,4.879,4.777065
2026-09-01 11:00:00,4.577,5.16861
2026-09-01 11:15:00,5.861,5.229135
2026-09-01 11:30:00,4.014,5.28966
2026-09-01 11:45:00,6.533,5.350185
2026-09-01 12:00:00,4.087,5.41071
2026-09-01 12:15:00,2.647,5.7300525
2026-09-01 12:30:00,5.988,6.0493950000000005
2026-09-01 12:45:00,7.862,6.3687375
2026-09-01 13:00:00,4.346,6.68808
2026-09-01 13:15:00,5.17,6.660585
2026-09-01 13:30:00,9.687,6.633090000000001
2026-09-01 13:45:00,5.909,6.605595000000001
2026-09-01 14:00:00,5.688,6.578100000000001
2026-09-01 14:15:00,3.142,6.222240000000001
2026-09-01 14:30:00,3.462,5.86638
2026-09-01 14:45:00,6.476,5.51052
2026-09-01 15:00:00,4.865,5.15466
2026-09-01 15:15:00,7.091,5.022584999999999
2026-09-01 15:30:00,5.821,4.890509999999999
2026-09-01 15:45:00,4.409,4.7584349999999995
2026-09-01 16:00:00,1.681,4.626359999999999
2026-09-01 16:15:00,1.723,4.496242499999999
2026-09-01 16:30:00,1.364,4.366125
2026-09-01 16:45:00,0.84,4.2360075
2026-09-01 17:00:00,0.862,4.1058900000000005
2026-09-01 17:15:00,0.715,3.9789225000000004
2026-09-01 17:30:00,1.018,3.8519550000000002
2026-09-01 17:45:00,1.07,3.7249875
2026-09-01 18:00:00,0.82,3.59802
2026-09-01 18:15:00,0.636,3.21129
2026-09-01 18:30:00,0.512,2.82456
2026-09-01 18:45:00,0.521,2.43783
2026-09-01 19:00:00,0.359,2.0511
2026-09-01 19:15:00,0.21,1.7203275
2026-09-01 19:30:00,0.116,1.389555
2026-09-01 19:45:00,0.047,1.0587825
2026-09-01 20:00:00,0.005,0.72801
2026-09-01 20:15:00,0.0,0.5460075
2026-09-01 20:30:00,0.0,0.364005
2026-09-01 20:45:00,0.0,0.18200250000000007
2026-09-01 21:00:00,0.0,0.0
2026-09-01 21:15:00,0.0,0.0
2026-09-01 21:30:00,0.0,0.0
2026-09-01 21:45:00,0.0,0.0
2026-09-01 22:00:00,0.0,0.0
2026-09-01 22:15:00,0.0,0.0
2026-09-01 22:30:00,0.0,0.0
2026-09-01 22:45:00,0.0,0.0
2026-09-01 23:00:00,0.0,0.0
2026-09-01 23:15:00,0.0,0.0
2026-09-01 23:30:00,0.0,0.0
2026-09-01 23:45:00,0.0,0.0
2026-09-02 00:00:00,0.0,0.0
2026-09-02 00:15:00,0.0,0.0
2026-09-02 00:30:00,0.0,0.0
2026-09-02 00:45:00,0.0,0.0
2026-09-02 01:00:00,0.0,0.0
2026-09-02 01:15:00,0.0,0.0
2026-09-02 01:30:00,0.0,0.0
2026-09-02 01:45:00,0.0,0.0
2026-09-02 02:00:00,0.0,0.0
2026-09-02 02:15:00,0.0,0.0
2026-09-02 02:30:00,0.0,0.0
2026-09-02 02:45:00,0.0,0.0
2026-09-02 03:00:00,0.0,0.0
2026-09-02 03:15:00,0.0,0.0
2026-09-02 03:30:00,0.0,0.0
2026-09-02 03:45:00,0.0,0.0
2026-09-02 04:00:00,0.0,0.0
2026-09-02 04:15:00,0.0,0.0
2026-09-02 04:30:00,0.0,0.0
2026-09-02 04:45:00,0.0,0.0
2026-09-02 05:00:00,0.0,0.0
2026-09-02 05:15:00,0.0,0.0
2026-09-02 05:30:00,0.0,0.0
2026-09-02 05:45:00,0.0,0.0
2026-09-02 06:00:00,0.0,0.0
2026-09-02 06:15:00,0.0,0.006435
2026-09-02 06:30:00,0.028,0.01287
2026-09-02 06:45:00,0.114,0.019305
2026-09-02 07:00:00,0.34,0.02574
2026-09-02 07:15:00,0.404,0.16425
2026-09-02 07:30:00,0.628,0.30276
2026-09-02 07:45:00,0.751,0.44126999999999994
2026-09-02 08:00:00,0.733,0.57978
2026-09-02 08:15:00,0.516,0.7381125
2026-09-02 08:30:00,0.631,0.8964449999999999
2026-09-02 08:45:00,0.9,1.0547775
2026-09-02 09:00:00,1.141,1.21311
2026-09-02 09:15:00,1.634,1.5263775
2026-09-02 09:30:00,3.154,1.839645
2026-09-02 09:45:00,3.988,2.1529125000000002
2026-09-02 10:00:00,1.65,2.46618
2026-09-02 10:15:00,2.062,2.740455
2026-09-02 10:30:00,2.436,3.01473
2026-09-02 10:45:00,3.319,3.289005
2026-09-02 11:00:00,6.889,3.56328
2026-09-02 11:15:00,6.52,4.21911
2026-09-02 11:30:00,7.366,4.8749400000000005
2026-09-02 11:45:00,8.191,5.53077
2026-09-02 12:00:00,7.209,6.1866
2026-09-02 12:15:00,5.018,6.146955
2026-09-02 12:30:00,8.635,6.10731
2026-09-02 12:45:00,8.079,6.067665
2026-09-02 13:00:00,5.155,6.02802
2026-09-02 13:15:00,9.135,5.96898
2026-09-02 13:30:00,9.53,5.90994
2026-09-02 13:45:00,8.331,5.850899999999999
2026-09-02 14:00:00,4.82,5.79186
2026-09-02 14:15:00,8.502,5.5036125
2026-09-02 14:30:00,7.025,5.215365
2026-09-02 14:45:00,3.915,4.9271175000000005
2026-09-02 15:00:00,7.169,4.638870000000001
2026-09-02 15:15:00,6.031,4.544617500000001
2026-09-02 15:30:00,4.071,4.450365000000001
2026-09-02 15:45:00,4.35,4.3561125
2026-09-02 16:00:00,2.026,4.26186
2026-09-02 16:15:00,2.448,3.9942900000000003
2026-09-02 16:30:00,1.636,3.7267200000000003
2026-09-02 16:45:00,1.084,3.45915
2026-09-02 17:00:00,1.148,3.19158
2026-09-02 17:15:00,1.144,2.910195
2026-09-02 17:30:00,1.174,2.62881
2026-09-02 17:45:00,1.153,2.3474250000000003
2026-09-02 18:00:00,1.142,2.06604
2026-09-02 18:15:00,1.009,1.8020025
2026-09-02 18:30:00,0.439,1.537965
2026-09-02 18:45:00,0.306,1.2739275
2026-09-02 19:00:00,0.302,1.00989
2026-09-02 19:15:00,0.213,0.887895
2026-09-02 19:30:00,0.064,0.7659
2026-09-02 19:45:00,0.025,0.643905
2026-09-02 20:00:00,0.0,0.52191
2026-09-02 20:15:00,0.0,0.39143249999999996
2026-09-02 20:30:00,0.0,0.260955
2026-09-02 20:45:00,0.0,0.13047750000000002
2026-09-02 21:00:00,0.0,0.0
2026-09-02 21:15:00,0.0,0.0
2026-09-02 21:30:00,0.0,0.0
2026-09-02 21:45:00,0.0,0.0
2026-09-02 22:00:00,0.0,0.0
2026-09-02 22:15:00,0.0,0.0
2026-09-02 22:30:00,0.0,0.0
2026-09-02 22:45:00,0.0,0.0
2026-09-02 23:00:00,0.0,0.0
2026-09-02 23:15:00,0.0,0.0
2026-09-02 23:30:00,0.0,0.0
2026-09-02 23:45:00,0.0,0.0
2026-09-03 00:00:00,0.0,0.0
2026-09-03 00:15:00,0.0,0.0
2026-09-03 00:30:00,0.0,0.0
2026-09-03 00:45:00,0.0,0.0
2026-09-03 01:00:00,0.0,0.0
2026-09-03 01:15:00,0.0,0.0
2026-09-03 01:30:00,0.0,0.0
2026-09-03 01:45:00,0.0,0.0
2026-09-03 02:00:00,0.0,0.0
2026-09-03 02:15:00,0.0,0.0
2026-09-03 02:30:00,0.0,0.0
2026-09-03 02:45:00,0.0,0.0
2026-09-03 03:00:00,0.0,0.0
2026-09-03 03:15:00,0.0,0.0
2026-09-03 03:30:00,0.0,0.0
2026-09-03 03:45:00,0.0,0.0
2026-09-03 04:00:00,0.0,0.0
2026-09-03 04:15:00,0.0,0.0
2026-09-03 04:30:00,0.0,0.0
2026-09-03 04:45:00,0.0,0.0
2026-09-03 05:00:00,0.0,0.0
2026-09-03 05:15:00,0.0,0.0
2026-09-03 05:30:00,0.0,0.0
2026-09-03 05:45:00,0.0,0.0
2026-09-03 06:00:00,0.0,0.0
2026-09-03 06:15:00,0.0,0.0022275
2026-09-03 06:30:00,0.015,0.004455
2026-09-03 06:45:00,0.054,0.006682499999999999
2026-09-03 07:00:00,0.154,0.00891
2026-09-03 07:15:00,0.486,0.16854750000000002
2026-09-03 07:30:00,0.778,0.328185
2026-09-03 07:45:00,1.499,0.48782250000000005
2026-09-03 08:00:00,2.159,0.64746
2026-09-03 08:15:00,2.473,1.0114649999999998
2026-09-03 08:30:00,2.601,1.37547
2026-09-03 08:45:00,3.252,1.7394749999999997
2026-09-03 09:00:00,1.919,2.10348
2026-09-03 09:15:00,2.39,2.3643225
2026-09-03 09:30:00,3.937,2.625165
2026-09-03 09:45:00,3.363,2.8860075000000003
2026-09-03 10:00:00,2.942,3.1468500000000006
2026-09-03 10:15:00,3.435,3.4534350000000007
2026-09-03 10:30:00,2.055,3.7600200000000004
2026-09-03 10:45:00,4.561,4.066605
2026-09-03 11:00:00,5.726,4.37319
2026-09-03 11:15:00,5.465,4.6975725
2026-09-03 11:30:00,6.07,5.021955
2026-09-03 11:45:00,4.145,5.346337500000001
2026-09-03 12:00:00,3.364,5.67072
2026-09-03 12:15:00,3.473,5.541862500000001
2026-09-03 12:30:00,4.933,5.413005
2026-09-03 12:45:00,4.951,5.2841475
2026-09-03 13:00:00,3.998,5.155290000000001
2026-09-03 13:15:00,3.098,4.740660000000001
2026-09-03 13:30:00,2.618,4.326030000000001
2026-09-03 13:45:00,2.199,3.9114000000000004
2026-09-03 14:00:00,4.492,3.4967700000000006
2026-09-03 14:15:00,5.425,3.9009375000000004
2026-09-03 14:30:00,8.219,4.305105000000001
2026-09-03 14:45:00,4.021,4.709272500000001
2026-09-03 15:00:00,4.901,5.113440000000001
2026-09-03 15:15:00,2.731,4.729140000000001
2026-09-03 15:30:00,2.483,4.3448400000000005
2026-09-03 15:45:00,4.782,3.9605400000000004
2026-09-03 16:00:00,2.315,3.5762400000000003
2026-09-03 16:15:00,1.783,3.30561
2026-09-03 16:30:00,1.651,3.03498
2026-09-03 16:45:00,1.805,2.7643500000000003
2026-09-03 17:00:00,1.661,2.49372
2026-09-03 17:15:00,1.678,2.2222575
2026-09-03 17:30:00,1.356,1.9507950000000003
2026-09-03 17:45:00,1.172,1.6793325000000001
2026-09-03 18:00:00,0.768,1.4078700000000002
2026-09-03 18:15:00,0.682,1.30932
2026-09-03 18:30:00,0.439,1.2107700000000001
2026-09-03 18:45:00,0.47,1.1122200000000002
2026-09-03 19:00:00,0.333,1.01367
2026-09-03 19:15:00,0.153,0.8363475
2026-09-03 19:30:00,0.064,0.659025
2026-09-03 19:45:00,0.015,0.48170250000000003
2026-09-03 20:00:00,0.0,0.30438
2026-09-03 20:15:00,0.0,0.228285
2026-09-03 20:30:00,0.0,0.15219
2026-09-03 20:45:00,0.0,0.076095
2026-09-03 21:00:00,0.0,0.0
2026-09-03 21:15:00,0.0,0.0
2026-09-03 21:30:00,0.0,0.0
2026-09-03 21:45:00,0.0,0.0
2026-09-03 22:00:00,0.0,0.0
2026-09-03 22:15:00,0.0,0.0
2026-09-03 22:30:00,0.0,0.0
2026-09-03 22:45:00,0.0,0.0
2026-09-03 23:00:00,0.0,0.0
2026-09-03 23:15:00,0.0,0.0
2026-09-03 23:30:00,0.0,0.0
2026-09-03 23:45:00,0.0,0.0
2026-09-04 00:00:00,0.0,0.0
2026-09-04 00:15:00,0.0,0.0
2026-09-04 00:30:00,0.0,0.0
2026-09-04 00:45:00,0.0,0.0
2026-09-04 01:00:00,0.0,0.0
2026-09-04 01:15:00,0.0,0.0
2026-09-04 01:30:00,0.0,0.0
2026-09-04 01:45:00,0.0,0.0
2026-09-04 02:00:00,0.0,0.0
2026-09-04 02:15:00,0.0,0.0
2026-09-04 02:30:00,0.0,0.0
2026-09-04 02:45:00,0.0,0.0
2026-09-04 03:00:00,0.0,0.0
2026-09-04 03:15:00,0.0,0.0
2026-09-04 03:30:00,0.0,0.0
2026-09-04 03:45:00,0.0,0.0
2026-09-04 04:00:00,0.0,0.0
2026-09-04 04:15:00,0.0,0.0
2026-09-04 04:30:00,0.0,0.0
2026-09-04 04:45:00,0.0,0.0
2026-09-04 05:00:00,0.0,0.0
2026-09-04 05:15:00,0.0,0.0
2026-09-04 05:30:00,0.0,0.0
2026-09-04 05:45:00,0.0,0.0
2026-09-04 06:00:00,0.0,0.0
2026-09-04 06:15:00,0.0,0.004455
2026-09-04 06:30:00,0.005,0.00891
2026-09-04 06:45:00,0.061,0.013364999999999998
2026-09-04 07:00:00,0.181,0.01782
2026-09-04 07:15:00,0.369,0.25569000000000003
2026-09-04 07:30:00,0.614,0.49356000000000005
2026-09-04 07:45:00,1.532,0.73143
2026-09-04 08:00:00,1.735,0.9693
2026-09-04 08:15:00,1.642,1.311255
2026-09-04 08:30:00,2.494,1.65321
2026-09-04 08:45:00,2.424,1.995165
2026-09-04 09:00:00,2.782,2.33712
2026-09-04 09:15:00,2.931,2.6647425
2026-09-04 09:30:00,2.878,2.992365
2026-09-04 09:45:00,3.765,3.3199875
2026-09-04 10:00:00,4.233,3.64761
2026-09-04 10:15:00,4.71,4.055445
2026-09-04 10:30:00,5.243,4.46328
2026-09-04 10:45:00,5.823,4.871115
2026-09-04 11:00:00,6.271,5.27895
2026-09-04 11:15:00,6.574,5.6723175
2026-09-04 11:30:00,7.246,6.065685
2026-09-04 11:45:00,6.96,6.4590525
2026-09-04 12:00:00,6.161,6.85242
2026-09-04 12:15:00,7.104,7.038225
2026-09-04 12:30:00,8.469,7.224029999999999
2026-09-04 12:45:00,8.649,7.409834999999999
2026-09-04 13:00:00,8.547,7.595639999999999
2026-09-04 13:15:00,8.814,7.644464999999999
2026-09-04 13:30:00,8.928,7.693289999999999
2026-09-04 13:45:00,8.847,7.742115
2026-09-04 14:00:00,8.857,7.790940000000001
2026-09-04 14:15:00,8.603,7.78122
2026-09-04 14:30:00,8.421,7.7715
2026-09-04 14:45:00,7.683,7.76178
2026-09-04 15:00:00,6.715,7.752059999999999
2026-09-04 15:15:00,6.059,7.550459999999999
2026-09-04 15:30:00,5.731,7.34886
2026-09-04 15:45:00,5.24,7.14726
2026-09-04 16:00:00,4.782,6.94566
2026-09-04 16:15:00,4.206,6.587955
2026-09-04 16:30:00,3.416,6.23025
2026-09-04 16:45:00,2.898,5.872545000000001
2026-09-04 17:00:00,2.785,5.51484
2026-09-04 17:15:00,2.593,5.0715675000000005
2026-09-04 17:30:00,2.615,4.6282950000000005
2026-09-04 17:45:00,2.38,4.1850225000000005
2026-09-04 18:00:00,2.025,3.74175
2026-09-04 18:15:00,1.458,3.3944850000000004
2026-09-04 18:30:00,1.048,3.0472200000000003
2026-09-04 18:45:00,0.521,2.699955
2026-09-04 19:00:00,0.147,2.3526900000000004
2026-09-04 19:15:00,0.098,1.9303650000000003
2026-09-04 19:30:00,0.071,1.5080400000000003
2026-09-04 19:45:00,0.024,1.085715
2026-09-04 20:00:00,0.0,0.6633899999999999
2026-09-04 20:15:00,0.0,0.49754249999999994
2026-09-04 20:30:00,0.0,0.33169499999999996
2026-09-04 20:45:00,0.0,0.16584749999999998
2026-09-04 21:00:00,0.0,0.0
2026-09-04 21:15:00,0.0,0.0
2026-09-04 21:30:00,0.0,0.0
2026-09-04 21:45:00,0.0,0.0
2026-09-04 22:00:00,0.0,0.0
2026-09-04 22:15:00,0.0,0.0
2026-09-04 22:30:00,0.0,0.0
2026-09-04 22:45:00,0.0,0.0
2026-09-04 23:00:00,0.0,0.0
2026-09-04 23:15:00,0.0,0.0
2026-09-04 23:30:00,0.0,0.0
2026-09-04 23:45:00,0.0,0.0
2026-09-05 00:00:00,0.0,0.0
2026-09-05 00:15:00,0.0,0.0
2026-09-05 00:30:00,0.0,0.0
2026-09-05 00:45:00,0.0,0.0
2026-09-05 01:00:00,0.0,0.0
2026-09-05 01:15:00,0.0,0.0
2026-09-05 01:30:00,0.0,0.0
2026-09-05 01:45:00,0.0,0.0
2026-09-05 02:00:00,0.0,0.0
2026-09-05 02:15:00,0.0,0.0
2026-09-05 02:30:00,0.0,0.0
2026-09-05 02:45:00,0.0,0.0
2026-09-05 03:00:00,0.0,0.0
2026-09-05 03:15:00,0.0,0.0
2026-09-05 03:30:00,0.0,0.0
2026-09-05 03:45:00,0.0,0.0
2026-09-05 04:00:00,0.0,0.0
2026-09-05 04:15:00,0.0,0.0
2026-09-05 04:30:00,0.0,0.0
2026-09-05 04:45:00,0.0,0.0
2026-09-05 05:00:00,0.0,0.0
2026-09-05 05:15:00,0.0,0.0
2026-09-05 05:30:00,0.0,0.0
2026-09-05 05:45:00,0.0,0.0
2026-09-05 06:00:00,0.0,0.0
2026-09-05 06:15:00,0.0,0.0
2026-09-05 06:30:00,0.0,0.0
2026-09-05 06:45:00,0.021,0.0
2026-09-05 07:00:00,0.089,0.0
2026-09-05 07:15:00,0.197,0.08073
2026-09-05 07:30:00,0.267,0.16146
2026-09-05 07:45:00,0.415,0.24219
2026-09-05 08:00:00,0.686,0.32292
2026-09-05 08:15:00,1.17,0.6186825
2026-09-05 08:30:00,1.395,0.9144450000000001
2026-09-05 08:45:00,2.201,1.2102075
2026-09-05 09:00:00,2.097,1.50597
2026-09-05 09:15:00,0.769,1.662165
2026-09-05 09:30:00,2.285,1.81836
2026-09-05 09:45:00,2.719,1.974555
2026-09-05 10:00:00,2.029,2.13075
2026-09-05 10:15:00,2.583,2.4034275000000003
2026-09-05 10:30:00,3.425,2.676105
2026-09-05 10:45:00,2.657,2.9487825
2026-09-05 11:00:00,2.606,3.2214600000000004
2026-09-05 11:15:00,5.535,3.5697150000000004
2026-09-05 11:30:00,4.609,3.9179700000000004
2026-09-05 11:45:00,5.208,4.266225
2026-09-05 12:00:00,7.404,4.61448
2026-09-05 12:15:00,5.937,4.811332500000001
2026-09-05 12:30:00,7.614,5.008185
2026-09-05 12:45:00,8.339,5.2050374999999995
2026-09-05 13:00:00,3.886,5.40189
2026-09-05 13:15:00,6.602,5.69565
2026-09-05 13:30:00,7.039,5.9894099999999995
2026-09-05 13:45:00,7.603,6.28317
2026-09-05 14:00:00,7.635,6.57693
2026-09-05 14:15:00,9.366,6.8001974999999995
2026-09-05 14:30:00,9.154,7.023465
2026-09-05 14:45:00,8.475,7.2467325
2026-09-05 15:00:00,7.659,7.47
2026-09-05 15:15:00,7.018,7.301295
2026-09-05 15:30:00,6.102,7.13259
2026-09-05 15:45:00,5.305,6.963885
2026-09-05 16:00:00,4.866,6.79518
2026-09-05 16:15:00,4.28,6.4313325
2026-09-05 16:30:00,3.463,6.0674850000000005
2026-09-05 16:45:00,2.754,5.703637500000001
2026-09-05 17:00:00,2.622,5.339790000000001
2026-09-05 17:15:00,2.763,4.8897225
2026-09-05 17:30:00,2.701,4.439655
2026-09-05 17:45:00,2.47,3.9895875000000003
2026-09-05 18:00:00,2.089,3.53952
2026-09-05 18:15:00,1.378,3.2428125000000003
2026-09-05 18:30:00,1.053,2.946105
2026-09-05 18:45:00,0.49,2.6493975
2026-09-05 19:00:00,0.154,2.3526900000000004
2026-09-05 19:15:00,0.109,1.9264500000000004
2026-09-05 19:30:00,0.06,1.5002100000000003
2026-09-05 19:45:00,0.028,1.07397
2026-09-05 20:00:00,0.0,0.64773
2026-09-05 20:15:00,0.0,0.4857975
2026-09-05 20:30:00,0.0,0.323865
2026-09-05 20:45:00,0.0,0.16193250000000003
2026-09-05 21:00:00,0.0,0.0
2026-09-05 21:15:00,0.0,0.0
2026-09-05 21:30:00,0.0,0.0
2026-09-05 21:45:00,0.0,0.0
2026-09-05 22:00:00,0.0,0.0
2026-09-05 22:15:00,0.0,0.0
2026-09-05 22:30:00,0.0,0.0
2026-09-05 22:45:00,0.0,0.0
2026-09-05 23:00:00,0.0,0.0
2026-09-05 23:15:00,0.0,0.0
2026-09-05 23:30:00,0.0,0.0
2026-09-05 23:45:00,0.0,0.0
2026-09-06 00:00:00,0.0,0.0
2026-09-06 00:15:00,0.0,0.0
2026-09-06 00:30:00,0.0,0.0
2026-09-06 00:45:00,0.0,0.0
2026-09-06 01:00:00,0.0,0.0
2026-09-06 01:15:00,0.0,0.0
2026-09-06 01:30:00,0.0,0.0
2026-09-06 01:45:00,0.0,0.0
2026-09-06 02:00:00,0.0,0.0
2026-09-06 02:15:00,0.0,0.0
2026-09-06 02:30:00,0.0,0.0
2026-09-06 02:45:00,0.0,0.0
2026-09-06 03:00:00,0.0,0.0
2026-09-06 03:15:00,0.0,0.0
2026-09-06 03:30:00,0.0,0.0
2026-09-06 03:45:00,0.0,0.0
2026-09-06 04:00:00,0.0,0.0
2026-09-06 04:15:00,0.0,0.0
2026-09-06 04:30:00,0.0,0.0
2026-09-06 04:45:00,0.0,0.0
2026-09-06 05:00:00,0.0,0.0
2026-09-06 05:15:00,0.0,0.0
2026-09-06 05:30:00,0.0,0.0
2026-09-06 05:45:00,0.0,0.0
2026-09-06 06:00:00,0.0,0.0
2026-09-06 06:15:00,0.0,0.0
2026-09-06 06:30:00,0.009,0.0
2026-09-06 06:45:00,0.044,0.0
2026-09-06 07:00:00,0.098,0.0
2026-09-06 07:15:00,0.177,0.2341575
2026-09-06 07:30:00,0.364,0.468315
2026-09-06 07:45:00,1.387,0.7024724999999999
2026-09-06 08:00:00,2.174,0.93663
2026-09-06 08:15:00,2.499,1.28547
2026-09-06 08:30:00,2.761,1.6343099999999997
2026-09-06 08:45:00,3.025,1.9831499999999997
2026-09-06 09:00:00,3.261,2.33199
2026-09-06 09:15:00,3.469,2.667915
2026-09-06 09:30:00,3.65,3.00384
2026-09-06 09:45:00,3.972,3.339765
2026-09-06 10:00:00,4.393,3.67569
2026-09-06 10:15:00,4.903,4.1237325
2026-09-06 10:30:00,5.481,4.571775
2026-09-06 10:45:00,6.029,5.0198175
2026-09-06 11:00:00,6.519,5.46786
2026-09-06 11:15:00,6.917,5.8379625
2026-09-06 11:30:00,7.316,6.2080649999999995
2026-09-06 11:45:00,7.709,6.5781675
2026-09-06 12:00:00,8.05,6.94827
2026-09-06 12:15:00,8.331,7.1876925
2026-09-06 12:30:00,8.495,7.427115000000001
2026-09-06 12:45:00,8.726,7.6665375000000004
2026-09-06 13:00:00,8.85,7.90596
2026-09-06 13:15:00,8.959,7.971277500000001
2026-09-06 13:30:00,9.071,8.036595000000002
2026-09-06 13:45:00,9.04,8.101912500000001
2026-09-06 14:00:00,7.83,8.167230000000002
2026-09-06 14:15:00,6.767,8.058442500000002
2026-09-06 14:30:00,6.733,7.949655000000002
2026-09-06 14:45:00,5.008,7.840867500000001
2026-09-06 15:00:00,7.419,7.732080000000001
2026-09-06 15:15:00,6.291,7.4913525000000005
2026-09-06 15:30:00,5.803,7.250624999999999
2026-09-06 15:45:00,5.338,7.009897499999999
2026-09-06 16:00:00,3.45,6.769169999999999
2026-09-06 16:15:00,2.403,6.356182499999999
2026-09-06 16:30:00,3.657,5.943194999999999
2026-09-06 16:45:00,2.665,5.5302074999999995
2026-09-06 17:00:00,1.769,5.11722
2026-09-06 17:15:00,1.891,4.653967499999999
2026-09-06 17:30:00,1.558,4.190715
2026-09-06 17:45:00,1.686,3.7274624999999997
2026-09-06 18:00:00,1.513,3.26421
2026-09-06 18:15:00,1.266,2.9513925
2026-09-06 18:30:00,0.913,2.6385750000000003
2026-09-06 18:45:00,0.432,2.3257575000000004
2026-09-06 19:00:00,0.235,2.0129400000000004
2026-09-06 19:15:00,0.173,1.6200450000000002
2026-09-06 19:30:00,0.079,1.2271500000000002
2026-09-06 19:45:00,0.019,0.8342550000000002
2026-09-06 20:00:00,0.0,0.44136
2026-09-06 20:15:00,0.0,0.33102
2026-09-06 20:30:00,0.0,0.22068
2026-09-06 20:45:00,0.0,0.11034
2026-09-06 21:00:00,0.0,0.0
2026-09-06 21:15:00,0.0,0.0
2026-09-06 21:30:00,0.0,0.0
2026-09-06 21:45:00,0.0,0.0
2026-09-06 22:00:00,0.0,0.0
2026-09-06 22:15:00,0.0,0.0
2026-09-06 22:30:00,0.0,0.0
2026-09-06 22:45:00,0.0,0.0
2026-09-06 23:00:00,0.0,0.0
2026-09-06 23:15:00,0.0,0.0
2026-09-06 23:30:00,0.0,0.0
2026-09-06 23:45:00,0.0,0.0
2026-09-07 00:00:00,0.0,0.0
2026-09-07 00:15:00,0.0,0.0
2026-09-07 00:30:00,0.0,0.0
2026-09-07 00:45:00,0.0,0.0
2026-09-07 01:00:00,0.0,0.0
2026-09-07 01:15:00,0.0,0.0
2026-09-07 01:30:00,0.0,0.0
2026-09-07 01:45:00,0.0,0.0
2026-09-07 02:00:00,0.0,0.0
2026-09-07 02:15:00,0.0,0.0
2026-09-07 02:30:00,0.0,0.0
2026-09-07 02:45:00,0.0,0.0
2026-09-07 03:00:00,0.0,0.0
2026-09-07 03:15:00,0.0,0.0
2026-09-07 03:30:00,0.0,0.0
2026-09-07 03:45:00,0.0,0.0
2026-09-07 04:00:00,0.0,0.0
2026-09-07 04:15:00,0.0,0.0
2026-09-07 04:30:00,0.0,0.0
2026-09-07 04:45:00,0.0,0.0
2026-09-07 05:00:00,0.0,0.0
2026-09-07 05:15:00,0.0,0.0
2026-09-07 05:30:00,0.0,0.0
2026-09-07 05:45:00,0.0,0.0
2026-09-07 06:00:00,0.0,0.0
2026-09-07 06:15:00,0.0,0.0
2026-09-07 06:30:00,0.0,0.0
2026-09-07 06:45:00,0.029,0.0
2026-09-07 07:00:00,0.11,0.0
2026-09-07 07:15:00,0.265,0.0502425
2026-09-07 07:30:00,0.376,0.100485
2026-09-07 07:45:00,0.476,0.15072750000000001
2026-09-07 08:00:00,0.54,0.20097
2026-09-07 08:15:00,0.897,0.2955825
2026-09-07 08:30:00,1.264,0.39019500000000007
2026-09-07 08:45:00,1.662,0.48480750000000006
2026-09-07 09:00:00,0.743,0.57942
2026-09-07 09:15:00,0.413,0.6490575000000001
2026-09-07 09:30:00,0.498,0.718695
2026-09-07 09:45:00,1.186,0.7883324999999999
2026-09-07 10:00:00,2.394,0.8579699999999999
2026-09-07 10:15:00,5.353,1.024875
2026-09-07 10:30:00,2.455,1.19178
2026-09-07 10:45:00,2.861,1.358685
2026-09-07 11:00:00,2.624,1.52559
2026-09-07 11:15:00,6.267,2.41092
2026-09-07 11:30:00,7.401,3.2962499999999997
2026-09-07 11:45:00,6.863,4.18158
2026-09-07 12:00:00,7.783,5.06691
2026-09-07 12:15:00,7.948,5.598495
2026-09-07 12:30:00,8.212,6.13008
2026-09-07 12:45:00,8.154,6.661665000000001
2026-09-07 13:00:00,8.488,7.193250000000001
2026-09-07 13:15:00,8.564,7.089885000000001
2026-09-07 13:30:00,8.606,6.9865200000000005
2026-09-07 13:45:00,8.636,6.883155
2026-09-07 14:00:00,7.837,6.77979
2026-09-07 14:15:00,8.997,6.7061025
2026-09-07 14:30:00,5.107,6.632415
2026-09-07 14:45:00,5.558,6.5587275
2026-09-07 15:00:00,6.113,6.48504
2026-09-07 15:15:00,5.145,6.3489375
2026-09-07 15:30:00,4.366,6.212835
2026-09-07 15:45:00,1.458,6.076732500000001
2026-09-07 16:00:00,1.131,5.940630000000001
2026-09-07 16:15:00,1.398,5.2567875000000015
2026-09-07 16:30:00,1.477,4.572945000000001
2026-09-07 16:45:00,1.353,3.8891025000000004
2026-09-07 17:00:00,1.459,3.20526
2026-09-07 17:15:00,1.505,2.9459475
2026-09-07 17:30:00,1.424,2.686635
2026-09-07 17:45:00,1.536,2.4273225000000003
2026-09-07 18:00:00,0.89,2.16801
2026-09-07 18:15:00,0.741,2.11743
2026-09-07 18:30:00,0.624,2.06685
2026-09-07 18:45:00,0.41,2.01627
2026-09-07 19:00:00,0.241,1.96569
2026-09-07 19:15:00,0.137,1.60164
2026-09-07 19:30:00,0.056,1.23759
2026-09-07 19:45:00,0.011,0.87354
2026-09-07 20:00:00,0.0,0.50949
2026-09-07 20:15:00,0.0,0.3821175
2026-09-07 20:30:00,0.0,0.254745
2026-09-07 20:45:00,0.0,0.1273725
2026-09-07 21:00:00,0.0,0.0
2026-09-07 21:15:00,0.0,0.0
2026-09-07 21:30:00,0.0,0.0
2026-09-07 21:45:00,0.0,0.0
2026-09-07 22:00:00,0.0,0.0
2026-09-07 22:15:00,0.0,0.0
2026-09-07 22:30:00,0.0,0.0
2026-09-07 22:45:00,0.0,0.0
2026-09-07 23:00:00,0.0,0.0
2026-09-07 23:15:00,0.0,0.0
2026-09-07 23:30:00,0.0,0.0
2026-09-07 23:45:00,0.0,0.0
2026-09-08 00:00:00,0.0,0.0
2026-09-08 00:15:00,0.0,0.0
2026-09-08 00:30:00,0.0,0.0
2026-09-08 00:45:00,0.0,0.0
2026-09-08 01:00:00,0.0,0.0
2026-09-08 01:15:00,0.0,0.0
2026-09-08 01:30:00,0.0,0.0
2026-09-08 01:45:00,0.0,0.0
2026-09-08 02:00:00,0.0,0.0
2026-09-08 02:15:00,0.0,0.0
2026-09-08 02:30:00,0.0,0.0
2026-09-08 02:45:00,0.0,0.0
2026-09-08 03:00:00,0.0,0.0
2026-09-08 03:15:00,0.0,0.0
2026-09-08 03:30:00,0.0,0.0
2026-09-08 03:45:00,0.0,0.0
2026-09-08 04:00:00,0.0,0.0
2026-09-08 04:15:00,0.0,0.0
2026-09-08 04:30:00,0.0,0.0
2026-09-08 04:45:00,0.0,0.0
2026-09-08 05:00:00,0.0,0.0
2026-09-08 05:15:00,0.0,0.0
2026-09-08 05:30:00,0.0,0.0
2026-09-08 05:45:00,0.0,0.0
2026-09-08 06:00:00,0.0,0.0
2026-09-08 06:15:00,0.0,0.0
2026-09-08 06:30:00,0.002,0.0
2026-09-08 06:45:00,0.035,0.0
2026-09-08 07:00:00,0.112,0.0
2026-09-08 07:15:00,0.22,0.2146725
2026-09-08 07:30:00,0.424,0.429345
2026-09-08 07:45:00,1.004,0.6440174999999999
2026-09-08 08:00:00,1.678,0.85869
2026-09-08 08:15:00,2.053,1.0679175
2026-09-08 08:30:00,2.485,1.277145
2026-09-08 08:45:00,2.81,1.4863724999999999
2026-09-08 09:00:00,2.987,1.6956
2026-09-08 09:15:00,3.286,2.081295
2026-09-08 09:30:00,3.52,2.46699
2026-09-08 09:45:00,3.711,2.852685
2026-09-08 10:00:00,4.111,3.23838
2026-09-08 10:15:00,4.572,3.7586025
2026-09-08 10:30:00,5.089,4.278825
2026-09-08 10:45:00,5.637,4.7990475
2026-09-08 11:00:00,6.059,5.31927
2026-09-08 11:15:00,6.473,5.7197700000000005
2026-09-08 11:30:00,6.864,6.12027
2026-09-08 11:45:00,7.185,6.520769999999999
2026-09-08 12:00:00,7.453,6.921269999999999
2026-09-08 12:15:00,7.733,7.014374999999999
2026-09-08 12:30:00,8.028,7.107480000000001
2026-09-08 12:45:00,8.172,7.200585000000001
2026-09-08 13:00:00,8.313,7.293690000000002
2026-09-08 13:15:00,8.397,7.313422500000001
2026-09-08 13:30:00,8.493,7.333155
2026-09-08 13:45:00,8.511,7.3528875
2026-09-08 14:00:00,8.378,7.372619999999999
2026-09-08 14:15:00,8.155,7.513289999999999
2026-09-08 14:30:00,7.528,7.65396
2026-09-08 14:45:00,6.641,7.79463
2026-09-08 15:00:00,6.169,7.9353
2026-09-08 15:15:00,5.76,7.7036625
2026-09-08 15:30:00,5.297,7.472025
2026-09-08 15:45:00,4.645,7.2403875
2026-09-08 16:00:00,4.347,7.00875
2026-09-08 16:15:00,3.588,6.6077775
2026-09-08 16:30:00,2.788,6.206805
2026-09-08 16:45:00,2.255,5.8058325
2026-09-08 17:00:00,2.021,5.40486
2026-09-08 17:15:00,1.901,4.99347
2026-09-08 17:30:00,1.812,4.58208
2026-09-08 17:45:00,1.66,4.1706900000000005
2026-09-08 18:00:00,1.435,3.7593
2026-09-08 18:15:00,1.141,3.4064550000000002
2026-09-08 18:30:00,0.777,3.05361
2026-09-08 18:45:00,0.261,2.7007649999999996
2026-09-08 19:00:00,0.177,2.34792
2026-09-08 19:15:00,0.107,1.8961424999999998
2026-09-08 19:30:00,0.043,1.444365
2026-09-08 19:45:00,0.005,0.9925875
2026-09-08 20:00:00,0.0,0.5408100000000001
2026-09-08 20:15:00,0.0,0.4056075000000001
2026-09-08 20:30:00,0.0,0.27040500000000006
2026-09-08 20:45:00,0.0,0.1352025
2026-09-08 21:00:00,0.0,0.0
2026-09-08 21:15:00,0.0,0.0
2026-09-08 21:30:00,0.0,0.0
2026-09-08 21:45:00,0.0,0.0
2026-09-08 22:00:00,0.0,0.0
2026-09-08 22:15:00,0.0,0.0
2026-09-08 22:30:00,0.0,0.0
2026-09-08 22:45:00,0.0,0.0
2026-09-08 23:00:00,0.0,0.0
2026-09-08 23:15:00,0.0,0.0
2026-09-08 23:30:00,0.0,0.0
2026-09-08 23:45:00,0.0,0.0
2026-09-09 00:00:00,0.0,0.0
2026-09-09 00:15:00,0.0,0.0
2026-09-09 00:30:00,0.0,0.0
2026-09-09 00:45:00,0.0,0.0
2026-09-09 01:00:00,0.0,0.0
2026-09-09 01:15:00,0.0,0.0
2026-09-09 01:30:00,0.0,0.0
2026-09-09 01:45:00,0.0,0.0
2026-09-09 02:00:00,0.0,0.0
2026-09-09 02:15:00,0.0,0.0
2026-09-09 02:30:00,0.0,0.0
2026-09-09 02:45:00,0.0,0.0
2026-09-09 03:00:00,0.0,0.0
2026-09-09 03:15:00,0.0,0.0
2026-09-09 03:30:00,0.0,0.0
2026-09-09 03:45:00,0.0,0.0
2026-09-09 04:00:00,0.0,0.0
2026-09-09 04:15:00,0.0,0.0
2026-09-09 04:30:00,0.0,0.0
2026-09-09 04:45:00,0.0,0.0
2026-09-09 05:00:00,0.0,0.0
2026-09-09 05:15:00,0.0,0.0
2026-09-09 05:30:00,0.0,0.0
2026-09-09 05:45:00,0.0,0.0
2026-09-09 06:00:00,0.0,0.0
2026-09-09 06:15:00,0.0,0.0
2026-09-09 06:30:00,0.0,0.0
2026-09-09 06:45:00,0.002,0.0
2026-09-09 07:00:00,0.041,0.0
2026-09-09 07:15:00,0.112,0.0457875
2026-09-09 07:30:00,0.163,0.091575
2026-09-09 07:45:00,0.126,0.1373625
2026-09-09 08:00:00,0.154,0.18315
2026-09-09 08:15:00,0.117,0.29569500000000004
2026-09-09 08:30:00,0.244,0.40824000000000005
2026-09-09 08:45:00,0.436,0.520785
2026-09-09 09:00:00,0.616,0.6333300000000001
2026-09-09 09:15:00,0.995,0.7183350000000001
2026-09-09 09:30:00,1.16,0.80334
2026-09-09 09:45:00,1.546,0.888345
2026-09-09 10:00:00,2.075,0.97335
2026-09-09 10:15:00,1.908,1.2216150000000001
2026-09-09 10:30:00,1.64,1.46988
2026-09-09 10:45:00,1.128,1.718145
2026-09-09 11:00:00,0.971,1.96641
2026-09-09 11:15:00,0.909,2.081565
2026-09-09 11:30:00,1.562,2.19672
2026-09-09 11:45:00,2.241,2.3118749999999997
2026-09-09 12:00:00,2.899,2.42703
2026-09-09 12:15:00,2.783,2.8566
2026-09-09 12:30:00,2.252,3.2861699999999994
2026-09-09 12:45:00,2.81,3.7157399999999994
2026-09-09 13:00:00,2.701,4.145309999999999
2026-09-09 13:15:00,5.488,4.035397499999999
2026-09-09 13:30:00,2.891,3.9254849999999997
2026-09-09 13:45:00,3.279,3.8155725
2026-09-09 14:00:00,2.717,3.70566
2026-09-09 14:15:00,2.129,3.65751
2026-09-09 14:30:00,1.618,3.6093599999999997
2026-09-09 14:45:00,2.839,3.56121
2026-09-09 15:00:00,2.724,3.51306
2026-09-09 15:15:00,2.589,3.3794775
2026-09-09 15:30:00,3.049,3.245895
2026-09-09 15:45:00,2.239,3.1123125
2026-09-09 16:00:00,2.569,2.97873
2026-09-09 16:15:00,2.341,2.776725
2026-09-09 16:30:00,1.959,2.57472
2026-09-09 16:45:00,1.758,2.3727150000000004
2026-09-09 17:00:00,1.925,2.17071
2026-09-09 17:15:00,1.751,1.9425150000000002
2026-09-09 17:30:00,1.333,1.71432
2026-09-09 17:45:00,0.836,1.486125
2026-09-09 18:00:00,1.252,1.25793
2026-09-09 18:15:00,1.335,1.197045
2026-09-09 18:30:00,0.971,1.1361599999999998
2026-09-09 18:45:00,0.424,1.075275
2026-09-09 19:00:00,0.148,1.01439
2026-09-09 19:15:00,0.057,0.8322749999999999
2026-09-09 19:30:00,0.041,0.65016
2026-09-09 19:45:00,0.0,0.46804500000000004
2026-09-09 20:00:00,0.0,0.28593
2026-09-09 20:15:00,0.0,0.2144475
2026-09-09 20:30:00,0.0,0.142965
2026-09-09 20:45:00,0.0,0.0714825
2026-09-09 21:00:00,0.0,0.0
2026-09-09 21:15:00,0.0,0.0
2026-09-09 21:30:00,0.0,0.0
2026-09-09 21:45:00,0.0,0.0
2026-09-09 22:00:00,0.0,0.0
2026-09-09 22:15:00,0.0,0.0
2026-09-09 22:30:00,0.0,0.0
2026-09-09 22:45:00,0.0,0.0
2026-09-09 23:00:00,0.0,0.0
2026-09-09 23:15:00,0.0,0.0
2026-09-09 23:30:00,0.0,0.0
2026-09-09 23:45:00,0.0,0.0
2026-09-10 00:00:00,0.0,0.0
2026-09-10 00:15:00,0.0,0.0
2026-09-10 00:30:00,0.0,0.0
2026-09-10 00:45:00,0.0,0.0
2026-09-10 01:00:00,0.0,0.0
2026-09-10 01:15:00,0.0,0.0
2026-09-10 01:30:00,0.0,0.0
2026-09-10 01:45:00,0.0,0.0
2026-09-10 02:00:00,0.0,0.0
2026-09-10 02:15:00,0.0,0.0
2026-09-10 02:30:00,0.0,0.0
2026-09-10 02:45:00,0.0,0.0
2026-09-10 03:00:00,0.0,0.0
2026-09-10 03:15:00,0.0,0.0
2026-09-10 03:30:00,0.0,0.0
2026-09-10 03:45:00,0.0,0.0
2026-09-10 04:00:00,0.0,0.0
2026-09-10 04:15:00,0.0,0.0
2026-09-10 04:30:00,0.0,0.0
2026-09-10 04:45:00,0.0,0.0
2026-09-10 05:00:00,0.0,0.0
2026-09-10 05:15:00,0.0,0.0
2026-09-10 05:30:00,0.0,0.0
2026-09-10 05:45:00,0.0,0.0
2026-09-10 06:00:00,0.0,0.0
2026-09-10 06:15:00,0.0,0.0
2026-09-10 06:30:00,0.0,0.0
2026-09-10 06:45:00,0.013,0.0
2026-09-10 07:00:00,0.068,0.0
2026-09-10 07:15:00,0.17,0.1541925
2026-09-10 07:30:00,0.388,0.308385
2026-09-10 07:45:00,0.682,0.46257750000000003
2026-09-10 08:00:00,0.996,0.61677
2026-09-10 08:15:00,1.593,0.9489825000000001
2026-09-10 08:30:00,2.048,1.2811949999999999
2026-09-10 08:45:00,1.38,1.6134074999999999
2026-09-10 09:00:00,2.05,1.94562
2026-09-10 09:15:00,2.941,2.2452300000000003
2026-09-10 09:30:00,2.571,2.54484
2026-09-10 09:45:00,2.422,2.84445
2026-09-10 10:00:00,2.393,3.1440600000000005
2026-09-10 10:15:00,3.612,3.5824725000000006
2026-09-10 10:30:00,4.009,4.020885
2026-09-10 10:45:00,6.177,4.4592975
2026-09-10 11:00:00,6.387,4.89771
2026-09-10 11:15:00,7.405,5.28651
2026-09-10 11:30:00,7.268,5.67531
2026-09-10 11:45:00,8.021,6.0641099999999994
2026-09-10 12:00:00,6.095,6.452909999999999
2026-09-10 12:15:00,3.414,6.6950325
2026-09-10 12:30:00,4.009,6.937155
2026-09-10 12:45:00,2.579,7.1792774999999995
2026-09-10 13:00:00,7.174,7.4214
2026-09-10 13:15:00,2.628,7.6465125
2026-09-10 13:30:00,8.277,7.871625000000001
2026-09-10 13:45:00,9.339,8.096737500000001
2026-09-10 14:00:00,9.704,8.321850000000001
2026-09-10 14:15:00,9.348,8.041792500000001
2026-09-10 14:30:00,8.655,7.761735
2026-09-10 14:45:00,1.967,7.4816775
2026-09-10 15:00:00,2.309,7.201619999999999
2026-09-10 15:15:00,4.896,6.898387499999999
2026-09-10 15:30:00,2.285,6.595155
2026-09-10 15:45:00,1.532,6.2919225
2026-09-10 16:00:00,1.153,5.98869
2026-09-10 16:15:00,2.094,5.69043
2026-09-10 16:30:00,1.458,5.39217
2026-09-10 16:45:00,1.304,5.09391
2026-09-10 17:00:00,1.267,4.79565
2026-09-10 17:15:00,1.023,4.2816375
2026-09-10 17:30:00,0.845,3.7676250000000002
2026-09-10 17:45:00,0.598,3.2536125
2026-09-10 18:00:00,0.537,2.7396000000000003
2026-09-10 18:15:00,0.476,2.575575
2026-09-10 18:30:00,0.47,2.41155
2026-09-10 18:45:00,0.391,2.247525
2026-09-10 19:00:00,0.161,2.0835
2026-09-10 19:15:00,0.053,1.6244325
2026-09-10 19:30:00,0.024,1.165365
2026-09-10 19:45:00,0.0,0.7062975
2026-09-10 20:00:00,0.0,0.24723
2026-09-10 20:15:00,0.0,0.1854225
2026-09-10 20:30:00,0.0,0.123615
2026-09-10 20:45:00,0.0,0.061807500000000015
2026-09-10 21:00:00,0.0,0.0
2026-09-10 21:15:00,0.0,0.0
2026-09-10 21:30:00,0.0,0.0
2026-09-10 21:45:00,0.0,0.0
2026-09-10 22:00:00,0.0,0.0
2026-09-10 22:15:00,0.0,0.0
2026-09-10 22:30:00,0.0,0.0
2026-09-10 22:45:00,0.0,0.0
2026-09-10 23:00:00,0.0,0.0
2026-09-10 23:15:00,0.0,0.0
2026-09-10 23:30:00,0.0,0.0
2026-09-10 23:45:00,0.0,0.0
2026-09-11 00:00:00,0.0,0.0
2026-09-11 00:15:00,0.0,0.0
2026-09-11 00:30:00,0.0,0.0
2026-09-11 00:45:00,0.0,0.0
2026-09-11 01:00:00,0.0,0.0
2026-09-11 01:15:00,0.0,0.0
2026-09-11 01:30:00,0.0,0.0
2026-09-11 01:45:00,0.0,0.0
2026-09-11 02:00:00,0.0,0.0
2026-09-11 02:15:00,0.0,0.0
2026-09-11 02:30:00,0.0,0.0
2026-09-11 02:45:00,0.0,0.0
2026-09-11 03:00:00,0.0,0.0
2026-09-11 03:15:00,0.0,0.0
2026-09-11 03:30:00,0.0,0.0
2026-09-11 03:45:00,0.0,0.0
2026-09-11 04:00:00,0.0,0.0
2026-09-11 04:15:00,0.0,0.0
2026-09-11 04:30:00,0.0,0.0
2026-09-11 04:45:00,0.0,0.0
2026-09-11 05:00:00,0.0,0.0
2026-09-11 05:15:00,0.0,0.0
2026-09-11 05:30:00,0.0,0.0
2026-09-11 05:45:00,0.0,0.0
2026-09-11 06:00:00,0.0,0.0
2026-09-11 06:15:00,0.0,0.0
2026-09-11 06:30:00,0.0,0.0
2026-09-11 06:45:00,0.006,0.0
2026-09-11 07:00:00,0.041,0.0
2026-09-11 07:15:00,0.125,0.100665
2026-09-11 07:30:00,0.331,0.20133
2026-09-11 07:45:00,0.388,0.301995
2026-09-11 08:00:00,0.467,0.40266
2026-09-11 08:15:00,0.63,0.52866
2026-09-11 08:30:00,0.841,0.65466
2026-09-11 08:45:00,0.931,0.78066
2026-09-11 09:00:00,1.243,0.90666
2026-09-11 09:15:00,2.213,1.1668275000000001
2026-09-11 09:30:00,2.8,1.426995
2026-09-11 09:45:00,3.534,1.6871625
2026-09-11 10:00:00,3.572,1.94733
2026-09-11 10:15:00,4.533,2.4073875
2026-09-11 10:30:00,5.057,2.867445
2026-09-11 10:45:00,6.629,3.3275025
2026-09-11 11:00:00,5.683,3.78756
2026-09-11 11:15:00,6.689,4.3739775000000005
2026-09-11 11:30:00,6.793,4.960395
2026-09-11 11:45:00,7.346,5.5468125
2026-09-11 12:00:00,8.115,6.13323
2026-09-11 12:15:00,8.694,5.7962475
2026-09-11 12:30:00,9.002,5.459265
2026-09-11 12:45:00,7.063,5.122282500000001
2026-09-11 13:00:00,5.038,4.7853
2026-09-11 13:15:00,4.625,4.862902500000001
2026-09-11 13:30:00,4.364,4.940505
2026-09-11 13:45:00,7.652,5.0181075
2026-09-11 14:00:00,2.769,5.09571
2026-09-11 14:15:00,8.843,5.428192500000001
2026-09-11 14:30:00,1.909,5.760675000000001
2026-09-11 14:45:00,2.551,6.0931575
2026-09-11 15:00:00,6.71,6.4256400000000005
2026-09-11 15:15:00,5.062,6.492757500000001
2026-09-11 15:30:00,4.397,6.559875
2026-09-11 15:45:00,5.04,6.6269925
2026-09-11 16:00:00,4.062,6.69411
2026-09-11 16:15:00,3.502,6.1917075
2026-09-11 16:30:00,2.544,5.689305
2026-09-11 16:45:00,2.699,5.1869025
2026-09-11 17:00:00,2.349,4.6845
2026-09-11 17:15:00,1.921,4.2850575
2026-09-11 17:30:00,1.175,3.885615
2026-09-11 17:45:00,1.236,3.4861725000000003
2026-09-11 18:00:00,0.548,3.08673
2026-09-11 18:15:00,0.5,2.79558
2026-09-11 18:30:00,0.274,2.50443
2026-09-11 18:45:00,0.204,2.21328
2026-09-11 19:00:00,0.163,1.92213
2026-09-11 19:15:00,0.087,1.5227549999999999
2026-09-11 19:30:00,0.041,1.12338
2026-09-11 19:45:00,0.001,0.724005
2026-09-11 20:00:00,0.0,0.32463
2026-09-11 20:15:00,0.0,0.24347249999999998
2026-09-11 20:30:00,0.0,0.162315
2026-09-11 20:45:00,0.0,0.0811575
2026-09-11 21:00:00,0.0,0.0
2026-09-11 21:15:00,0.0,0.0
2026-09-11 21:30:00,0.0,0.0
2026-09-11 21:45:00,0.0,0.0
2026-09-11 22:00:00,0.0,0.0
2026-09-11 22:15:00,0.0,0.0
2026-09-11 22:30:00,0.0,0.0
2026-09-11 22:45:00,0.0,0.0
2026-09-11 23:00:00,0.0,0.0
2026-09-11 23:15:00,0.0,0.0
2026-09-11 23:30:00,0.0,0.0
2026-09-11 23:45:00,0.0,0.0
2026-09-12 00:00:00,0.0,0.0
2026-09-12 00:15:00,0.0,0.0
2026-09-12 00:30:00,0.0,0.0
2026-09-12 00:45:00,0.0,0.0
2026-09-12 01:00:00,0.0,0.0
2026-09-12 01:15:00,0.0,0.0
2026-09-12 01:30:00,0.0,0.0
2026-09-12 01:45:00,0.0,0.0
2026-09-12 02:00:00,0.0,0.0
2026-09-12 02:15:00,0.0,0.0
2026-09-12 02:30:00,0.0,0.0
2026-09-12 02:45:00,0.0,0.0
2026-09-12 03:00:00,0.0,0.0
2026-09-12 03:15:00,0.0,0.0
2026-09-12 03:30:00,0.0,0.0
2026-09-12 03:45:00,0.0,0.0
2026-09-12 04:00:00,0.0,0.0
2026-09-12 04:15:00,0.0,0.0
2026-09-12 04:30:00,0.0,0.0
2026-09-12 04:45:00,0.0,0.0
2026-09-12 05:00:00,0.0,0.0
2026-09-12 05:15:00,0.0,0.0
2026-09-12 05:30:00,0.0,0.0
2026-09-12 05:45:00,0.0,0.0
2026-09-12 06:00:00,0.0,0.0
2026-09-12 06:15:00,0.0,0.0
2026-09-12 06:30:00,0.0,0.0
2026-09-12 06:45:00,0.0,0.0
2026-09-12 07:00:00,0.028,0.0
2026-09-12 07:15:00,0.062,0.0836325
2026-09-12 07:30:00,0.143,0.167265
2026-09-12 07:45:00,0.301,0.2508975
2026-09-12 08:00:00,0.533,0.33453
2026-09-12 08:15:00,0.674,0.5902425
2026-09-12 08:30:00,0.859,0.845955
2026-09-12 08:45:00,1.083,1.1016675
2026-09-12 09:00:00,1.311,1.35738
2026-09-12 09:15:00,2.072,1.676835
2026-09-12 09:30:00,3.234,1.9962900000000001
2026-09-12 09:45:00,2.692,2.315745
2026-09-12 10:00:00,3.255,2.6352
2026-09-12 10:15:00,4.328,3.068505
2026-09-12 10:30:00,4.656,3.5018100000000003
2026-09-12 10:45:00,3.598,3.9351150000000006
2026-09-12 11:00:00,3.2,4.36842
2026-09-12 11:15:00,3.349,4.6791225
2026-09-12 11:30:00,3.235,4.989825
2026-09-12 11:45:00,2.433,5.3005275
2026-09-12 12:00:00,2.556,5.61123
2026-09-12 12:15:00,4.76,5.614875
2026-09-12 12:30:00,8.833,5.61852
2026-09-12 12:45:00,9.123,5.622165000000001
2026-09-12 13:00:00,8.645,5.62581
2026-09-12 13:15:00,3.713,5.611635000000001
2026-09-12 13:30:00,3.695,5.59746
2026-09-12 13:45:00,3.274,5.583285
2026-09-12 14:00:00,5.254,5.56911
2026-09-12 14:15:00,7.274,5.48379
2026-09-12 14:30:00,7.533,5.39847
2026-09-12 14:45:00,7.437,5.31315
2026-09-12 15:00:00,5.785,5.22783
2026-09-12 15:15:00,4.259,5.2757775
2026-09-12 15:30:00,2.127,5.323725
2026-09-12 15:45:00,1.865,5.3716725
2026-09-12 16:00:00,1.402,5.41962
2026-09-12 16:15:00,0.948,5.0282100000000005
2026-09-12 16:30:00,0.743,4.636800000000001
2026-09-12 16:45:00,0.724,4.24539
2026-09-12 17:00:00,0.565,3.853980000000001
2026-09-12 17:15:00,0.611,3.6811125000000007
2026-09-12 17:30:00,0.563,3.5082450000000005
2026-09-12 17:45:00,0.621,3.3353775000000003
2026-09-12 18:00:00,0.426,3.16251
2026-09-12 18:15:00,0.315,2.7476775
2026-09-12 18:30:00,0.277,2.332845
2026-09-12 18:45:00,0.184,1.9180124999999997
2026-09-12 19:00:00,0.116,1.5031799999999995
2026-09-12 19:15:00,0.061,1.1875499999999997
2026-09-12 19:30:00,0.02,0.8719199999999997
2026-09-12 19:45:00,0.0,0.5562899999999997
2026-09-12 20:00:00,0.0,0.2406599999999999
2026-09-12 20:15:00,0.0,0.18049499999999993
2026-09-12 20:30:00,0.0,0.12032999999999995
2026-09-12 20:45:00,0.0,0.06016499999999997
2026-09-12 21:00:00,0.0,0.0
2026-09-12 21:15:00,0.0,0.0
2026-09-12 21:30:00,0.0,0.0
2026-09-12 21:45:00,0.0,0.0
2026-09-12 22:00:00,0.0,0.0
2026-09-12 22:15:00,0.0,0.0
2026-09-12 22:30:00,0.0,0.0
2026-09-12 22:45:00,0.0,0.0
2026-09-12 23:00:00,0.0,0.0
2026-09-12 23:15:00,0.0,0.0
2026-09-12 23:30:00,0.0,0.0
2026-09-12 23:45:00,0.0,0.0
2026-09-13 00:00:00,0.0,0.0
2026-09-13 00:15:00,0.0,0.0
2026-09-13 00:30:00,0.0,0.0
2026-09-13 00:45:00,0.0,0.0
2026-09-13 01:00:00,0.0,0.0
2026-09-13 01:15:00,0.0,0.0
2026-09-13 01:30:00,0.0,0.0
2026-09-13 01:45:00,0.0,0.0
2026-09-13 02:00:00,0.0,0.0
2026-09-13 02:15:00,0.0,0.0
2026-09-13 02:30:00,0.0,0.0
2026-09-13 02:45:00,0.0,0.0
2026-09-13 03:00:00,0.0,0.0
2026-09-13 03:15:00,0.0,0.0
2026-09-13 03:30:00,0.0,0.0
2026-09-13 03:45:00,0.0,0.0
2026-09-13 04:00:00,0.0,0.0
2026-09-13 04:15:00,0.0,0.0
2026-09-13 04:30:00,0.0,0.0
2026-09-13 04:45:00,0.0,0.0
2026-09-13 05:00:00,0.0,0.0
2026-09-13 05:15:00,0.0,0.0
2026-09-13 05:30:00,0.0,0.0
2026-09-13 05:45:00,0.0,0.0
2026-09-13 06:00:00,0.0,0.0
2026-09-13 06:15:00,0.0,0.0
2026-09-13 06:30:00,0.0,0.0
2026-09-13 06:45:00,0.012,0.0
2026-09-13 07:00:00,0.05,0.0
2026-09-13 07:15:00,0.144,0.0740925
2026-09-13 07:30:00,0.299,0.148185
2026-09-13 07:45:00,1.14,0.22227750000000002
2026-09-13 08:00:00,1.474,0.29637
2026-09-13 08:15:00,0.731,0.469575
2026-09-13 08:30:00,0.746,0.64278
2026-09-13 08:45:00,1.015,0.815985
2026-09-13 09:00:00,0.781,0.98919
2026-09-13 09:15:00,0.928,1.07964
2026-09-13 09:30:00,1.043,1.17009
2026-09-13 09:45:00,1.813,1.26054
2026-09-13 10:00:00,1.973,1.35099
2026-09-13 10:15:00,1.694,1.569915
2026-09-13 10:30:00,1.718,1.78884
2026-09-13 10:45:00,1.837,2.007765
2026-09-13 11:00:00,2.756,2.22669
2026-09-13 11:15:00,3.478,2.5028550000000003
2026-09-13 11:30:00,2.713,2.77902
2026-09-13 11:45:00,3.276,3.055185
2026-09-13 12:00:00,2.571,3.33135
2026-09-13 12:15:00,3.588,2.95308
2026-09-13 12:30:00,4.767,2.5748100000000003
2026-09-13 12:45:00,2.878,2.1965400000000006
2026-09-13 13:00:00,1.376,1.8182700000000005
2026-09-13 13:15:00,3.081,1.8858600000000005
2026-09-13 13:30:00,3.698,1.9534500000000004
2026-09-13 13:45:00,2.778,2.02104
2026-09-13 14:00:00,2.433,2.08863
2026-09-13 14:15:00,1.756,1.9741725
2026-09-13 14:30:00,1.035,1.859715
2026-09-13 14:45:00,0.752,1.7452575
2026-09-13 15:00:00,0.684,1.6307999999999998
2026-09-13 15:15:00,0.692,1.5327224999999998
2026-09-13 15:30:00,0.988,1.434645
2026-09-13 15:45:00,1.684,1.3365675000000001
2026-09-13 16:00:00,1.523,1.23849
2026-09-13 16:15:00,1.391,1.2917025
2026-09-13 16:30:00,1.443,1.344915
2026-09-13 16:45:00,1.568,1.3981275000000002
2026-09-13 17:00:00,1.33,1.45134
2026-09-13 17:15:00,1.006,1.2704625
2026-09-13 17:30:00,1.156,1.089585
2026-09-13 17:45:00,0.743,0.9087075000000001
2026-09-13 18:00:00,0.394,0.7278300000000001
2026-09-13 18:15:00,0.172,0.5983425
2026-09-13 18:30:00,0.038,0.468855
2026-09-13 18:45:00,0.024,0.3393675
2026-09-13 19:00:00,0.043,0.2098799999999999
2026-09-13 19:15:00,0.007,0.16607249999999993
2026-09-13 19:30:00,0.0,0.12226499999999996
2026-09-13 19:45:00,0.0,0.07845749999999999
2026-09-13 20:00:00,0.0,0.03465
2026-09-13 20:15:00,0.0,0.0259875
2026-09-13 20:30:00,0.0,0.017325
2026-09-13 20:45:00,0.0,0.0086625
2026-09-13 21:00:00,0.0,0.0
2026-09-13 21:15:00,0.0,0.0
2026-09-13 21:30:00,0.0,0.0
2026-09-13 21:45:00,0.0,0.0
2026-09-13 22:00:00,0.0,0.0
2026-09-13 22:15:00,0.0,0.0
2026-09-13 22:30:00,0.0,0.0
2026-09-13 22:45:00,0.0,0.0
2026-09-13 23:00:00,0.0,0.0
2026-09-13 23:15:00,0.0,0.0
2026-09-13 23:30:00,0.0,0.0
2026-09-13 23:45:00,0.0,0.0
2026-09-14 00:00:00,0.0,0.0
2026-09-14 00:15:00,0.0,0.0
2026-09-14 00:30:00,0.0,0.0
2026-09-14 00:45:00,0.0,0.0
2026-09-14 01:00:00,0.0,0.0
2026-09-14 01:15:00,0.0,0.0
2026-09-14 01:30:00,0.0,0.0
2026-09-14 01:45:00,0.0,0.0
2026-09-14 02:00:00,0.0,0.0
2026-09-14 02:15:00,0.0,0.0
2026-09-14 02:30:00,0.0,0.0
2026-09-14 02:45:00,0.0,0.0
2026-09-14 03:00:00,0.0,0.0
2026-09-14 03:15:00,0.0,0.0
2026-09-14 03:30:00,0.0,0.0
2026-09-14 03:45:00,0.0,0.0
2026-09-14 04:00:00,0.0,0.0
2026-09-14 04:15:00,0.0,0.0
2026-09-14 04:30:00,0.0,0.0
2026-09-14 04:45:00,0.0,0.0
2026-09-14 05:00:00,0.0,0.0
2026-09-14 05:15:00,0.0,0.0
2026-09-14 05:30:00,0.0,0.0
2026-09-14 05:45:00,0.0,0.0
2026-09-14 06:00:00,0.0,0.0
2026-09-14 06:15:00,0.0,0.0
2026-09-14 06:30:00,0.0,0.0
2026-09-14 06:45:00,0.009,0.0
2026-09-14 07:00:00,0.044,0.0
2026-09-14 07:15:00,0.113,0.074475
2026-09-14 07:30:00,0.179,0.14895
2026-09-14 07:45:00,0.402,0.22342499999999998
2026-09-14 08:00:00,0.792,0.2979
2026-09-14 08:15:00,0.419,0.39195
2026-09-14 08:30:00,0.756,0.486
2026-09-14 08:45:00,1.047,0.58005
2026-09-14 09:00:00,1.007,0.6741
2026-09-14 09:15:00,0.655,0.6673725
2026-09-14 09:30:00,0.542,0.660645
2026-09-14 09:45:00,0.663,0.6539175
2026-09-14 10:00:00,0.853,0.64719
2026-09-14 10:15:00,1.068,0.91683
2026-09-14 10:30:00,1.491,1.18647
2026-09-14 10:45:00,1.795,1.45611
2026-09-14 11:00:00,2.434,1.72575
2026-09-14 11:15:00,3.716,1.9071449999999999
2026-09-14 11:30:00,3.398,2.08854
2026-09-14 11:45:00,3.564,2.2699350000000003
2026-09-14 12:00:00,3.69,2.45133
2026-09-14 12:15:00,1.77,2.83788
2026-09-14 12:30:00,7.114,3.22443
2026-09-14 12:45:00,6.522,3.6109799999999996
2026-09-14 13:00:00,3.385,3.99753
2026-09-14 13:15:00,4.187,4.47633
2026-09-14 13:30:00,5.969,4.95513
2026-09-14 13:45:00,7.094,5.43393
2026-09-14 14:00:00,5.066,5.91273
2026-09-14 14:15:00,5.792,5.824574999999999
2026-09-14 14:30:00,5.835,5.73642
2026-09-14 14:45:00,6.867,5.648265
2026-09-14 15:00:00,6.727,5.56011
2026-09-14 15:15:00,3.294,5.4471375
2026-09-14 15:30:00,2.706,5.3341650000000005
2026-09-14 15:45:00,3.429,5.2211925
2026-09-14 16:00:00,1.188,5.10822
2026-09-14 16:15:00,1.116,4.9584600000000005
2026-09-14 16:30:00,0.884,4.8087
2026-09-14 16:45:00,0.719,4.65894
2026-09-14 17:00:00,0.561,4.509180000000001
2026-09-14 17:15:00,0.473,4.20858
2026-09-14 17:30:00,0.441,3.9079800000000007
2026-09-14 17:45:00,0.414,3.607380000000001
2026-09-14 18:00:00,0.371,3.3067800000000007
2026-09-14 18:15:00,0.324,2.9520000000000004
2026-09-14 18:30:00,0.257,2.59722
2026-09-14 18:45:00,0.178,2.24244
2026-09-14 19:00:00,0.099,1.88766
2026-09-14 19:15:00,0.058,1.4724675
2026-09-14 19:30:00,0.02,1.057275
2026-09-14 19:45:00,0.0,0.6420824999999999
2026-09-14 20:00:00,0.0,0.22689
2026-09-14 20:15:00,0.0,0.1701675
2026-09-14 20:30:00,0.0,0.113445
2026-09-14 20:45:00,0.0,0.05672250000000001
2026-09-14 21:00:00,0.0,0.0
2026-09-14 21:15:00,0.0,0.0
2026-09-14 21:30:00,0.0,0.0
2026-09-14 21:45:00,0.0,0.0
2026-09-14 22:00:00,0.0,0.0
2026-09-14 22:15:00,0.0,0.0
2026-09-14 22:30:00,0.0,0.0
2026-09-14 22:45:00,0.0,0.0
2026-09-14 23:00:00,0.0,0.0
2026-09-14 23:15:00,0.0,0.0
2026-09-14 23:30:00,0.0,0.0
2026-09-14 23:45:00,0.0,0.0
2026-09-15 00:00:00,0.0,0.0
2026-09-15 00:15:00,0.0,0.0
2026-09-15 00:30:00,0.0,0.0
2026-09-15 00:45:00,0.0,0.0
2026-09-15 01:00:00,0.0,0.0
2026-09-15 01:15:00,0.0,0.0
2026-09-15 01:30:00,0.0,0.0
2026-09-15 01:45:00,0.0,0.0
2026-09-15 02:00:00,0.0,0.0
2026-09-15 02:15:00,0.0,0.0
2026-09-15 02:30:00,0.0,0.0
2026-09-15 02:45:00,0.0,0.0
2026-09-15 03:00:00,0.0,0.0
2026-09-15 03:15:00,0.0,0.0
2026-09-15 03:30:00,0.0,0.0
2026-09-15 03:45:00,0.0,0.0
2026-09-15 04:00:00,0.0,0.0
2026-09-15 04:15:00,0.0,0.0
2026-09-15 04:30:00,0.0,0.0
2026-09-15 04:45:00,0.0,0.0
2026-09-15 05:00:00,0.0,0.0
2026-09-15 05:15:00,0.0,0.0
2026-09-15 05:30:00,0.0,0.0
2026-09-15 05:45:00,0.0,0.0
2026-09-15 06:00:00,0.0,0.0
2026-09-15 06:15:00,0.0,0.0
2026-09-15 06:30:00,0.0,0.0
2026-09-15 06:45:00,0.015,0.0
2026-09-15 07:00:00,0.056,0.0
2026-09-15 07:15:00,0.14,0.16724250000000002
2026-09-15 07:30:00,0.176,0.33448500000000003
2026-09-15 07:45:00,0.51,0.5017275000000001
2026-09-15 08:00:00,1.693,0.6689700000000001
2026-09-15 08:15:00,2.19,1.0383075
2026-09-15 08:30:00,2.546,1.407645
2026-09-15 08:45:00,2.818,1.7769825
2026-09-15 09:00:00,3.054,2.14632
2026-09-15 09:15:00,3.3,2.4853725
2026-09-15 09:30:00,3.473,2.8244249999999997
2026-09-15 09:45:00,3.761,3.1634775
2026-09-15 10:00:00,4.164,3.50253
2026-09-15 10:15:00,4.652,3.960945
2026-09-15 10:30:00,5.195,4.41936
2026-09-15 10:45:00,5.7,4.877775
2026-09-15 11:00:00,6.206,5.33619
2026-09-15 11:15:00,6.685,5.7033000000000005
2026-09-15 11:30:00,7.134,6.070410000000001
2026-09-15 11:45:00,7.485,6.43752
2026-09-15 12:00:00,7.799,6.80463
2026-09-15 12:15:00,8.107,7.0319925
2026-09-15 12:30:00,8.356,7.259355000000001
2026-09-15 12:45:00,8.561,7.486717500000001
2026-09-15 13:00:00,8.726,7.714080000000001
2026-09-15 13:15:00,8.922,7.786372500000001
2026-09-15 13:30:00,8.533,7.858665000000001
2026-09-15 13:45:00,8.765,7.930957500000002
2026-09-15 14:00:00,8.636,8.003250000000001
2026-09-15 14:15:00,6.193,7.856347500000001
2026-09-15 14:30:00,8.112,7.7094450000000005
2026-09-15 14:45:00,6.966,7.562542500000001
2026-09-15 15:00:00,6.285,7.415640000000001
2026-09-15 15:15:00,5.688,7.177882500000001
2026-09-15 15:30:00,5.245,6.940125
2026-09-15 15:45:00,4.567,6.7023675
2026-09-15 16:00:00,3.79,6.46461
2026-09-15 16:15:00,2.591,6.0932025
2026-09-15 16:30:00,1.935,5.721795
2026-09-15 16:45:00,2.037,5.3503875
2026-09-15 17:00:00,1.703,4.97898
2026-09-15 17:15:00,1.642,4.5486675000000005
2026-09-15 17:30:00,1.418,4.118355
2026-09-15 17:45:00,1.197,3.6880425000000003
2026-09-15 18:00:00,0.916,3.2577300000000005
2026-09-15 18:15:00,0.928,2.8768050000000005
2026-09-15 18:30:00,0.432,2.49588
2026-09-15 18:45:00,0.18,2.114955
2026-09-15 19:00:00,0.112,1.73403
2026-09-15 19:15:00,0.05,1.3347
2026-09-15 19:30:00,0.003,0.93537
2026-09-15 19:45:00,0.0,0.5360400000000001
2026-09-15 20:00:00,0.0,0.13671
2026-09-15 20:15:00,0.0,0.1025325
2026-09-15 20:30:00,0.0,0.068355
2026-09-15 20:45:00,0.0,0.0341775
2026-09-15 21:00:00,0.0,0.0
2026-09-15 21:15:00,0.0,0.0
2026-09-15 21:30:00,0.0,0.0
2026-09-15 21:45:00,0.0,0.0
2026-09-15 22:00:00,0.0,0.0
2026-09-15 22:15:00,0.0,0.0
2026-09-15 22:30:00,0.0,0.0
2026-09-15 22:45:00,0.0,0.0
2026-09-15 23:00:00,0.0,0.0
2026-09-15 23:15:00,0.0,0.0
2026-09-15 23:30:00,0.0,0.0
2026-09-15 23:45:00,0.0,0.0
2026-09-16 00:00:00,0.0,0.0
2026-09-16 00:15:00,0.0,0.0
2026-09-16 00:30:00,0.0,0.0
2026-09-16 00:45:00,0.0,0.0
2026-09-16 01:00:00,0.0,0.0
2026-09-16 01:15:00,0.0,0.0
2026-09-16 01:30:00,0.0,0.0
2026-09-16 01:45:00,0.0,0.0
2026-09-16 02:00:00,0.0,0.0
2026-09-16 02:15:00,0.0,0.0
2026-09-16 02:30:00,0.0,0.0
2026-09-16 02:45:00,0.0,0.0
2026-09-16 03:00:00,0.0,0.0
2026-09-16 03:15:00,0.0,0.0
2026-09-16 03:30:00,0.0,0.0
2026-09-16 03:45:00,0.0,0.0
2026-09-16 04:00:00,0.0,0.0
2026-09-16 04:15:00,0.0,0.0
2026-09-16 04:30:00,0.0,0.0
2026-09-16 04:45:00,0.0,0.0
2026-09-16 05:00:00,0.0,0.0
2026-09-16 05:15:00,0.0,0.0
2026-09-16 05:30:00,0.0,0.0
2026-09-16 05:45:00,0.0,0.0
2026-09-16 06:00:00,0.0,0.0
2026-09-16 06:15:00,0.0,0.0
2026-09-16 06:30:00,0.0,0.0
2026-09-16 06:45:00,0.0,0.0
2026-09-16 07:00:00,0.023,0.0
2026-09-16 07:15:00,0.058,0.11232
2026-09-16 07:30:00,0.134,0.22464
2026-09-16 07:45:00,0.493,0.33696000000000004
2026-09-16 08:00:00,1.097,0.44928
2026-09-16 08:15:00,2.055,0.808155
2026-09-16 08:30:00,1.352,1.16703
2026-09-16 08:45:00,1.95,1.5259049999999998
2026-09-16 09:00:00,2.658,1.88478
2026-09-16 09:15:00,3.491,1.97433
2026-09-16 09:30:00,2.416,2.06388
2026-09-16 09:45:00,2.049,2.15343
2026-09-16 10:00:00,2.213,2.24298
2026-09-16 10:15:00,1.608,2.2046400000000004
2026-09-16 10:30:00,1.945,2.1663
2026-09-16 10:45:00,3.077,2.12796
2026-09-16 11:00:00,1.217,2.08962
2026-09-16 11:15:00,0.213,1.8780075
2026-09-16 11:30:00,0.435,1.666395
2026-09-16 11:45:00,0.834,1.4547825
2026-09-16 12:00:00,0.785,1.24317
2026-09-16 12:15:00,0.893,1.16316
2026-09-16 12:30:00,0.998,1.08315
2026-09-16 12:45:00,0.998,1.0031400000000001
2026-09-16 13:00:00,1.29,0.92313
2026-09-16 13:15:00,0.801,0.86931
2026-09-16 13:30:00,1.099,0.81549
2026-09-16 13:45:00,0.954,0.76167
2026-09-16 14:00:00,1.195,0.70785
2026-09-16 14:15:00,0.758,0.9531449999999999
2026-09-16 14:30:00,1.23,1.19844
2026-09-16 14:45:00,0.818,1.4437349999999998
2026-09-16 15:00:00,0.639,1.6890299999999998
2026-09-16 15:15:00,1.063,1.7195624999999999
2026-09-16 15:30:00,1.252,1.750095
2026-09-16 15:45:00,0.652,1.7806275
2026-09-16 16:00:00,0.725,1.81116
2026-09-16 16:15:00,1.391,1.7752275
2026-09-16 16:30:00,1.768,1.7392949999999998
2026-09-16 16:45:00,1.466,1.7033624999999997
2026-09-16 17:00:00,1.609,1.6674299999999995
2026-09-16 17:15:00,1.33,1.6370099999999996
2026-09-16 17:30:00,0.802,1.6065899999999997
2026-09-16 17:45:00,0.543,1.5761699999999998
2026-09-16 18:00:00,0.324,1.54575
2026-09-16 18:15:00,0.203,1.469925
2026-09-16 18:30:00,0.188,1.3941
2026-09-16 18:45:00,0.178,1.318275
2026-09-16 19:00:00,0.072,1.24245
2026-09-16 19:15:00,0.025,0.9494100000000001
2026-09-16 19:30:00,0.004,0.65637
2026-09-16 19:45:00,0.0,0.36332999999999993
2026-09-16 20:00:00,0.0,0.0702899999999999
2026-09-16 20:15:00,0.0,0.05271749999999992
2026-09-16 20:30:00,0.0,0.03514499999999995
2026-09-16 20:45:00,0.0,0.017572499999999977
2026-09-16 21:00:00,0.0,0.0
2026-09-16 21:15:00,0.0,0.0
2026-09-16 21:30:00,0.0,0.0
2026-09-16 21:45:00,0.0,0.0
2026-09-16 22:00:00,0.0,0.0
2026-09-16 22:15:00,0.0,0.0
2026-09-16 22:30:00,0.0,0.0
2026-09-16 22:45:00,0.0,0.0
2026-09-16 23:00:00,0.0,0.0
2026-09-16 23:15:00,0.0,0.0
2026-09-16 23:30:00,0.0,0.0
2026-09-16 23:45:00,0.0,0.0
2026-09-17 00:00:00,0.0,0.0
2026-09-17 00:15:00,0.0,0.0
2026-09-17 00:30:00,0.0,0.0
2026-09-17 00:45:00,0.0,0.0
2026-09-17 01:00:00,0.0,0.0
2026-09-17 01:15:00,0.0,0.0
2026-09-17 01:30:00,0.0,0.0
2026-09-17 01:45:00,0.0,0.0
2026-09-17 02:00:00,0.0,0.0
2026-09-17 02:15:00,0.0,0.0
2026-09-17 02:30:00,0.0,0.0
2026-09-17 02:45:00,0.0,0.0
2026-09-17 03:00:00,0.0,0.0
2026-09-17 03:15:00,0.0,0.0
2026-09-17 03:30:00,0.0,0.0
2026-09-17 03:45:00,0.0,0.0
2026-09-17 04:00:00,0.0,0.0
2026-09-17 04:15:00,0.0,0.0
2026-09-17 04:30:00,0.0,0.0
2026-09-17 04:45:00,0.0,0.0
2026-09-17 05:00:00,0.0,0.0
2026-09-17 05:15:00,0.0,0.0
2026-09-17 05:30:00,0.0,0.0
2026-09-17 05:45:00,0.0,0.0
2026-09-17 06:00:00,0.0,0.0
2026-09-17 06:15:00,0.0,0.0
2026-09-17 06:30:00,0.0,0.0
2026-09-17 06:45:00,0.0,0.0
2026-09-17 07:00:00,0.035,0.0
2026-09-17 07:15:00,0.111,0.1635525
2026-09-17 07:30:00,0.195,0.327105
2026-09-17 07:45:00,0.462,0.49065749999999997
2026-09-17 08:00:00,1.726,0.65421
2026-09-17 08:15:00,2.338,1.0524825
2026-09-17 08:30:00,2.742,1.450755
2026-09-17 08:45:00,3.068,1.8490275
2026-09-17 09:00:00,2.954,2.2473
2026-09-17 09:15:00,3.501,2.5751475
2026-09-17 09:30:00,3.738,2.9029949999999998
2026-09-17 09:45:00,3.97,3.2308425
2026-09-17 10:00:00,4.408,3.55869
2026-09-17 10:15:00,4.455,3.9811275
2026-09-17 10:30:00,4.979,4.403565
2026-09-17 10:45:00,5.207,4.8260025
2026-09-17 11:00:00,6.526,5.24844
2026-09-17 11:15:00,7.236,5.2258725
2026-09-17 11:30:00,5.827,5.203305
2026-09-17 11:45:00,4.539,5.1807375
2026-09-17 12:00:00,5.89,5.15817
2026-09-17 12:15:00,7.815,5.24997
2026-09-17 12:30:00,7.976,5.34177
2026-09-17 12:45:00,5.942,5.4335700000000005
2026-09-17 13:00:00,7.178,5.525370000000001
2026-09-17 13:15:00,5.679,5.315017500000001
2026-09-17 13:30:00,1.905,5.104665000000001
2026-09-17 13:45:00,3.853,4.8943125
2026-09-17 14:00:00,8.271,4.68396
2026-09-17 14:15:00,3.804,4.6880325
2026-09-17 14:30:00,2.077,4.692105
2026-09-17 14:45:00,3.472,4.6961775
2026-09-17 15:00:00,3.183,4.7002500000000005
2026-09-17 15:15:00,3.599,4.612005
2026-09-17 15:30:00,5.979,4.52376
2026-09-17 15:45:00,2.306,4.4355150000000005
2026-09-17 16:00:00,3.423,4.34727
2026-09-17 16:15:00,2.873,4.036455
2026-09-17 16:30:00,2.123,3.7256400000000003
2026-09-17 16:45:00,1.465,3.414825
2026-09-17 17:00:00,1.274,3.10401
2026-09-17 17:15:00,1.09,3.1545
2026-09-17 17:30:00,0.848,3.20499
2026-09-17 17:45:00,0.739,3.25548
2026-09-17 18:00:00,0.55,3.30597
2026-09-17 18:15:00,0.425,2.9197349999999997
2026-09-17 18:30:00,0.321,2.5335
2026-09-17 18:45:00,0.233,2.147265
2026-09-17 19:00:00,0.124,1.76103
2026-09-17 19:15:00,0.034,1.3497525000000001
2026-09-17 19:30:00,0.0,0.9384750000000001
2026-09-17 19:45:00,0.0,0.5271975
2026-09-17 20:00:00,0.0,0.11592
2026-09-17 20:15:00,0.0,0.08693999999999999
2026-09-17 20:30:00,0.0,0.05796
2026-09-17 20:45:00,0.0,0.028980000000000006
2026-09-17 21:00:00,0.0,0.0
2026-09-17 21:15:00,0.0,0.0
2026-09-17 21:30:00,0.0,0.0
2026-09-17 21:45:00,0.0,0.0
2026-09-17 22:00:00,0.0,0.0
2026-09-17 22:15:00,0.0,0.0
2026-09-17 22:30:00,0.0,0.0
2026-09-17 22:45:00,0.0,0.0
2026-09-17 23:00:00,0.0,0.0
2026-09-17 23:15:00,0.0,0.0
2026-09-17 23:30:00,0.0,0.0
2026-09-17 23:45:00,0.0,0.0
2026-09-18 00:00:00,0.0,0.0
2026-09-18 00:15:00,0.0,0.0
2026-09-18 00:30:00,0.0,0.0
2026-09-18 00:45:00,0.0,0.0
2026-09-18 01:00:00,0.0,0.0
2026-09-18 01:15:00,0.0,0.0
2026-09-18 01:30:00,0.0,0.0
2026-09-18 01:45:00,0.0,0.0
2026-09-18 02:00:00,0.0,0.0
2026-09-18 02:15:00,0.0,0.0
2026-09-18 02:30:00,0.0,0.0
2026-09-18 02:45:00,0.0,0.0
2026-09-18 03:00:00,0.0,0.0
2026-09-18 03:15:00,0.0,0.0
2026-09-18 03:30:00,0.0,0.0
2026-09-18 03:45:00,0.0,0.0
2026-09-18 04:00:00,0.0,0.0
2026-09-18 04:15:00,0.0,0.0
2026-09-18 04:30:00,0.0,0.0
2026-09-18 04:45:00,0.0,0.0
2026-09-18 05:00:00,0.0,0.0
2026-09-18 05:15:00,0.0,0.0
2026-09-18 05:30:00,0.0,0.0
2026-09-18 05:45:00,0.0,0.0
2026-09-18 06:00:00,0.0,0.0
2026-09-18 06:15:00,0.0,0.0
2026-09-18 06:30:00,0.0,0.0
2026-09-18 06:45:00,0.0,0.0
2026-09-18 07:00:00,0.014,0.0
2026-09-18 07:15:00,0.055,0.03069
2026-09-18 07:30:00,0.12,0.06138
2026-09-18 07:45:00,0.21,0.09207
2026-09-18 08:00:00,0.411,0.12276
2026-09-18 08:15:00,0.567,0.28152
2026-09-18 08:30:00,1.14,0.44028
2026-09-18 08:45:00,0.899,0.59904
2026-09-18 09:00:00,0.638,0.7578
2026-09-18 09:15:00,1.159,0.7107975
2026-09-18 09:30:00,1.38,0.663795
2026-09-18 09:45:00,2.024,0.6167925000000001
2026-09-18 10:00:00,1.746,0.56979
2026-09-18 10:15:00,1.547,0.66105
2026-09-18 10:30:00,2.025,0.75231
2026-09-18 10:45:00,1.888,0.84357
2026-09-18 11:00:00,2.51,0.93483
2026-09-18 11:15:00,4.371,1.458
2026-09-18 11:30:00,5.356,1.9811699999999999
2026-09-18 11:45:00,6.494,2.50434
2026-09-18 12:00:00,6.053,3.02751
2026-09-18 12:15:00,2.726,3.2628825
2026-09-18 12:30:00,3.748,3.498255
2026-09-18 12:45:00,4.746,3.7336275
2026-09-18 13:00:00,3.91,3.969
2026-09-18 13:15:00,2.802,3.90753
2026-09-18 13:30:00,2.377,3.84606
2026-09-18 13:45:00,2.47,3.78459
2026-09-18 14:00:00,4.308,3.72312
2026-09-18 14:15:00,2.222,3.45663
2026-09-18 14:30:00,1.997,3.1901400000000004
2026-09-18 14:45:00,0.641,2.9236500000000003
2026-09-18 15:00:00,0.658,2.65716
2026-09-18 15:15:00,1.667,2.9359575
2026-09-18 15:30:00,2.07,3.2147550000000003
2026-09-18 15:45:00,1.239,3.4935525
2026-09-18 16:00:00,2.093,3.77235
2026-09-18 16:15:00,2.025,3.74994
2026-09-18 16:30:00,2.061,3.72753
2026-09-18 16:45:00,1.368,3.70512
2026-09-18 17:00:00,1.389,3.68271
2026-09-18 17:15:00,0.905,3.2755275
2026-09-18 17:30:00,0.737,2.868345
2026-09-18 17:45:00,0.542,2.4611625000000004
2026-09-18 18:00:00,0.506,2.05398
2026-09-18 18:15:00,0.389,1.8360225000000001
2026-09-18 18:30:00,0.249,1.618065
2026-09-18 18:45:00,0.13,1.4001075
2026-09-18 19:00:00,0.054,1.18215
2026-09-18 19:15:00,0.028,0.914175
2026-09-18 19:30:00,0.0,0.6462
2026-09-18 19:45:00,0.0,0.37822500000000003
2026-09-18 20:00:00,0.0,0.11025
2026-09-18 20:15:00,0.0,0.0826875
2026-09-18 20:30:00,0.0,0.055125
2026-09-18 20:45:00,0.0,0.027562500000000004
2026-09-18 21:00:00,0.0,0.0
2026-09-18 21:15:00,0.0,0.0
2026-09-18 21:30:00,0.0,0.0
2026-09-18 21:45:00,0.0,0.0
2026-09-18 22:00:00,0.0,0.0
2026-09-18 22:15:00,0.0,0.0
2026-09-18 22:30:00,0.0,0.0
2026-09-18 22:45:00,0.0,0.0
2026-09-18 23:00:00,0.0,0.0
2026-09-18 23:15:00,0.0,0.0
2026-09-18 23:30:00,0.0,0.0
2026-09-18 23:45:00,0.0,0.0
2026-09-19 00:00:00,0.0,0.0
2026-09-19 00:15:00,0.0,0.0
2026-09-19 00:30:00,0.0,0.0
2026-09-19 00:45:00,0.0,0.0
2026-09-19 01:00:00,0.0,0.0
2026-09-19 01:15:00,0.0,0.0
2026-09-19 01:30:00,0.0,0.0
2026-09-19 01:45:00,0.0,0.0
2026-09-19 02:00:00,0.0,0.0
2026-09-19 02:15:00,0.0,0.0
2026-09-19 02:30:00,0.0,0.0
2026-09-19 02:45:00,0.0,0.0
2026-09-19 03:00:00,0.0,0.0
2026-09-19 03:15:00,0.0,0.0
2026-09-19 03:30:00,0.0,0.0
2026-09-19 03:45:00,0.0,0.0
2026-09-19 04:00:00,0.0,0.0
2026-09-19 04:15:00,0.0,0.0
2026-09-19 04:30:00,0.0,0.0
2026-09-19 04:45:00,0.0,0.0
2026-09-19 05:00:00,0.0,0.0
2026-09-19 05:15:00,0.0,0.0
2026-09-19 05:30:00,0.0,0.0
2026-09-19 05:45:00,0.0,0.0
2026-09-19 06:00:00,0.0,0.0
2026-09-19 06:15:00,0.0,0.0
2026-09-19 06:30:00,0.0,0.0
2026-09-19 06:45:00,0.0,0.0
2026-09-19 07:00:00,0.019,0.0
2026-09-19 07:15:00,0.092,0.13266000000000003
2026-09-19 07:30:00,0.206,0.26532000000000006
2026-09-19 07:45:00,0.412,0.3979800000000001
2026-09-19 08:00:00,1.538,0.5306400000000001
2026-09-19 08:15:00,2.167,0.9121950000000001
2026-09-19 08:30:00,1.757,1.2937500000000002
2026-09-19 08:45:00,2.706,1.6753049999999998
2026-09-19 09:00:00,3.159,2.05686
2026-09-19 09:15:00,3.271,2.3547599999999997
2026-09-19 09:30:00,3.578,2.65266
2026-09-19 09:45:00,3.908,2.9505600000000003
2026-09-19 10:00:00,4.225,3.24846
2026-09-19 10:15:00,4.831,3.6243675
2026-09-19 10:30:00,5.303,4.000275
2026-09-19 10:45:00,5.693,4.3761825000000005
2026-09-19 11:00:00,6.056,4.75209
2026-09-19 11:15:00,6.912,5.2155225
2026-09-19 11:30:00,7.303,5.678955
2026-09-19 11:45:00,7.511,6.1423875
2026-09-19 12:00:00,7.663,6.60582
2026-09-19 12:15:00,8.229,6.6782699999999995
2026-09-19 12:30:00,8.248,6.750719999999999
2026-09-19 12:45:00,4.58,6.823169999999999
2026-09-19 13:00:00,5.579,6.895619999999999
2026-09-19 13:15:00,6.231,6.561405
2026-09-19 13:30:00,7.576,6.22719
2026-09-19 13:45:00,8.452,5.892975
2026-09-19 14:00:00,8.426,5.55876
2026-09-19 14:15:00,7.936,5.87565
2026-09-19 14:30:00,7.37,6.192539999999999
2026-09-19 14:45:00,6.721,6.509429999999999
2026-09-19 15:00:00,6.218,6.826319999999999
2026-09-19 15:15:00,3.896,6.4371374999999995
2026-09-19 15:30:00,4.52,6.047955
2026-09-19 15:45:00,3.655,5.6587725
2026-09-19 16:00:00,3.044,5.269590000000001
2026-09-19 16:15:00,2.54,4.985167500000001
2026-09-19 16:30:00,1.997,4.700745
2026-09-19 16:45:00,1.819,4.4163225
2026-09-19 17:00:00,1.12,4.1319
2026-09-19 17:15:00,1.486,3.8276775
2026-09-19 17:30:00,1.292,3.5234550000000002
2026-09-19 17:45:00,1.302,3.2192325
2026-09-19 18:00:00,1.015,2.91501
2026-09-19 18:15:00,0.572,2.45574
2026-09-19 18:30:00,0.352,1.99647
2026-09-19 18:45:00,0.272,1.5372000000000001
2026-09-19 19:00:00,0.138,1.07793
2026-09-19 19:15:00,0.023,0.8193375
2026-09-19 19:30:00,0.0,0.560745
2026-09-19 19:45:00,0.0,0.30215250000000005
2026-09-19 20:00:00,0.0,0.04356
2026-09-19 20:15:00,0.0,0.032670000000000005
2026-09-19 20:30:00,0.0,0.02178
2026-09-19 20:45:00,0.0,0.010889999999999997
2026-09-19 21:00:00,0.0,0.0
2026-09-19 21:15:00,0.0,0.0
2026-09-19 21:30:00,0.0,0.0
2026-09-19 21:45:00,0.0,0.0
2026-09-19 22:00:00,0.0,0.0
2026-09-19 22:15:00,0.0,0.0
2026-09-19 22:30:00,0.0,0.0
2026-09-19 22:45:00,0.0,0.0
2026-09-19 23:00:00,0.0,0.0
2026-09-19 23:15:00,0.0,0.0
2026-09-19 23:30:00,0.0,0.0
2026-09-19 23:45:00,0.0,0.0
2026-09-20 00:00:00,0.0,0.0
2026-09-20 00:15:00,0.0,0.0
2026-09-20 00:30:00,0.0,0.0
2026-09-20 00:45:00,0.0,0.0
2026-09-20 01:00:00,0.0,0.0
2026-09-20 01:15:00,0.0,0.0
2026-09-20 01:30:00,0.0,0.0
2026-09-20 01:45:00,0.0,0.0
2026-09-20 02:00:00,0.0,0.0
2026-09-20 02:15:00,0.0,0.0
2026-09-20 02:30:00,0.0,0.0
2026-09-20 02:45:00,0.0,0.0
2026-09-20 03:00:00,0.0,0.0
2026-09-20 03:15:00,0.0,0.0
2026-09-20 03:30:00,0.0,0.0
2026-09-20 03:45:00,0.0,0.0
2026-09-20 04:00:00,0.0,0.0
2026-09-20 04:15:00,0.0,0.0
2026-09-20 04:30:00,0.0,0.0
2026-09-20 04:45:00,0.0,0.0
2026-09-20 05:00:00,0.0,0.0
2026-09-20 05:15:00,0.0,0.0
2026-09-20 05:30:00,0.0,0.0
2026-09-20 05:45:00,0.0,0.0
2026-09-20 06:00:00,0.0,0.0
2026-09-20 06:15:00,0.0,0.0
2026-09-20 06:30:00,0.0,0.0
2026-09-20 06:45:00,0.0,0.0
2026-09-20 07:00:00,0.001,0.0
2026-09-20 07:15:00,0.03,0.079875
2026-09-20 07:30:00,0.063,0.15975
2026-09-20 07:45:00,0.203,0.239625
2026-09-20 08:00:00,0.344,0.3195
2026-09-20 08:15:00,0.607,0.520695
2026-09-20 08:30:00,0.655,0.7218900000000001
2026-09-20 08:45:00,1.021,0.9230850000000002
2026-09-20 09:00:00,2.455,1.1242800000000002
2026-09-20 09:15:00,3.143,1.471095
2026-09-20 09:30:00,2.827,1.8179100000000001
2026-09-20 09:45:00,2.343,2.1647250000000002
2026-09-20 10:00:00,3.826,2.51154
2026-09-20 10:15:00,4.911,3.0299175
2026-09-20 10:30:00,5.002,3.548295
2026-09-20 10:45:00,4.742,4.0666725
2026-09-20 11:00:00,5.606,4.58505
2026-09-20 11:15:00,4.109,4.869495
2026-09-20 11:30:00,3.802,5.15394
2026-09-20 11:45:00,6.963,5.438385
2026-09-20 12:00:00,5.184,5.72283
2026-09-20 12:15:00,4.037,6.0385275
2026-09-20 12:30:00,5.639,6.354225
2026-09-20 12:45:00,8.277,6.6699225
2026-09-20 13:00:00,8.245,6.98562
2026-09-20 13:15:00,8.809,6.6713175
2026-09-20 13:30:00,8.877,6.3570150000000005
2026-09-20 13:45:00,4.404,6.0427125
2026-09-20 14:00:00,6.589,5.72841
2026-09-20 14:15:00,5.562,5.5212975
2026-09-20 14:30:00,6.43,5.314185
2026-09-20 14:45:00,3.849,5.1070725
2026-09-20 15:00:00,2.982,4.89996
2026-09-20 15:15:00,2.948,4.8642525
2026-09-20 15:30:00,2.421,4.828545
2026-09-20 15:45:00,2.296,4.7928375
2026-09-20 16:00:00,2.022,4.75713
2026-09-20 16:15:00,2.027,3.8602350000000003
2026-09-20 16:30:00,1.686,2.96334
2026-09-20 16:45:00,1.13,2.066445
2026-09-20 17:00:00,0.889,1.16955
2026-09-20 17:15:00,0.489,1.0251000000000001
2026-09-20 17:30:00,0.321,0.88065
2026-09-20 17:45:00,0.178,0.7362
2026-09-20 18:00:00,0.093,0.59175
2026-09-20 18:15:00,0.085,0.4591575
2026-09-20 18:30:00,0.081,0.326565
2026-09-20 18:45:00,0.017,0.1939725
2026-09-20 19:00:00,0.015,0.06138
2026-09-20 19:15:00,0.0,0.046035
2026-09-20 19:30:00,0.0,0.03069
2026-09-20 19:45:00,0.0,0.015344999999999998
2026-09-20 20:00:00,0.0,0.0
2026-09-20 20:15:00,0.0,0.0
2026-09-20 20:30:00,0.0,0.0
2026-09-20 20:45:00,0.0,0.0
2026-09-20 21:00:00,0.0,0.0
2026-09-20 21:15:00,0.0,0.0
2026-09-20 21:30:00,0.0,0.0
2026-09-20 21:45:00,0.0,0.0
2026-09-20 22:00:00,0.0,0.0
2026-09-20 22:15:00,0.0,0.0
2026-09-20 22:30:00,0.0,0.0
2026-09-20 22:45:00,0.0,0.0
2026-09-20 23:00:00,0.0,0.0
2026-09-20 23:15:00,0.0,0.0
2026-09-20 23:30:00,0.0,0.0
2026-09-20 23:45:00,0.0,0.0
2026-09-21 00:00:00,0.0,0.0
2026-09-21 00:15:00,0.0,0.0
2026-09-21 00:30:00,0.0,0.0
2026-09-21 00:45:00,0.0,0.0
2026-09-21 01:00:00,0.0,0.0
2026-09-21 01:15:00,0.0,0.0
2026-09-21 01:30:00,0.0,0.0
2026-09-21 01:45:00,0.0,0.0
2026-09-21 02:00:00,0.0,0.0
2026-09-21 02:15:00,0.0,0.0
2026-09-21 02:30:00,0.0,0.0
2026-09-21 02:45:00,0.0,0.0
2026-09-21 03:00:00,0.0,0.0
2026-09-21 03:15:00,0.0,0.0
2026-09-21 03:30:00,0.0,0.0
2026-09-21 03:45:00,0.0,0.0
2026-09-21 04:00:00,0.0,0.0
2026-09-21 04:15:00,0.0,0.0
2026-09-21 04:30:00,0.0,0.0
2026-09-21 04:45:00,0.0,0.0
2026-09-21 05:00:00,0.0,0.0
2026-09-21 05:15:00,0.0,0.0
2026-09-21 05:30:00,0.0,0.0
2026-09-21 05:45:00,0.0,0.0
2026-09-21 06:00:00,0.0,0.0
2026-09-21 06:15:00,0.0,0.0
2026-09-21 06:30:00,0.0,0.0
2026-09-21 06:45:00,0.0,0.0
2026-09-21 07:00:00,0.0,0.0
2026-09-21 07:15:00,0.002,0.0457875
2026-09-21 07:30:00,0.038,0.091575
2026-09-21 07:45:00,0.103,0.1373625
2026-09-21 08:00:00,0.194,0.18315
2026-09-21 08:15:00,0.31,0.38209499999999996
2026-09-21 08:30:00,0.443,0.58104
2026-09-21 08:45:00,0.623,0.779985
2026-09-21 09:00:00,0.745,0.97893
2026-09-21 09:15:00,0.966,1.2930975
2026-09-21 09:30:00,0.984,1.607265
2026-09-21 09:45:00,0.979,1.9214324999999999
2026-09-21 10:00:00,1.293,2.2356
2026-09-21 10:15:00,1.662,2.51424
2026-09-21 10:30:00,1.761,2.79288
2026-09-21 10:45:00,1.891,3.0715199999999996
2026-09-21 11:00:00,1.973,3.35016
2026-09-21 11:15:00,1.871,3.5554724999999996
2026-09-21 11:30:00,2.065,3.760785
2026-09-21 11:45:00,2.474,3.9660975
2026-09-21 12:00:00,4.823,4.17141
2026-09-21 12:15:00,5.805,4.7250675
2026-09-21 12:30:00,6.284,5.2787250000000006
2026-09-21 12:45:00,5.88,5.832382500000001
2026-09-21 13:00:00,6.823,6.386040000000001
2026-09-21 13:15:00,9.183,6.2235675000000015
2026-09-21 13:30:00,8.344,6.061095000000001
2026-09-21 13:45:00,7.944,5.8986225
2026-09-21 14:00:00,5.134,5.73615
2026-09-21 14:15:00,3.05,5.42403
2026-09-21 14:30:00,5.037,5.11191
2026-09-21 14:45:00,5.113,4.799790000000001
2026-09-21 15:00:00,4.626,4.4876700000000005
2026-09-21 15:15:00,2.557,4.3052175
2026-09-21 15:30:00,2.747,4.122765
2026-09-21 15:45:00,1.66,3.9403125
2026-09-21 16:00:00,1.446,3.75786
2026-09-21 16:15:00,1.224,3.593475
2026-09-21 16:30:00,1.181,3.4290900000000004
2026-09-21 16:45:00,1.213,3.264705
2026-09-21 17:00:00,1.128,3.1003200000000004
2026-09-21 17:15:00,0.889,2.9772000000000003
2026-09-21 17:30:00,0.817,2.8540800000000006
2026-09-21 17:45:00,0.729,2.7309600000000005
2026-09-21 18:00:00,0.578,2.6078400000000004
2026-09-21 18:15:00,0.449,2.1626100000000004
2026-09-21 18:30:00,0.282,1.7173800000000001
2026-09-21 18:45:00,0.206,1.27215
2026-09-21 19:00:00,0.072,0.8269199999999999
2026-09-21 19:15:00,0.022,0.6288524999999999
2026-09-21 19:30:00,0.0,0.4307849999999999
2026-09-21 19:45:00,0.0,0.2327174999999999
2026-09-21 20:00:00,0.0,0.03465
2026-09-21 20:15:00,0.0,0.0259875
2026-09-21 20:30:00,0.0,0.017325
2026-09-21 20:45:00,0.0,0.0086625
2026-09-21 21:00:00,0.0,0.0
2026-09-21 21:15:00,0.0,0.0
2026-09-21 21:30:00,0.0,0.0
2026-09-21 21:45:00,0.0,0.0
2026-09-21 22:00:00,0.0,0.0
2026-09-21 22:15:00,0.0,0.0
2026-09-21 22:30:00,0.0,0.0
2026-09-21 22:45:00,0.0,0.0
2026-09-21 23:00:00,0.0,0.0
2026-09-21 23:15:00,0.0,0.0
2026-09-21 23:30:00,0.0,0.0
2026-09-21 23:45:00,0.0,0.0
2026-09-22 00:00:00,0.0,0.0
2026-09-22 00:15:00,0.0,0.0
2026-09-22 00:30:00,0.0,0.0
2026-09-22 00:45:00,0.0,0.0
2026-09-22 01:00:00,0.0,0.0
2026-09-22 01:15:00,0.0,0.0
2026-09-22 01:30:00,0.0,0.0
2026-09-22 01:45:00,0.0,0.0
2026-09-22 02:00:00,0.0,0.0
2026-09-22 02:15:00,0.0,0.0
2026-09-22 02:30:00,0.0,0.0
2026-09-22 02:45:00,0.0,0.0
2026-09-22 03:00:00,0.0,0.0
2026-09-22 03:15:00,0.0,0.0
2026-09-22 03:30:00,0.0,0.0
2026-09-22 03:45:00,0.0,0.0
2026-09-22 04:00:00,0.0,0.0
2026-09-22 04:15:00,0.0,0.0
2026-09-22 04:30:00,0.0,0.0
2026-09-22 04:45:00,0.0,0.0
2026-09-22 05:00:00,0.0,0.0
2026-09-22 05:15:00,0.0,0.0
2026-09-22 05:30:00,0.0,0.0
2026-09-22 05:45:00,0.0,0.0
2026-09-22 06:00:00,0.0,0.0
2026-09-22 06:15:00,0.0,0.0
2026-09-22 06:30:00,0.0,0.0
2026-09-22 06:45:00,0.0,0.0
2026-09-22 07:00:00,0.026,0.0
2026-09-22 07:15:00,0.088,0.100665
2026-09-22 07:30:00,0.203,0.20133
2026-09-22 07:45:00,0.443,0.301995
2026-09-22 08:00:00,1.079,0.40266
2026-09-22 08:15:00,1.972,0.75546
2026-09-22 08:30:00,2.323,1.10826
2026-09-22 08:45:00,2.635,1.46106
2026-09-22 09:00:00,2.983,1.81386
2026-09-22 09:15:00,3.211,2.1876075
2026-09-22 09:30:00,2.764,2.561355
2026-09-22 09:45:00,2.835,2.9351025
2026-09-22 10:00:00,3.729,3.30885
2026-09-22 10:15:00,3.466,3.7236825000000002
2026-09-22 10:30:00,3.11,4.138515
2026-09-22 10:45:00,2.859,4.5533475
2026-09-22 11:00:00,5.514,4.96818
2026-09-22 11:15:00,8.175,4.90419
2026-09-22 11:30:00,7.561,4.8402
2026-09-22 11:45:00,4.008,4.776210000000001
2026-09-22 12:00:00,2.72,4.71222
2026-09-22 12:15:00,3.311,4.7194425
2026-09-22 12:30:00,8.706,4.726665000000001
2026-09-22 12:45:00,3.263,4.7338875
2026-09-22 13:00:00,9.78,4.74111
2026-09-22 13:15:00,5.915,5.01435
2026-09-22 13:30:00,6.178,5.28759
2026-09-22 13:45:00,9.363,5.560829999999999
2026-09-22 14:00:00,7.78,5.83407
2026-09-22 14:15:00,8.601,5.9460749999999996
2026-09-22 14:30:00,7.676,6.05808
2026-09-22 14:45:00,6.769,6.170085
2026-09-22 15:00:00,6.618,6.28209
2026-09-22 15:15:00,5.7,6.23376
2026-09-22 15:30:00,4.801,6.18543
2026-09-22 15:45:00,4.06,6.137099999999999
2026-09-22 16:00:00,2.885,6.088769999999999
2026-09-22 16:15:00,2.177,5.7281175
2026-09-22 16:30:00,1.771,5.367464999999999
2026-09-22 16:45:00,1.694,5.006812499999999
2026-09-22 17:00:00,1.578,4.646159999999999
2026-09-22 17:15:00,1.454,4.250137499999999
2026-09-22 17:30:00,1.222,3.8541149999999997
2026-09-22 17:45:00,1.128,3.4580925000000002
2026-09-22 18:00:00,0.92,3.0620700000000003
2026-09-22 18:15:00,0.52,2.681595
2026-09-22 18:30:00,0.174,2.3011200000000005
2026-09-22 18:45:00,0.098,1.9206450000000004
2026-09-22 19:00:00,0.055,1.5401700000000005
2026-09-22 19:15:00,0.017,1.1595825000000004
2026-09-22 19:30:00,0.0,0.7789950000000002
2026-09-22 19:45:00,0.0,0.3984075
2026-09-22 20:00:00,0.0,0.01782
2026-09-22 20:15:00,0.0,0.013364999999999998
2026-09-22 20:30:00,0.0,0.00891
2026-09-22 20:45:00,0.0,0.004455000000000001
2026-09-22 21:00:00,0.0,0.0
2026-09-22 21:15:00,0.0,0.0
2026-09-22 21:30:00,0.0,0.0
2026-09-22 21:45:00,0.0,0.0
2026-09-22 22:00:00,0.0,0.0
2026-09-22 22:15:00,0.0,0.0
2026-09-22 22:30:00,0.0,0.0
2026-09-22 22:45:00,0.0,0.0
2026-09-22 23:00:00,0.0,0.0
2026-09-22 23:15:00,0.0,0.0
2026-09-22 23:30:00,0.0,0.0
2026-09-22 23:45:00,0.0,0.0
2026-09-23 00:00:00,0.0,0.0
2026-09-23 00:15:00,0.0,0.0
2026-09-23 00:30:00,0.0,0.0
2026-09-23 00:45:00,0.0,0.0
2026-09-23 01:00:00,0.0,0.0
2026-09-23 01:15:00,0.0,0.0
2026-09-23 01:30:00,0.0,0.0
2026-09-23 01:45:00,0.0,0.0
2026-09-23 02:00:00,0.0,0.0
2026-09-23 02:15:00,0.0,0.0
2026-09-23 02:30:00,0.0,0.0
2026-09-23 02:45:00,0.0,0.0
2026-09-23 03:00:00,0.0,0.0
2026-09-23 03:15:00,0.0,0.0
2026-09-23 03:30:00,0.0,0.0
2026-09-23 03:45:00,0.0,0.0
2026-09-23 04:00:00,0.0,0.0
2026-09-23 04:15:00,0.0,0.0
2026-09-23 04:30:00,0.0,0.0
2026-09-23 04:45:00,0.0,0.0
2026-09-23 05:00:00,0.0,0.0
2026-09-23 05:15:00,0.0,0.0
2026-09-23 05:30:00,0.0,0.0
2026-09-23 05:45:00,0.0,0.0
2026-09-23 06:00:00,0.0,0.0
2026-09-23 06:15:00,0.0,0.0
2026-09-23 06:30:00,0.0,0.0
2026-09-23 06:45:00,0.0,0.0
2026-09-23 07:00:00,0.016,0.0
2026-09-23 07:15:00,0.064,0.100125
2026-09-23 07:30:00,0.155,0.20025
2026-09-23 07:45:00,0.271,0.300375
2026-09-23 08:00:00,1.013,0.4005
2026-09-23 08:15:00,2.147,0.779355
2026-09-23 08:30:00,2.674,1.15821
2026-09-23 08:45:00,2.984,1.5370650000000001
2026-09-23 09:00:00,3.223,1.91592
2026-09-23 09:15:00,3.438,2.2769325
2026-09-23 09:30:00,3.642,2.637945
2026-09-23 09:45:00,3.946,2.9989575000000004
2026-09-23 10:00:00,4.384,3.35997
2026-09-23 10:15:00,4.92,3.8184299999999998
2026-09-23 10:30:00,5.537,4.27689
2026-09-23 10:45:00,6.079,4.7353499999999995
2026-09-23 11:00:00,6.549,5.193809999999999
2026-09-23 11:15:00,7.009,5.570527499999999
2026-09-23 11:30:00,7.417,5.947245
2026-09-23 11:45:00,7.754,6.3239625
2026-09-23 12:00:00,8.066,6.70068
2026-09-23 12:15:00,8.336,6.934972500000001
2026-09-23 12:30:00,8.572,7.169265
2026-09-23 12:45:00,8.721,7.4035575
2026-09-23 13:00:00,8.86,7.63785
2026-09-23 13:15:00,8.92,7.712955
2026-09-23 13:30:00,8.793,7.78806
2026-09-23 13:45:00,8.473,7.8631649999999995
2026-09-23 14:00:00,7.946,7.938269999999999
2026-09-23 14:15:00,7.289,7.78374
2026-09-23 14:30:00,7.24,7.62921
2026-09-23 14:45:00,6.365,7.474679999999999
2026-09-23 15:00:00,5.884,7.32015
2026-09-23 15:15:00,5.221,6.959025
2026-09-23 15:30:00,4.07,6.597899999999999
2026-09-23 15:45:00,3.022,6.236775
2026-09-23 16:00:00,2.551,5.875649999999999
2026-09-23 16:15:00,1.865,5.3770725
2026-09-23 16:30:00,1.939,4.878495
2026-09-23 16:45:00,1.858,4.3799175
2026-09-23 17:00:00,1.257,3.8813400000000007
2026-09-23 17:15:00,1.376,3.6802125000000006
2026-09-23 17:30:00,1.268,3.4790850000000004
2026-09-23 17:45:00,1.099,3.2779575000000003
2026-09-23 18:00:00,0.825,3.07683
2026-09-23 18:15:00,0.405,2.6520975
2026-09-23 18:30:00,0.184,2.227365
2026-09-23 18:45:00,0.199,1.8026325
2026-09-23 19:00:00,0.093,1.3779
2026-09-23 19:15:00,0.01,1.03788
2026-09-23 19:30:00,0.0,0.6978599999999999
2026-09-23 19:45:00,0.0,0.35783999999999994
2026-09-23 20:00:00,0.0,0.01782
2026-09-23 20:15:00,0.0,0.013364999999999998
2026-09-23 20:30:00,0.0,0.00891
2026-09-23 20:45:00,0.0,0.004455000000000001
2026-09-23 21:00:00,0.0,0.0
2026-09-23 21:15:00,0.0,0.0
2026-09-23 21:30:00,0.0,0.0
2026-09-23 21:45:00,0.0,0.0
2026-09-23 22:00:00,0.0,0.0
2026-09-23 22:15:00,0.0,0.0
2026-09-23 22:30:00,0.0,0.0
2026-09-23 22:45:00,0.0,0.0
2026-09-23 23:00:00,0.0,0.0
2026-09-23 23:15:00,0.0,0.0
2026-09-23 23:30:00,0.0,0.0
2026-09-23 23:45:00,0.0,0.0
2026-09-24 00:00:00,0.0,0.0
2026-09-24 00:15:00,0.0,0.0
2026-09-24 00:30:00,0.0,0.0
2026-09-24 00:45:00,0.0,0.0
2026-09-24 01:00:00,0.0,0.0
2026-09-24 01:15:00,0.0,0.0
2026-09-24 01:30:00,0.0,0.0
2026-09-24 01:45:00,0.0,0.0
2026-09-24 02:00:00,0.0,0.0
2026-09-24 02:15:00,0.0,0.0
2026-09-24 02:30:00,0.0,0.0
2026-09-24 02:45:00,0.0,0.0
2026-09-24 03:00:00,0.0,0.0
2026-09-24 03:15:00,0.0,0.0
2026-09-24 03:30:00,0.0,0.0
2026-09-24 03:45:00,0.0,0.0
2026-09-24 04:00:00,0.0,0.0
2026-09-24 04:15:00,0.0,0.0
2026-09-24 04:30:00,0.0,0.0
2026-09-24 04:45:00,0.0,0.0
2026-09-24 05:00:00,0.0,0.0
2026-09-24 05:15:00,0.0,0.0
2026-09-24 05:30:00,0.0,0.0
2026-09-24 05:45:00,0.0,0.0
2026-09-24 06:00:00,0.0,0.0
2026-09-24 06:15:00,0.0,0.0
2026-09-24 06:30:00,0.0,0.0
2026-09-24 06:45:00,0.0,0.0
2026-09-24 07:00:00,0.013,0.0
2026-09-24 07:15:00,0.054,0.0305775
2026-09-24 07:30:00,0.087,0.061155
2026-09-24 07:45:00,0.157,0.0917325
2026-09-24 08:00:00,0.362,0.12231
2026-09-24 08:15:00,0.219,0.27036000000000004
2026-09-24 08:30:00,0.256,0.41841000000000006
2026-09-24 08:45:00,0.569,0.5664600000000001
2026-09-24 09:00:00,0.641,0.7145100000000001
2026-09-24 09:15:00,0.696,0.81549
2026-09-24 09:30:00,0.809,0.9164700000000001
2026-09-24 09:45:00,0.758,1.0174500000000002
2026-09-24 10:00:00,0.552,1.11843
2026-09-24 10:15:00,1.07,1.193535
2026-09-24 10:30:00,1.349,1.26864
2026-09-24 10:45:00,1.04,1.343745
2026-09-24 11:00:00,0.897,1.41885
2026-09-24 11:15:00,1.125,1.6646625
2026-09-24 11:30:00,1.179,1.910475
2026-09-24 11:45:00,1.303,2.1562875
2026-09-24 12:00:00,1.129,2.4021
2026-09-24 12:15:00,1.0,2.2218975
2026-09-24 12:30:00,1.369,2.041695
2026-09-24 12:45:00,1.457,1.8614925
2026-09-24 13:00:00,1.078,1.68129
2026-09-24 13:15:00,0.725,1.79775
2026-09-24 13:30:00,0.755,1.9142100000000002
2026-09-24 13:45:00,0.87,2.03067
2026-09-24 14:00:00,0.748,2.14713
2026-09-24 14:15:00,0.877,2.3274225
2026-09-24 14:30:00,0.977,2.507715
2026-09-24 14:45:00,1.189,2.6880075000000003
2026-09-24 15:00:00,1.343,2.8683
2026-09-24 15:15:00,1.487,2.92464
2026-09-24 15:30:00,1.924,2.9809799999999997
2026-09-24 15:45:00,1.328,3.03732
2026-09-24 16:00:00,0.691,3.09366
2026-09-24 16:15:00,0.536,3.4833375
2026-09-24 16:30:00,0.497,3.873015
2026-09-24 16:45:00,0.482,4.2626925
2026-09-24 17:00:00,0.415,4.65237
2026-09-24 17:15:00,0.395,4.30245
2026-09-24 17:30:00,0.389,3.9525300000000003
2026-09-24 17:45:00,0.334,3.6026100000000008
2026-09-24 18:00:00,0.288,3.2526900000000007
2026-09-24 18:15:00,0.261,2.8176750000000004
2026-09-24 18:30:00,0.18,2.3826600000000004
2026-09-24 18:45:00,0.069,1.947645
2026-09-24 19:00:00,0.025,1.51263
2026-09-24 19:15:00,0.0,1.1344725
2026-09-24 19:30:00,0.0,0.756315
2026-09-24 19:45:00,0.0,0.3781574999999999
2026-09-24 20:00:00,0.0,0.0
2026-09-24 20:15:00,0.0,0.0
2026-09-24 20:30:00,0.0,0.0
2026-09-24 20:45:00,0.0,0.0
2026-09-24 21:00:00,0.0,0.0
2026-09-24 21:15:00,0.0,0.0
2026-09-24 21:30:00,0.0,0.0
2026-09-24 21:45:00,0.0,0.0
2026-09-24 22:00:00,0.0,0.0
2026-09-24 22:15:00,0.0,0.0
2026-09-24 22:30:00,0.0,0.0
2026-09-24 22:45:00,0.0,0.0
2026-09-24 23:00:00,0.0,0.0
