datetime,fenecon_complete
2026-08-08 00:00:00,0.0
2026-08-08 00:15:00,0.0
2026-08-08 00:30:00,0.0
2026-08-08 00:45:00,0.0
2026-08-08 01:00:00,0.0
2026-08-08 01:15:00,0.0
2026-08-08 01:30:00,0.0
2026-08-08 01:45:00,0.0
2026-08-08 02:00:00,0.0
2026-08-08 02:15:00,0.0
2026-08-08 02:30:00,0.0
2026-08-08 02:45:00,0.0
2026-08-08 03:00:00,0.0
2026-08-08 03:15:00,0.0
2026-08-08 03:30:00,0.0
2026-08-08 03:45:00,0.0
2026-08-08 04:00:00,0.0
2026-08-08 04:15:00,0.0
2026-08-08 04:30:00,0.0
2026-08-08 04:45:00,0.0
2026-08-08 05:00:00,0.0
2026-08-08 05:15:00,0.0
2026-08-08 05:30:00,0.0
2026-08-08 05:45:00,0.001
2026-08-08 06:00:00,0.034
2026-08-08 06:15:00,0.086
2026-08-08 06:30:00,0.139
2026-08-08 06:45:00,0.242
2026-08-08 07:00:00,0.96
2026-08-08 07:15:00,1.422
2026-08-08 07:30:00,1.744
2026-08-08 07:45:00,2.054
2026-08-08 08:00:00,2.358
2026-08-08 08:15:00,2.612
2026-08-08 08:30:00,2.896
2026-08-08 08:45:00,3.1
2026-08-08 09:00:00,3.341
2026-08-08 09:15:00,3.54
2026-08-08 09:30:00,3.727
2026-08-08 09:45:00,4.048
2026-08-08 10:00:00,4.461
2026-08-08 10:15:00,4.905
2026-08-08 10:30:00,5.452
2026-08-08 10:45:00,5.937
2026-08-08 11:00:00,6.352
2026-08-08 11:15:00,6.82
2026-08-08 11:30:00,7.229
2026-08-08 11:45:00,7.51
2026-08-08 12:00:00,7.882
2026-08-08 12:15:00,8.181
2026-08-08 12:30:00,8.405
2026-08-08 12:45:00,8.611
2026-08-08 13:00:00,8.736
2026-08-08 13:15:00,8.767
2026-08-08 13:30:00,8.869
2026-08-08 13:45:00,8.929
2026-08-08 14:00:00,9.004
2026-08-08 14:15:00,8.896
2026-08-08 14:30:00,8.845
2026-08-08 14:45:00,8.747
2026-08-08 15:00:00,8.525
2026-08-08 15:15:00,8.156
2026-08-08 15:30:00,7.854
2026-08-08 15:45:00,7.401
2026-08-08 16:00:00,6.57
2026-08-08 16:15:00,5.937
2026-08-08 16:30:00,5.112
2026-08-08 16:45:00,4.823
2026-08-08 17:00:00,4.58
2026-08-08 17:15:00,4.311
2026-08-08 17:30:00,4.129
2026-08-08 17:45:00,3.972
2026-08-08 18:00:00,3.471
2026-08-08 18:15:00,3.011
2026-08-08 18:30:00,2.501
2026-08-08 18:45:00,1.542
2026-08-08 19:00:00,1.001
2026-08-08 19:15:00,0.35
2026-08-08 19:30:00,0.307
2026-08-08 19:45:00,0.232
2026-08-08 20:00:00,0.171
2026-08-08 20:15:00,0.096
2026-08-08 20:30:00,0.049
2026-08-08 20:45:00,0.016
2026-08-08 21:00:00,0.0
2026-08-08 21:15:00,0.0
2026-08-08 21:30:00,0.0
2026-08-08 21:45:00,0.0
2026-08-08 22:00:00,0.0
2026-08-08 22:15:00,0.0
2026-08-08 22:30:00,0.0
2026-08-08 22:45:00,0.0
2026-08-08 23:00:00,0.0
2026-08-08 23:15:00,0.0
2026-08-08 23:30:00,0.0
2026-08-08 23:45:00,0.0
2026-08-09 00:00:00,0.0
2026-08-09 00:15:00,0.0
2026-08-09 00:30:00,0.0
2026-08-09 00:45:00,0.0
2026-08-09 01:00:00,0.0
2026-08-09 01:15:00,0.0
2026-08-09 01:30:00,0.0
2026-08-09 01:45:00,0.0
2026-08-09 02:00:00,0.0
2026-08-09 02:15:00,0.0
2026-08-09 02:30:00,0.0
2026-08-09 02:45:00,0.0
2026-08-09 03:00:00,0.0
2026-08-09 03:15:00,0.0
2026-08-09 03:30:00,0.0
2026-08-09 03:45:00,0.0
2026-08-09 04:00:00,0.0
2026-08-09 04:15:00,0.0
2026-08-09 04:30:00,0.0
2026-08-09 04:45:00,0.0
2026-08-09 05:00:00,0.0
2026-08-09 05:15:00,0.0
2026-08-09 05:30:00,0.0
2026-08-09 05:45:00,0.007
2026-08-09 06:00:00,0.028
2026-08-09 06:15:00,0.082
2026-08-09 06:30:00,0.136
2026-08-09 06:45:00,0.212
2026-08-09 07:00:00,0.92
2026-08-09 07:15:00,1.393
2026-08-09 07:30:00,1.654
2026-08-09 07:45:00,1.71
2026-08-09 08:00:00,2.199
2026-08-09 08:15:00,2.579
2026-08-09 08:30:00,2.525
2026-08-09 08:45:00,3.004
2026-08-09 09:00:00,3.225
2026-08-09 09:15:00,3.462
2026-08-09 09:30:00,3.359
2026-08-09 09:45:00,3.849
2026-08-09 10:00:00,4.205
2026-08-09 10:15:00,4.646
2026-08-09 10:30:00,5.182
2026-08-09 10:45:00,5.66
2026-08-09 11:00:00,6.068
2026-08-09 11:15:00,6.5
2026-08-09 11:30:00,7.021
2026-08-09 11:45:00,7.51
2026-08-09 12:00:00,7.041
2026-08-09 12:15:00,7.691
2026-08-09 12:30:00,6.476
2026-08-09 12:45:00,7.379
2026-08-09 13:00:00,7.076
2026-08-09 13:15:00,8.364
2026-08-09 13:30:00,7.031
2026-08-09 13:45:00,7.105
2026-08-09 14:00:00,8.718
2026-08-09 14:15:00,8.669
2026-08-09 14:30:00,8.609
2026-08-09 14:45:00,8.882
2026-08-09 15:00:00,8.237
2026-08-09 15:15:00,7.531
2026-08-09 15:30:00,6.472
2026-08-09 15:45:00,5.683
2026-08-09 16:00:00,3.112
2026-08-09 16:15:00,4.106
2026-08-09 16:30:00,4.685
2026-08-09 16:45:00,2.25
2026-08-09 17:00:00,1.771
2026-08-09 17:15:00,1.561
2026-08-09 17:30:00,1.266
2026-08-09 17:45:00,1.027
2026-08-09 18:00:00,0.671
2026-08-09 18:15:00,1.099
2026-08-09 18:30:00,1.062
2026-08-09 18:45:00,0.638
2026-08-09 19:00:00,0.769
2026-08-09 19:15:00,0.572
2026-08-09 19:30:00,0.416
2026-08-09 19:45:00,0.278
2026-08-09 20:00:00,0.178
2026-08-09 20:15:00,0.098
2026-08-09 20:30:00,0.045
2026-08-09 20:45:00,0.004
2026-08-09 21:00:00,0.0
2026-08-09 21:15:00,0.0
2026-08-09 21:30:00,0.0
2026-08-09 21:45:00,0.0
2026-08-09 22:00:00,0.0
2026-08-09 22:15:00,0.0
2026-08-10 00:00:00,0.0
2026-08-10 00:15:00,0.0
2026-08-10 00:30:00,0.0
2026-08-10 00:45:00,0.0
2026-08-10 01:00:00,0.0
2026-08-10 01:15:00,0.0
2026-08-10 01:30:00,0.0
2026-08-10 01:45:00,0.0
2026-08-10 02:00:00,0.0
2026-08-10 02:15:00,0.0
2026-08-10 02:30:00,0.0
2026-08-10 02:45:00,0.0
2026-08-10 03:00:00,0.0
2026-08-10 03:15:00,0.0
2026-08-10 03:30:00,0.0
2026-08-10 03:45:00,0.0
2026-08-10 04:00:00,0.0
2026-08-10 04:15:00,0.0
2026-08-10 04:30:00,0.0
2026-08-10 04:45:00,0.0
2026-08-10 05:00:00,0.0
2026-08-10 05:15:00,0.0
2026-08-10 05:30:00,0.0
2026-08-10 05:45:00,0.0
2026-08-10 06:00:00,0.026
2026-08-10 06:15:00,0.081
2026-08-10 06:30:00,0.167
2026-08-10 06:45:00,0.293
2026-08-10 07:00:00,0.802
2026-08-10 07:15:00,1.198
2026-08-10 07:30:00,1.53
2026-08-10 07:45:00,1.856
2026-08-10 08:00:00,2.165
2026-08-10 08:15:00,2.413
2026-08-10 08:30:00,2.565
2026-08-10 08:45:00,2.865
2026-08-10 09:00:00,3.099
2026-08-10 09:15:00,3.308
2026-08-10 09:30:00,3.537
2026-08-10 09:45:00,3.817
2026-08-10 10:00:00,4.163
2026-08-10 10:15:00,4.587
2026-08-10 10:30:00,5.108
2026-08-10 10:45:00,5.571
2026-08-10 11:00:00,6.016
2026-08-10 11:15:00,6.424
2026-08-10 11:30:00,6.85
2026-08-10 11:45:00,7.171
2026-08-10 12:00:00,7.426
2026-08-10 12:15:00,7.758
2026-08-10 12:30:00,8.11
2026-08-10 12:45:00,8.282
2026-08-10 13:00:00,8.398
2026-08-10 13:15:00,8.512
2026-08-10 13:30:00,8.626
2026-08-10 13:45:00,8.74
2026-08-10 14:00:00,8.696
2026-08-10 14:15:00,8.631
2026-08-10 14:30:00,8.521
2026-08-10 14:45:00,8.308
2026-08-10 15:00:00,8.035
2026-08-10 15:15:00,7.95
2026-08-10 15:30:00,7.609
2026-08-10 15:45:00,7.217
2026-08-10 16:00:00,6.071
2026-08-10 16:15:00,5.58
2026-08-10 16:30:00,4.957
2026-08-10 16:45:00,4.693
2026-08-10 17:00:00,3.888
2026-08-10 17:15:00,3.959
2026-08-10 17:30:00,2.608
2026-08-10 17:45:00,2.902
2026-08-10 18:00:00,2.839
2026-08-10 18:15:00,2.308
2026-08-10 18:30:00,0.947
2026-08-10 18:45:00,0.862
2026-08-10 19:00:00,0.727
2026-08-10 19:15:00,0.657
2026-08-10 19:30:00,0.503
2026-08-10 19:45:00,0.334
2026-08-10 20:00:00,0.259
2026-08-10 20:15:00,0.115
2026-08-10 20:30:00,0.039
2026-08-10 20:45:00,0.001
2026-08-10 21:00:00,0.0
2026-08-10 21:15:00,0.0
2026-08-10 21:30:00,0.0
2026-08-10 21:45:00,0.0
2026-08-10 22:00:00,0.0
2026-08-10 22:15:00,0.0
2026-08-10 22:30:00,0.0
2026-08-10 22:45:00,0.0
2026-08-10 23:00:00,0.0
2026-08-10 23:15:00,0.0
2026-08-10 23:30:00,0.0
2026-08-10 23:45:00,0.0
2026-08-11 00:00:00,0.0
2026-08-11 00:15:00,0.0
2026-08-11 00:30:00,0.0
2026-08-11 00:45:00,0.0
2026-08-11 01:00:00,0.0
2026-08-11 01:15:00,0.0
2026-08-11 01:30:00,0.0
2026-08-11 01:45:00,0.0
2026-08-11 02:00:00,0.0
2026-08-11 02:15:00,0.0
2026-08-11 02:30:00,0.0
2026-08-11 02:45:00,0.0
2026-08-11 03:00:00,0.0
2026-08-11 03:15:00,0.0
2026-08-11 03:30:00,0.0
2026-08-11 03:45:00,0.0
2026-08-11 04:00:00,0.0
2026-08-11 04:15:00,0.0
2026-08-11 04:30:00,0.0
2026-08-11 04:45:00,0.0
2026-08-11 05:00:00,0.0
2026-08-11 05:15:00,0.0
2026-08-11 05:30:00,0.0
2026-08-11 05:45:00,0.0
2026-08-11 06:00:00,0.023
2026-08-11 06:15:00,0.061
2026-08-11 06:30:00,0.135
2026-08-11 06:45:00,0.247
2026-08-11 07:00:00,0.774
2026-08-11 07:15:00,1.235
2026-08-11 07:30:00,1.6
2026-08-11 07:45:00,1.935
2026-08-11 08:00:00,2.238
2026-08-11 08:15:00,2.519
2026-08-11 08:30:00,2.756
2026-08-11 08:45:00,3.093
2026-08-11 09:00:00,3.397
2026-08-11 09:15:00,3.174
2026-08-11 09:30:00,3.639
2026-08-11 09:45:00,3.908
2026-08-11 10:00:00,4.301
2026-08-11 10:15:00,4.753
2026-08-11 10:30:00,5.307
2026-08-11 10:45:00,5.74
2026-08-11 11:00:00,6.158
2026-08-11 11:15:00,6.569
2026-08-11 11:30:00,7.035
2026-08-11 11:45:00,7.353
2026-08-11 12:00:00,7.654
2026-08-11 12:15:00,7.926
2026-08-11 12:30:00,8.17
2026-08-11 12:45:00,8.341
2026-08-11 13:00:00,8.515
2026-08-11 13:15:00,8.598
2026-08-11 13:30:00,8.83
2026-08-11 13:45:00,8.823
2026-08-11 14:00:00,8.932
2026-08-11 14:15:00,8.782
2026-08-11 14:30:00,8.821
2026-08-11 14:45:00,8.557
2026-08-11 15:00:00,8.281
2026-08-11 15:15:00,7.939
2026-08-11 15:30:00,7.488
2026-08-11 15:45:00,7.069
2026-08-11 16:00:00,6.237
2026-08-11 16:15:00,5.452
2026-08-11 16:30:00,4.826
2026-08-11 16:45:00,4.683
2026-08-11 17:00:00,4.463
2026-08-11 17:15:00,4.196
2026-08-11 17:30:00,3.973
2026-08-11 17:45:00,3.773
2026-08-11 18:00:00,3.338
2026-08-11 18:15:00,2.98
2026-08-11 18:30:00,2.289
2026-08-11 18:45:00,1.527
2026-08-11 19:00:00,0.99
2026-08-11 19:15:00,0.506
2026-08-11 19:30:00,0.257
2026-08-11 19:45:00,0.165
2026-08-11 20:00:00,0.114
2026-08-11 20:15:00,0.074
2026-08-11 20:30:00,0.036
2026-08-11 20:45:00,0.0
2026-08-11 21:00:00,0.0
2026-08-11 21:15:00,0.0
2026-08-11 21:30:00,0.0
2026-08-11 21:45:00,0.0
2026-08-11 22:00:00,0.0
2026-08-11 22:15:00,0.0
2026-08-11 22:30:00,0.0
2026-08-11 22:45:00,0.0
2026-08-12 00:00:00,0.0
2026-08-12 00:15:00,0.0
2026-08-12 00:30:00,0.0
2026-08-12 00:45:00,0.0
2026-08-12 01:00:00,0.0
2026-08-12 01:15:00,0.0
2026-08-12 01:30:00,0.0
2026-08-12 01:45:00,0.0
2026-08-12 02:00:00,0.0
2026-08-12 02:15:00,0.0
2026-08-12 02:30:00,0.0
2026-08-12 02:45:00,0.0
2026-08-12 03:00:00,0.0
2026-08-12 03:15:00,0.0
2026-08-12 03:30:00,0.0
2026-08-12 03:45:00,0.0
2026-08-12 04:00:00,0.0
2026-08-12 04:15:00,0.0
2026-08-12 04:30:00,0.0
2026-08-12 04:45:00,0.0
2026-08-12 05:00:00,0.0
2026-08-12 05:15:00,0.0
2026-08-12 05:30:00,0.0
2026-08-12 05:45:00,0.0
2026-08-12 06:00:00,0.017
2026-08-12 06:15:00,0.06
2026-08-12 06:30:00,0.143
2026-08-12 06:45:00,0.279
2026-08-12 07:00:00,0.992
2026-08-12 07:15:00,1.424
2026-08-12 07:30:00,1.747
2026-08-12 07:45:00,2.071
2026-08-12 08:00:00,2.368
2026-08-12 08:15:00,2.637
2026-08-12 08:30:00,2.894
2026-08-12 08:45:00,3.116
2026-08-12 09:00:00,3.309
2026-08-12 09:15:00,3.516
2026-08-12 09:30:00,3.723
2026-08-12 09:45:00,4.019
2026-08-12 10:00:00,4.418
2026-08-12 10:15:00,4.902
2026-08-12 10:30:00,5.44
2026-08-12 10:45:00,5.913
2026-08-12 11:00:00,6.373
2026-08-12 11:15:00,6.789
2026-08-12 11:30:00,7.245
2026-08-12 11:45:00,7.629
2026-08-12 12:00:00,7.89
2026-08-12 12:15:00,8.191
2026-08-12 12:30:00,8.453
2026-08-12 12:45:00,8.607
2026-08-12 13:00:00,8.783
2026-08-12 13:15:00,8.858
2026-08-12 13:30:00,8.99
2026-08-12 13:45:00,9.018
2026-08-12 14:00:00,9.002
2026-08-12 14:15:00,9.008
2026-08-12 14:30:00,8.889
2026-08-12 14:45:00,8.729
2026-08-12 15:00:00,8.494
2026-08-12 15:15:00,8.205
2026-08-12 15:30:00,7.68
2026-08-12 15:45:00,7.664
2026-08-12 16:00:00,6.872
2026-08-12 16:15:00,5.825
2026-08-12 16:30:00,5.008
2026-08-12 16:45:00,4.776
2026-08-12 17:00:00,4.523
2026-08-12 17:15:00,4.247
2026-08-12 17:30:00,4.034
2026-08-12 17:45:00,3.773
2026-08-12 18:00:00,3.296
2026-08-12 18:15:00,2.98
2026-08-12 18:30:00,2.366
2026-08-12 18:45:00,1.576
2026-08-12 19:00:00,0.96
2026-08-12 19:15:00,0.394
2026-08-12 19:30:00,0.166
2026-08-12 19:45:00,0.081
2026-08-12 20:00:00,0.019
2026-08-12 20:15:00,0.002
2026-08-12 20:30:00,0.012
2026-08-12 20:45:00,0.0
2026-08-12 21:00:00,0.0
2026-08-12 21:15:00,0.0
2026-08-12 21:30:00,0.0
2026-08-12 21:45:00,0.0
2026-08-12 22:00:00,0.0
2026-08-12 22:15:00,0.0
2026-08-12 22:30:00,0.0
2026-08-12 22:45:00,0.0
2026-08-12 23:00:00,0.0
2026-08-12 23:15:00,0.0
2026-08-12 23:30:00,0.0
2026-08-12 23:45:00,0.0
2026-08-13 00:00:00,0.0
2026-08-13 00:15:00,0.0
2026-08-13 00:30:00,0.0
2026-08-13 00:45:00,0.0
2026-08-13 01:00:00,0.0
2026-08-13 01:15:00,0.0
2026-08-13 01:30:00,0.0
2026-08-13 01:45:00,0.0
2026-08-13 02:00:00,0.0
2026-08-13 02:15:00,0.0
2026-08-13 02:30:00,0.0
2026-08-13 02:45:00,0.0
2026-08-13 03:00:00,0.0
2026-08-13 03:15:00,0.0
2026-08-13 03:30:00,0.0
2026-08-13 03:45:00,0.0
2026-08-13 04:00:00,0.0
2026-08-13 04:15:00,0.0
2026-08-13 04:30:00,0.0
2026-08-13 04:45:00,0.0
2026-08-13 05:00:00,0.0
2026-08-13 05:15:00,0.0
2026-08-13 05:30:00,0.0
2026-08-13 05:45:00,0.0
2026-08-13 06:00:00,0.014
2026-08-13 06:15:00,0.054
2026-08-13 06:30:00,0.135
2026-08-13 06:45:00,0.55
2026-08-13 07:00:00,1.034
2026-08-13 07:15:00,1.401
2026-08-13 07:30:00,1.738
2026-08-13 07:45:00,2.066
2026-08-13 08:00:00,2.354
2026-08-13 08:15:00,2.641
2026-08-13 08:30:00,2.877
2026-08-13 08:45:00,3.13
2026-08-13 09:00:00,3.358
2026-08-13 09:15:00,3.527
2026-08-13 09:30:00,3.726
2026-08-13 09:45:00,4.021
2026-08-13 10:00:00,4.41
2026-08-13 10:15:00,4.858
2026-08-13 10:30:00,5.407
2026-08-13 10:45:00,5.873
2026-08-13 11:00:00,6.322
2026-08-13 11:15:00,6.773
2026-08-13 11:30:00,7.231
2026-08-13 11:45:00,7.592
2026-08-13 12:00:00,7.878
2026-08-13 12:15:00,8.167
2026-08-13 12:30:00,8.424
2026-08-13 12:45:00,8.615
2026-08-13 13:00:00,8.743
2026-08-13 13:15:00,8.817
2026-08-13 13:30:00,8.888
2026-08-13 13:45:00,8.975
2026-08-13 14:00:00,8.943
2026-08-13 14:15:00,8.966
2026-08-13 14:30:00,8.849
2026-08-13 14:45:00,8.679
2026-08-13 15:00:00,8.369
2026-08-13 15:15:00,8.102
2026-08-13 15:30:00,7.534
2026-08-13 15:45:00,7.019
2026-08-13 16:00:00,6.301
2026-08-13 16:15:00,5.423
2026-08-13 16:30:00,4.961
2026-08-13 16:45:00,4.677
2026-08-13 17:00:00,4.467
2026-08-13 17:15:00,4.147
2026-08-13 17:30:00,3.897
2026-08-13 17:45:00,3.619
2026-08-13 18:00:00,3.157
2026-08-13 18:15:00,2.839
2026-08-13 18:30:00,2.299
2026-08-13 18:45:00,1.466
2026-08-13 19:00:00,0.972
2026-08-13 19:15:00,0.452
2026-08-13 19:30:00,0.242
2026-08-13 19:45:00,0.183
2026-08-13 20:00:00,0.111
2026-08-13 20:15:00,0.064
2026-08-13 20:30:00,0.032
2026-08-14 00:00:00,0.0
2026-08-14 00:15:00,0.0
2026-08-14 00:30:00,0.0
2026-08-14 00:45:00,0.0
2026-08-14 01:00:00,0.0
2026-08-14 01:15:00,0.0
2026-08-14 01:30:00,0.0
2026-08-14 01:45:00,0.0
2026-08-14 02:00:00,0.0
2026-08-14 02:15:00,0.0
2026-08-14 02:30:00,0.0
2026-08-14 02:45:00,0.0
2026-08-14 03:00:00,0.0
2026-08-14 03:15:00,0.0
2026-08-14 03:30:00,0.0
2026-08-14 03:45:00,0.0
2026-08-14 04:00:00,0.0
2026-08-14 04:15:00,0.0
2026-08-14 04:30:00,0.0
2026-08-14 04:45:00,0.0
2026-08-14 05:00:00,0.0
2026-08-14 05:15:00,0.0
2026-08-14 05:30:00,0.0
2026-08-14 05:45:00,0.0
2026-08-14 06:00:00,0.011
2026-08-14 06:15:00,0.051
2026-08-14 06:30:00,0.125
2026-08-14 06:45:00,0.547
2026-08-14 07:00:00,1.033
2026-08-14 07:15:00,1.415
2026-08-14 07:30:00,1.753
2026-08-14 07:45:00,2.069
2026-08-14 08:00:00,2.348
2026-08-14 08:15:00,2.629
2026-08-14 08:30:00,2.856
2026-08-14 08:45:00,3.072
2026-08-14 09:00:00,3.313
2026-08-14 09:15:00,3.496
2026-08-14 09:30:00,3.675
2026-08-14 09:45:00,3.932
2026-08-14 10:00:00,4.336
2026-08-14 10:15:00,4.849
2026-08-14 10:30:00,5.387
2026-08-14 10:45:00,5.859
2026-08-14 11:00:00,6.318
2026-08-14 11:15:00,6.79
2026-08-14 11:30:00,7.226
2026-08-14 11:45:00,7.528
2026-08-14 12:00:00,7.798
2026-08-14 12:15:00,8.07
2026-08-14 12:30:00,8.34
2026-08-14 12:45:00,8.507
2026-08-14 13:00:00,8.636
2026-08-14 13:15:00,8.755
2026-08-14 13:30:00,8.809
2026-08-14 13:45:00,8.864
2026-08-14 14:00:00,8.842
2026-08-14 14:15:00,8.809
2026-08-14 14:30:00,8.743
2026-08-14 14:45:00,8.545
2026-08-14 15:00:00,8.29
2026-08-14 15:15:00,7.974
2026-08-14 15:30:00,7.458
2026-08-14 15:45:00,7.256
2026-08-14 16:00:00,6.542
2026-08-14 16:15:00,5.391
2026-08-14 16:30:00,4.887
2026-08-14 16:45:00,4.582
2026-08-14 17:00:00,4.356
2026-08-14 17:15:00,4.013
2026-08-14 17:30:00,3.742
2026-08-14 17:45:00,3.459
2026-08-14 18:00:00,3.159
2026-08-14 18:15:00,2.738
2026-08-14 18:30:00,2.007
2026-08-14 18:45:00,1.347
2026-08-14 19:00:00,0.905
2026-08-14 19:15:00,0.404
2026-08-14 19:30:00,0.204
2026-08-14 19:45:00,0.142
2026-08-14 20:00:00,0.097
2026-08-14 20:15:00,0.055
2026-08-14 20:30:00,0.021
2026-08-14 20:45:00,0.0
2026-08-14 21:00:00,0.0
2026-08-14 21:15:00,0.0
2026-08-14 21:30:00,0.0
2026-08-14 21:45:00,0.0
2026-08-14 22:00:00,0.0
2026-08-14 22:15:00,0.0
2026-08-14 22:30:00,0.0
2026-08-14 22:45:00,0.0
2026-08-14 23:00:00,0.0
2026-08-14 23:15:00,0.0
2026-08-14 23:30:00,0.0
2026-08-14 23:45:00,0.0
2026-08-15 00:00:00,0.0
2026-08-15 00:15:00,0.0
2026-08-15 00:30:00,0.0
2026-08-15 00:45:00,0.0
2026-08-15 01:00:00,0.0
2026-08-15 01:15:00,0.0
2026-08-15 01:30:00,0.0
2026-08-15 01:45:00,0.0
2026-08-15 02:00:00,0.0
2026-08-15 02:15:00,0.0
2026-08-15 02:30:00,0.0
2026-08-15 02:45:00,0.0
2026-08-15 03:00:00,0.0
2026-08-15 03:15:00,0.0
2026-08-15 03:30:00,0.0
2026-08-15 03:45:00,0.0
2026-08-15 04:00:00,0.0
2026-08-15 04:15:00,0.0
2026-08-15 04:30:00,0.0
2026-08-15 04:45:00,0.0
2026-08-15 05:00:00,0.0
2026-08-15 05:15:00,0.0
2026-08-15 05:30:00,0.0
2026-08-15 05:45:00,0.0
2026-08-15 06:00:00,0.01
2026-08-15 06:15:00,0.055
2026-08-15 06:30:00,0.118
2026-08-15 06:45:00,0.209
2026-08-15 07:00:00,0.894
2026-08-15 07:15:00,1.254
2026-08-15 07:30:00,1.584
2026-08-15 07:45:00,1.904
2026-08-15 08:00:00,2.204
2026-08-15 08:15:00,2.463
2026-08-15 08:30:00,2.731
2026-08-15 08:45:00,2.947
2026-08-15 09:00:00,3.157
2026-08-15 09:15:00,3.332
2026-08-15 09:30:00,3.514
2026-08-15 09:45:00,3.787
2026-08-15 10:00:00,4.163
2026-08-15 10:15:00,4.608
2026-08-15 10:30:00,5.124
2026-08-15 10:45:00,5.548
2026-08-15 11:00:00,5.962
2026-08-15 11:15:00,6.373
2026-08-15 11:30:00,6.789
2026-08-15 11:45:00,7.09
2026-08-15 12:00:00,7.406
2026-08-15 12:15:00,7.729
2026-08-15 12:30:00,7.951
2026-08-15 12:45:00,8.128
2026-08-15 13:00:00,8.29
2026-08-15 13:15:00,8.304
2026-08-15 13:30:00,8.65
2026-08-15 13:45:00,6.579
2026-08-15 14:00:00,5.609
2026-08-15 14:15:00,5.529
2026-08-15 14:30:00,8.848
2026-08-15 14:45:00,8.435
2026-08-15 15:00:00,8.137
2026-08-15 15:15:00,6.714
2026-08-15 15:30:00,7.888
2026-08-15 15:45:00,7.093
2026-08-15 16:00:00,6.221
2026-08-15 16:15:00,5.29
2026-08-15 16:30:00,4.737
2026-08-15 16:45:00,4.065
2026-08-15 17:00:00,3.964
2026-08-15 17:15:00,3.148
2026-08-15 17:30:00,1.756
2026-08-15 17:45:00,1.356
2026-08-15 18:00:00,0.772
2026-08-15 18:15:00,0.735
2026-08-15 18:30:00,0.778
2026-08-15 18:45:00,0.716
2026-08-15 19:00:00,0.44
2026-08-15 19:15:00,0.322
2026-08-15 19:30:00,0.194
2026-08-15 19:45:00,0.086
2026-08-15 20:00:00,0.049
2026-08-15 20:15:00,0.026
2026-08-15 20:30:00,0.0
2026-08-15 20:45:00,0.0
2026-08-15 21:00:00,0.0
2026-08-15 21:15:00,0.0
2026-08-15 21:30:00,0.0
2026-08-15 21:45:00,0.0
2026-08-15 22:00:00,0.0
2026-08-15 22:15:00,0.0
2026-08-15 22:30:00,0.0
2026-08-15 22:45:00,0.0
2026-08-15 23:00:00,0.0
2026-08-15 23:15:00,0.0
2026-08-15 23:30:00,0.0
2026-08-15 23:45:00,0.0
2026-08-16 00:00:00,0.0
2026-08-16 00:15:00,0.0
2026-08-16 00:30:00,0.0
2026-08-16 00:45:00,0.0
2026-08-16 01:00:00,0.0
2026-08-16 01:15:00,0.0
2026-08-16 01:30:00,0.0
2026-08-16 01:45:00,0.0
2026-08-16 02:00:00,0.0
2026-08-16 02:15:00,0.0
2026-08-16 02:30:00,0.0
2026-08-16 02:45:00,0.0
2026-08-16 03:00:00,0.0
2026-08-16 03:15:00,0.0
2026-08-16 03:30:00,0.0
2026-08-16 03:45:00,0.0
2026-08-16 04:00:00,0.0
2026-08-16 04:15:00,0.0
2026-08-16 04:30:00,0.0
2026-08-16 04:45:00,0.0
2026-08-16 05:00:00,0.0
2026-08-16 05:15:00,0.0
2026-08-16 05:30:00,0.0
2026-08-16 05:45:00,0.0
2026-08-16 06:00:00,0.0
2026-08-16 06:15:00,0.036
2026-08-16 06:30:00,0.083
2026-08-16 06:45:00,0.153
2026-08-16 07:00:00,0.217
2026-08-16 07:15:00,0.151
2026-08-16 07:30:00,0.311
2026-08-16 07:45:00,0.515
2026-08-16 08:00:00,0.625
2026-08-16 08:15:00,0.747
2026-08-16 08:30:00,1.042
2026-08-16 08:45:00,1.274
2026-08-16 09:00:00,1.83
2026-08-16 09:15:00,3.456
2026-08-16 09:30:00,3.546
2026-08-16 09:45:00,3.914
2026-08-16 10:00:00,4.386
2026-08-16 10:15:00,4.459
2026-08-16 10:30:00,5.083
2026-08-16 10:45:00,5.248
2026-08-16 11:00:00,4.91
2026-08-16 11:15:00,5.296
2026-08-16 11:30:00,5.188
2026-08-16 11:45:00,5.057
2026-08-16 12:00:00,2.875
2026-08-16 12:15:00,3.223
2026-08-16 12:30:00,5.588
2026-08-16 12:45:00,7.997
2026-08-16 13:00:00,7.051
2026-08-16 13:15:00,5.737
2026-08-16 13:30:00,3.725
2026-08-16 13:45:00,6.23
2026-08-16 14:00:00,6.02
2026-08-16 14:15:00,7.277
2026-08-16 14:30:00,7.883
2026-08-16 14:45:00,6.42
2026-08-16 15:00:00,5.505
2026-08-16 15:15:00,6.299
2026-08-16 15:30:00,6.477
2026-08-16 15:45:00,4.919
2026-08-16 16:00:00,3.503
2026-08-16 16:15:00,2.083
2026-08-16 16:30:00,1.391
2026-08-16 16:45:00,1.374
2026-08-16 17:00:00,1.386
2026-08-16 17:15:00,2.611
2026-08-16 17:30:00,1.653
2026-08-16 17:45:00,1.584
2026-08-16 18:00:00,1.149
2026-08-16 18:15:00,1.034
2026-08-16 18:30:00,0.682
2026-08-16 18:45:00,0.201
2026-08-16 19:00:00,0.289
2026-08-16 19:15:00,0.161
2026-08-16 19:30:00,0.035
2026-08-16 19:45:00,0.053
2026-08-16 20:00:00,0.052
2026-08-16 20:15:00,0.031
2026-08-16 20:30:00,0.001
2026-08-16 20:45:00,0.0
2026-08-16 21:00:00,0.0
2026-08-16 21:15:00,0.0
2026-08-16 21:30:00,0.0
2026-08-16 21:45:00,0.0
2026-08-16 22:00:00,0.0
2026-08-16 22:15:00,0.0
2026-08-16 22:30:00,0.0
2026-08-16 22:45:00,0.0
2026-08-16 23:00:00,0.0
2026-08-16 23:15:00,0.0
2026-08-16 23:30:00,0.0
2026-08-16 23:45:00,0.0
2026-08-17 00:00:00,0.0
2026-08-17 00:15:00,0.0
2026-08-17 00:30:00,0.0
2026-08-17 00:45:00,0.0
2026-08-17 01:00:00,0.0
2026-08-17 01:15:00,0.0
2026-08-17 01:30:00,0.0
2026-08-17 01:45:00,0.0
2026-08-17 02:00:00,0.0
2026-08-17 02:15:00,0.0
2026-08-17 02:30:00,0.0
2026-08-17 02:45:00,0.0
2026-08-17 03:00:00,0.0
2026-08-17 03:15:00,0.0
2026-08-17 03:30:00,0.0
2026-08-17 03:45:00,0.0
2026-08-17 04:00:00,0.0
2026-08-17 04:15:00,0.0
2026-08-17 04:30:00,0.0
2026-08-17 04:45:00,0.0
2026-08-17 05:00:00,0.0
2026-08-17 05:15:00,0.0
2026-08-17 05:30:00,0.0
2026-08-17 05:45:00,0.0
2026-08-17 06:00:00,0.0
2026-08-17 06:15:00,0.037
2026-08-17 06:30:00,0.117
2026-08-17 06:45:00,0.245
2026-08-17 07:00:00,0.604
2026-08-17 07:15:00,0.659
2026-08-17 07:30:00,0.661
2026-08-17 07:45:00,0.812
2026-08-17 08:00:00,0.821
2026-08-17 08:15:00,0.827
2026-08-17 08:30:00,1.543
2026-08-17 08:45:00,2.813
2026-08-17 09:00:00,2.053
2026-08-17 09:15:00,1.155
2026-08-17 09:30:00,0.787
2026-08-17 09:45:00,0.891
2026-08-17 10:00:00,1.397
2026-08-17 10:15:00,2.145
2026-08-17 10:30:00,1.721
2026-08-17 10:45:00,1.514
2026-08-17 11:00:00,2.771
2026-08-17 11:15:00,3.604
2026-08-17 11:30:00,3.903
2026-08-17 11:45:00,4.543
2026-08-17 12:00:00,1.414
2026-08-17 12:15:00,2.426
2026-08-17 12:30:00,1.903
2026-08-17 12:45:00,1.724
2026-08-17 13:00:00,1.925
2026-08-17 13:15:00,1.496
2026-08-17 13:30:00,4.729
2026-08-17 13:45:00,2.376
2026-08-17 14:00:00,5.362
2026-08-17 14:15:00,6.444
2026-08-17 14:30:00,5.954
2026-08-17 14:45:00,8.387
2026-08-17 15:00:00,5.009
2026-08-17 15:15:00,7.184
2026-08-17 15:30:00,3.117
2026-08-17 15:45:00,2.507
2026-08-17 16:00:00,2.621
2026-08-17 16:15:00,3.844
2026-08-17 16:30:00,1.866
2026-08-17 16:45:00,1.702
2026-08-17 17:00:00,1.775
2026-08-17 17:15:00,1.879
2026-08-17 17:30:00,1.209
2026-08-17 17:45:00,1.276
2026-08-17 18:00:00,1.374
2026-08-17 18:15:00,1.33
2026-08-17 18:30:00,0.921
2026-08-17 18:45:00,0.855
2026-08-17 19:00:00,0.999
2026-08-17 19:15:00,0.504
2026-08-17 19:30:00,0.286
2026-08-17 19:45:00,0.218
2026-08-17 20:00:00,0.147
2026-08-17 20:15:00,0.044
2026-08-17 20:30:00,0.002
2026-08-17 20:45:00,0.0
2026-08-17 21:00:00,0.0
2026-08-17 21:15:00,0.0
2026-08-17 21:30:00,0.0
2026-08-17 21:45:00,0.0
2026-08-17 22:00:00,0.0
2026-08-17 22:15:00,0.0
2026-08-17 22:30:00,0.0
2026-08-17 22:45:00,0.0
2026-08-17 23:00:00,0.0
2026-08-17 23:15:00,0.0
2026-08-17 23:30:00,0.0
2026-08-17 23:45:00,0.0
2026-08-18 00:00:00,0.0
2026-08-18 00:15:00,0.0
2026-08-18 00:30:00,0.0
2026-08-18 00:45:00,0.0
2026-08-18 01:00:00,0.0
2026-08-18 01:15:00,0.0
2026-08-18 01:30:00,0.0
2026-08-18 01:45:00,0.0
2026-08-18 02:00:00,0.0
2026-08-18 02:15:00,0.0
2026-08-18 02:30:00,0.0
2026-08-18 02:45:00,0.0
2026-08-18 03:00:00,0.0
2026-08-18 03:15:00,0.0
2026-08-18 03:30:00,0.0
2026-08-18 03:45:00,0.0
2026-08-18 04:00:00,0.0
2026-08-18 04:15:00,0.0
2026-08-18 04:30:00,0.0
2026-08-18 04:45:00,0.0
2026-08-18 05:00:00,0.0
2026-08-18 05:15:00,0.0
2026-08-18 05:30:00,0.0
2026-08-18 05:45:00,0.0
2026-08-18 06:00:00,0.0
2026-08-18 06:15:00,0.014
2026-08-18 06:30:00,0.037
2026-08-18 06:45:00,0.074
2026-08-18 07:00:00,0.091
2026-08-18 07:15:00,0.03
2026-08-18 07:30:00,0.027
2026-08-18 07:45:00,0.066
2026-08-18 08:00:00,0.173
2026-08-18 08:15:00,0.294
2026-08-18 08:30:00,0.244
2026-08-18 08:45:00,0.36
2026-08-18 09:00:00,0.649
2026-08-18 09:15:00,0.579
2026-08-18 09:30:00,0.539
2026-08-18 09:45:00,0.884
2026-08-18 10:00:00,1.107
2026-08-18 10:15:00,0.781
2026-08-18 10:30:00,0.869
2026-08-18 10:45:00,1.856
2026-08-18 11:00:00,1.56
2026-08-18 11:15:00,1.525
2026-08-18 11:30:00,1.467
2026-08-18 11:45:00,0.617
2026-08-18 12:00:00,0.368
2026-08-18 12:15:00,0.726
2026-08-18 12:30:00,0.757
2026-08-18 12:45:00,0.93
2026-08-18 13:00:00,2.48
2026-08-18 13:15:00,2.664
2026-08-18 13:30:00,2.958
2026-08-18 13:45:00,2.241
2026-08-18 14:00:00,3.655
2026-08-18 14:15:00,3.527
2026-08-18 14:30:00,2.742
2026-08-18 14:45:00,2.88
2026-08-18 15:00:00,5.436
2026-08-18 15:15:00,3.43
2026-08-18 15:30:00,1.237
2026-08-18 15:45:00,0.798
2026-08-18 16:00:00,1.195
2026-08-18 16:15:00,1.923
2026-08-18 16:30:00,0.748
2026-08-18 16:45:00,1.0
2026-08-18 17:00:00,0.916
2026-08-18 17:15:00,0.724
2026-08-18 17:30:00,0.502
2026-08-18 17:45:00,0.452
2026-08-18 18:00:00,0.181
2026-08-18 18:15:00,0.15
2026-08-18 18:30:00,0.122
2026-08-18 18:45:00,0.078
2026-08-18 19:00:00,0.09
2026-08-18 19:15:00,0.057
2026-08-18 19:30:00,0.046
2026-08-18 19:45:00,0.055
2026-08-18 20:00:00,0.03
2026-08-18 20:15:00,0.01
2026-08-18 20:30:00,0.0
2026-08-18 20:45:00,0.0
2026-08-18 21:00:00,0.0
2026-08-18 21:15:00,0.0
2026-08-18 21:30:00,0.0
2026-08-18 21:45:00,0.0
2026-08-18 22:00:00,0.0
2026-08-18 22:15:00,0.0
2026-08-18 22:30:00,0.0
2026-08-18 22:45:00,0.0
2026-08-18 23:00:00,0.0
2026-08-18 23:15:00,0.0
2026-08-18 23:30:00,0.0
2026-08-18 23:45:00,0.0
2026-08-19 00:00:00,0.0
2026-08-19 00:15:00,0.0
2026-08-19 00:30:00,0.0
2026-08-19 00:45:00,0.0
2026-08-19 01:00:00,0.0
2026-08-19 01:15:00,0.0
2026-08-19 01:30:00,0.0
2026-08-19 01:45:00,0.0
2026-08-19 02:00:00,0.0
2026-08-19 02:15:00,0.0
2026-08-19 02:30:00,0.0
2026-08-19 02:45:00,0.0
2026-08-19 03:00:00,0.0
2026-08-19 03:15:00,0.0
2026-08-19 03:30:00,0.0
2026-08-19 03:45:00,0.0
2026-08-19 04:00:00,0.0
2026-08-19 04:15:00,0.0
2026-08-19 04:30:00,0.0
2026-08-19 04:45:00,0.0
2026-08-19 05:00:00,0.0
2026-08-19 05:15:00,0.0
2026-08-19 05:30:00,0.0
2026-08-19 05:45:00,0.0
2026-08-19 06:00:00,0.0
2026-08-19 06:15:00,0.004
2026-08-19 06:30:00,0.042
2026-08-19 06:45:00,0.08
2026-08-19 07:00:00,0.097
2026-08-19 07:15:00,0.154
2026-08-19 07:30:00,0.301
2026-08-19 07:45:00,0.721
2026-08-19 08:00:00,1.018
2026-08-19 08:15:00,1.086
2026-08-19 08:30:00,1.232
2026-08-19 08:45:00,0.783
2026-08-19 09:00:00,2.124
2026-08-19 09:15:00,2.975
2026-08-19 09:30:00,3.201
2026-08-19 09:45:00,3.292
2026-08-19 10:00:00,3.334
2026-08-19 10:15:00,3.528
2026-08-19 10:30:00,5.033
2026-08-19 10:45:00,5.736
2026-08-19 11:00:00,5.744
2026-08-19 11:15:00,6.669
2026-08-19 11:30:00,3.749
2026-08-19 11:45:00,1.055
2026-08-19 12:00:00,0.975
2026-08-19 12:15:00,1.422
2026-08-19 12:30:00,1.847
2026-08-19 12:45:00,1.241
2026-08-19 13:00:00,2.49
2026-08-19 13:15:00,6.315
2026-08-19 13:30:00,9.406
2026-08-19 13:45:00,6.698
2026-08-19 14:00:00,8.856
2026-08-19 14:15:00,4.854
2026-08-19 14:30:00,4.67
2026-08-19 14:45:00,2.387
2026-08-19 15:00:00,4.863
2026-08-19 15:15:00,7.012
2026-08-19 15:30:00,7.637
2026-08-19 15:45:00,6.763
2026-08-19 16:00:00,5.968
2026-08-19 16:15:00,5.348
2026-08-19 16:30:00,4.792
2026-08-19 16:45:00,4.326
2026-08-19 17:00:00,4.107
2026-08-19 17:15:00,3.583
2026-08-19 17:30:00,3.081
2026-08-19 17:45:00,3.131
2026-08-19 18:00:00,2.512
2026-08-19 18:15:00,1.951
2026-08-19 18:30:00,1.598
2026-08-19 18:45:00,1.163
2026-08-19 19:00:00,0.607
2026-08-19 19:15:00,0.23
2026-08-19 19:30:00,0.148
2026-08-19 19:45:00,0.107
2026-08-19 20:00:00,0.066
2026-08-19 20:15:00,0.028
2026-08-19 20:30:00,0.0
2026-08-19 20:45:00,0.0
2026-08-19 21:00:00,0.0
2026-08-19 21:15:00,0.0
2026-08-19 21:30:00,0.0
2026-08-19 21:45:00,0.0
2026-08-19 22:00:00,0.0
2026-08-19 22:15:00,0.0
2026-08-19 22:30:00,0.0
2026-08-19 22:45:00,0.0
2026-08-19 23:00:00,0.0
2026-08-19 23:15:00,0.0
2026-08-19 23:30:00,0.0
2026-08-19 23:45:00,0.0
2026-08-20 00:00:00,0.0
2026-08-20 00:15:00,0.0
2026-08-20 00:30:00,0.0
2026-08-20 00:45:00,0.0
2026-08-20 01:00:00,0.0
2026-08-20 01:15:00,0.0
2026-08-20 01:30:00,0.0
2026-08-20 01:45:00,0.0
2026-08-20 02:00:00,0.0
2026-08-20 02:15:00,0.0
2026-08-20 02:30:00,0.0
2026-08-20 02:45:00,0.0
2026-08-20 03:00:00,0.0
2026-08-20 03:15:00,0.0
2026-08-20 03:30:00,0.0
2026-08-20 03:45:00,0.0
2026-08-20 04:00:00,0.0
2026-08-20 04:15:00,0.0
2026-08-20 04:30:00,0.0
2026-08-20 04:45:00,0.0
2026-08-20 05:00:00,0.0
2026-08-20 05:15:00,0.0
2026-08-20 05:30:00,0.0
2026-08-20 05:45:00,0.0
2026-08-20 06:00:00,0.0
2026-08-20 06:15:00,0.007
2026-08-20 06:30:00,0.059
2026-08-20 06:45:00,0.261
2026-08-20 07:00:00,0.674
2026-08-20 07:15:00,0.968
2026-08-20 07:30:00,0.887
2026-08-20 07:45:00,2.087
2026-08-20 08:00:00,1.223
2026-08-20 08:15:00,0.669
2026-08-20 08:30:00,0.522
2026-08-20 08:45:00,0.593
2026-08-20 09:00:00,0.69
2026-08-20 09:15:00,2.162
2026-08-20 09:30:00,1.278
2026-08-20 09:45:00,1.12
2026-08-20 10:00:00,1.719
2026-08-20 10:15:00,1.798
2026-08-20 10:30:00,1.243
2026-08-20 10:45:00,0.773
2026-08-20 11:00:00,1.058
2026-08-20 11:15:00,1.253
2026-08-20 11:30:00,2.793
2026-08-20 11:45:00,3.822
2026-08-20 12:00:00,2.532
2026-08-20 12:15:00,2.519
2026-08-20 12:30:00,1.358
2026-08-20 12:45:00,1.609
2026-08-20 13:00:00,1.57
2026-08-20 13:15:00,4.213
2026-08-20 13:30:00,3.492
2026-08-20 13:45:00,7.422
2026-08-20 14:00:00,7.457
2026-08-20 14:15:00,6.868
2026-08-20 14:30:00,7.88
2026-08-20 14:45:00,3.567
2026-08-20 15:00:00,4.039
2026-08-20 15:15:00,2.164
2026-08-20 15:30:00,2.387
2026-08-20 15:45:00,1.942
2026-08-20 16:00:00,1.411
2026-08-20 16:15:00,3.211
2026-08-20 16:30:00,2.182
2026-08-20 16:45:00,2.282
2026-08-20 17:00:00,0.845
2026-08-20 17:15:00,1.31
2026-08-20 17:30:00,1.358
2026-08-20 17:45:00,1.075
2026-08-20 18:00:00,0.978
2026-08-20 18:15:00,0.903
2026-08-20 18:30:00,0.742
2026-08-20 18:45:00,0.665
2026-08-20 19:00:00,0.584
2026-08-20 19:15:00,0.661
2026-08-20 19:30:00,0.583
2026-08-20 19:45:00,0.361
2026-08-20 20:00:00,0.206
2026-08-20 20:15:00,0.061
2026-08-20 20:30:00,0.014
2026-08-20 20:45:00,0.0
2026-08-20 21:00:00,0.0
2026-08-20 21:15:00,0.0
2026-08-20 21:30:00,0.0
2026-08-20 21:45:00,0.0
2026-08-20 22:00:00,0.0
2026-08-20 22:15:00,0.0
2026-08-20 22:30:00,0.0
2026-08-20 22:45:00,0.0
2026-08-20 23:00:00,0.0
2026-08-20 23:15:00,0.0
2026-08-20 23:30:00,0.0
2026-08-20 23:45:00,0.0
2026-08-21 00:00:00,0.0
2026-08-21 00:15:00,0.0
2026-08-21 00:30:00,0.0
2026-08-21 00:45:00,0.0
2026-08-21 01:00:00,0.0
2026-08-21 01:15:00,0.0
2026-08-21 01:30:00,0.0
2026-08-21 01:45:00,0.0
2026-08-21 02:00:00,0.0
2026-08-21 02:15:00,0.0
2026-08-21 02:30:00,0.0
2026-08-21 02:45:00,0.0
2026-08-21 03:00:00,0.0
2026-08-21 03:15:00,0.0
2026-08-21 03:30:00,0.0
2026-08-21 03:45:00,0.0
2026-08-21 04:00:00,0.0
2026-08-21 04:15:00,0.0
2026-08-21 04:30:00,0.0
2026-08-21 04:45:00,0.0
2026-08-21 05:00:00,0.0
2026-08-21 05:15:00,0.0
2026-08-21 05:30:00,0.0
2026-08-21 05:45:00,0.0
2026-08-21 06:00:00,0.0
2026-08-21 06:15:00,0.04
2026-08-21 06:30:00,0.104
2026-08-21 06:45:00,0.196
2026-08-21 07:00:00,0.351
2026-08-21 07:15:00,0.871
2026-08-21 07:30:00,1.162
2026-08-21 07:45:00,0.634
2026-08-21 08:00:00,0.936
2026-08-21 08:15:00,1.584
2026-08-21 08:30:00,1.75
2026-08-21 08:45:00,1.39
2026-08-21 09:00:00,0.926
2026-08-21 09:15:00,0.601
2026-08-21 09:30:00,0.708
2026-08-21 09:45:00,0.932
2026-08-21 10:00:00,1.042
2026-08-21 10:15:00,1.127
2026-08-21 10:30:00,1.093
2026-08-21 10:45:00,1.261
2026-08-21 11:00:00,1.399
2026-08-21 11:15:00,1.525
2026-08-21 11:30:00,1.595
2026-08-21 11:45:00,1.483
2026-08-21 12:00:00,1.725
2026-08-21 12:15:00,1.921
2026-08-21 12:30:00,2.717
2026-08-21 12:45:00,2.546
2026-08-21 13:00:00,1.722
2026-08-21 13:15:00,1.368
2026-08-21 13:30:00,1.226
2026-08-21 13:45:00,1.125
2026-08-21 14:00:00,0.925
2026-08-21 14:15:00,0.613
2026-08-21 14:30:00,0.195
2026-08-21 14:45:00,0.649
2026-08-21 15:00:00,0.805
2026-08-21 15:15:00,0.607
2026-08-21 15:30:00,0.524
2026-08-21 15:45:00,0.465
2026-08-21 16:00:00,0.383
2026-08-21 16:15:00,0.365
2026-08-21 16:30:00,0.373
2026-08-21 16:45:00,0.403
2026-08-21 17:00:00,0.514
2026-08-21 17:15:00,0.455
2026-08-21 17:30:00,0.472
2026-08-21 17:45:00,0.392
2026-08-21 18:00:00,0.451
2026-08-21 18:15:00,0.428
2026-08-21 18:30:00,0.481
2026-08-21 18:45:00,0.904
2026-08-21 19:00:00,0.717
2026-08-21 19:15:00,0.285
2026-08-21 19:30:00,0.07
2026-08-21 19:45:00,0.015
2026-08-21 20:00:00,0.009
2026-08-21 20:15:00,0.0
2026-08-21 20:30:00,0.0
2026-08-21 20:45:00,0.0
2026-08-21 21:00:00,0.0
2026-08-21 21:15:00,0.0
2026-08-21 21:30:00,0.0
2026-08-21 21:45:00,0.0
2026-08-21 22:00:00,0.0
2026-08-21 22:15:00,0.0
2026-08-21 22:30:00,0.0
2026-08-21 22:45:00,0.0
2026-08-21 23:00:00,0.0
2026-08-21 23:15:00,0.0
2026-08-21 23:30:00,0.0
2026-08-21 23:45:00,0.0
2026-08-22 00:00:00,0.0
2026-08-22 00:15:00,0.0
2026-08-22 00:30:00,0.0
2026-08-22 00:45:00,0.0
2026-08-22 01:00:00,0.0
2026-08-22 01:15:00,0.0
2026-08-22 01:30:00,0.0
2026-08-22 01:45:00,0.0
2026-08-22 02:00:00,0.0
2026-08-22 02:15:00,0.0
2026-08-22 02:30:00,0.0
2026-08-22 02:45:00,0.0
2026-08-22 03:00:00,0.0
2026-08-22 03:15:00,0.0
2026-08-22 03:30:00,0.0
2026-08-22 03:45:00,0.0
2026-08-22 04:00:00,0.0
2026-08-22 04:15:00,0.0
2026-08-22 04:30:00,0.0
2026-08-22 04:45:00,0.0
2026-08-22 05:00:00,0.0
2026-08-22 05:15:00,0.0
2026-08-22 05:30:00,0.0
2026-08-22 05:45:00,0.0
2026-08-22 06:00:00,0.0
2026-08-22 06:15:00,0.0
2026-08-22 06:30:00,0.03
2026-08-22 06:45:00,0.035
2026-08-22 07:00:00,0.06
2026-08-22 07:15:00,0.227
2026-08-22 07:30:00,0.347
2026-08-22 07:45:00,0.792
2026-08-22 08:00:00,0.891
2026-08-22 08:15:00,0.797
2026-08-22 08:30:00,0.896
2026-08-22 08:45:00,0.871
2026-08-22 09:00:00,1.132
2026-08-22 09:15:00,1.788
2026-08-22 09:30:00,1.951
2026-08-22 09:45:00,2.386
2026-08-22 10:00:00,1.777
2026-08-22 10:15:00,3.298
2026-08-22 10:30:00,3.059
2026-08-22 10:45:00,2.911
2026-08-22 11:00:00,1.088
2026-08-22 11:15:00,0.239
2026-08-22 11:30:00,1.649
2026-08-22 11:45:00,3.96
2026-08-22 12:00:00,5.199
2026-08-22 12:15:00,4.873
2026-08-22 12:30:00,5.903
2026-08-22 12:45:00,3.969
2026-08-22 13:00:00,2.641
2026-08-22 13:15:00,0.542
2026-08-22 13:30:00,1.338
2026-08-22 13:45:00,4.476
2026-08-22 14:00:00,8.89
2026-08-22 14:15:00,6.825
2026-08-22 14:30:00,4.153
2026-08-22 14:45:00,2.693
2026-08-22 15:00:00,1.908
2026-08-22 15:15:00,1.86
2026-08-22 15:30:00,3.976
2026-08-22 15:45:00,4.463
2026-08-22 16:00:00,2.605
2026-08-22 16:15:00,4.752
2026-08-22 16:30:00,3.767
2026-08-22 16:45:00,3.471
2026-08-22 17:00:00,1.474
2026-08-22 17:15:00,1.149
2026-08-22 17:30:00,0.849
2026-08-22 17:45:00,0.396
2026-08-22 18:00:00,0.577
2026-08-22 18:15:00,0.871
2026-08-22 18:30:00,1.097
2026-08-22 18:45:00,0.771
2026-08-22 19:00:00,0.697
2026-08-22 19:15:00,0.363
2026-08-22 19:30:00,0.194
2026-08-22 19:45:00,0.121
2026-08-22 20:00:00,0.065
2026-08-22 20:15:00,0.024
2026-08-22 20:30:00,0.0
2026-08-22 20:45:00,0.0
2026-08-22 21:00:00,0.0
2026-08-22 21:15:00,0.0
2026-08-22 21:30:00,0.0
2026-08-22 21:45:00,0.0
2026-08-22 22:00:00,0.0
2026-08-22 22:15:00,0.0
2026-08-22 22:30:00,0.0
2026-08-22 22:45:00,0.0
2026-08-22 23:00:00,0.0
2026-08-22 23:15:00,0.0
2026-08-22 23:30:00,0.0
2026-08-22 23:45:00,0.0
2026-08-23 00:00:00,0.0
2026-08-23 00:15:00,0.0
2026-08-23 00:30:00,0.0
2026-08-23 00:45:00,0.0
2026-08-23 01:00:00,0.0
2026-08-23 01:15:00,0.0
2026-08-23 01:30:00,0.0
2026-08-23 01:45:00,0.0
2026-08-23 02:00:00,0.0
2026-08-23 02:15:00,0.0
2026-08-23 02:30:00,0.0
2026-08-23 02:45:00,0.0
2026-08-23 03:00:00,0.0
2026-08-23 03:15:00,0.0
2026-08-23 03:30:00,0.0
2026-08-23 03:45:00,0.0
2026-08-23 04:00:00,0.0
2026-08-23 04:15:00,0.0
2026-08-23 04:30:00,0.0
2026-08-23 04:45:00,0.0
2026-08-23 05:00:00,0.0
2026-08-23 05:15:00,0.0
2026-08-23 05:30:00,0.0
2026-08-23 05:45:00,0.0
2026-08-23 06:00:00,0.0
2026-08-23 06:15:00,0.014
2026-08-23 06:30:00,0.058
2026-08-23 06:45:00,0.299
2026-08-23 07:00:00,0.709
2026-08-23 07:15:00,1.217
2026-08-23 07:30:00,1.606
2026-08-23 07:45:00,1.926
2026-08-23 08:00:00,2.276
2026-08-23 08:15:00,2.617
2026-08-23 08:30:00,2.869
2026-08-23 08:45:00,3.126
2026-08-23 09:00:00,3.334
2026-08-23 09:15:00,3.542
2026-08-23 09:30:00,3.581
2026-08-23 09:45:00,3.665
2026-08-23 10:00:00,4.521
2026-08-23 10:15:00,4.93
2026-08-23 10:30:00,5.62
2026-08-23 10:45:00,6.202
2026-08-23 11:00:00,6.798
2026-08-23 11:15:00,7.572
2026-08-23 11:30:00,4.76
2026-08-23 11:45:00,4.267
2026-08-23 12:00:00,8.868
2026-08-23 12:15:00,8.369
2026-08-23 12:30:00,7.367
2026-08-23 12:45:00,9.218
2026-08-23 13:00:00,7.442
2026-08-23 13:15:00,7.332
2026-08-23 13:30:00,9.823
2026-08-23 13:45:00,8.048
2026-08-23 14:00:00,8.899
2026-08-23 14:15:00,9.642
2026-08-23 14:30:00,9.564
2026-08-23 14:45:00,8.73
2026-08-23 15:00:00,8.619
2026-08-23 15:15:00,4.917
2026-08-23 15:30:00,5.243
2026-08-23 15:45:00,6.869
2026-08-23 16:00:00,5.733
2026-08-23 16:15:00,5.485
2026-08-23 16:30:00,4.788
2026-08-23 16:45:00,4.898
2026-08-23 17:00:00,3.598
2026-08-23 17:15:00,3.001
2026-08-23 17:30:00,3.031
2026-08-23 17:45:00,3.277
2026-08-23 18:00:00,2.401
2026-08-23 18:15:00,1.993
2026-08-23 18:30:00,1.593
2026-08-23 18:45:00,1.008
2026-08-23 19:00:00,0.581
2026-08-23 19:15:00,0.249
2026-08-23 19:30:00,0.158
2026-08-23 19:45:00,0.108
2026-08-23 20:00:00,0.051
2026-08-23 20:15:00,0.005
2026-08-23 20:30:00,0.0
2026-08-23 20:45:00,0.0
2026-08-23 21:00:00,0.0
2026-08-23 21:15:00,0.0
2026-08-23 21:30:00,0.0
2026-08-23 21:45:00,0.0
2026-08-23 22:00:00,0.0
2026-08-23 22:15:00,0.0
2026-08-23 22:30:00,0.0
2026-08-23 22:45:00,0.0
2026-08-23 23:00:00,0.0
2026-08-23 23:15:00,0.0
2026-08-23 23:30:00,0.0
2026-08-23 23:45:00,0.0
2026-08-24 00:00:00,0.0
2026-08-24 00:15:00,0.0
2026-08-24 00:30:00,0.0
2026-08-24 00:45:00,0.0
2026-08-24 01:00:00,0.0
2026-08-24 01:15:00,0.0
2026-08-24 01:30:00,0.0
2026-08-24 01:45:00,0.0
2026-08-24 02:00:00,0.0
2026-08-24 02:15:00,0.0
2026-08-24 02:30:00,0.0
2026-08-24 02:45:00,0.0
2026-08-24 03:00:00,0.0
2026-08-24 03:15:00,0.0
2026-08-24 03:30:00,0.0
2026-08-24 03:45:00,0.0
2026-08-24 04:00:00,0.0
2026-08-24 04:15:00,0.0
2026-08-24 04:30:00,0.0
2026-08-24 04:45:00,0.0
2026-08-24 05:00:00,0.0
2026-08-24 05:15:00,0.0
2026-08-24 05:30:00,0.0
2026-08-24 05:45:00,0.0
2026-08-24 06:00:00,0.0
2026-08-24 06:15:00,0.027
2026-08-24 06:30:00,0.086
2026-08-24 06:45:00,0.297
2026-08-24 07:00:00,0.575
2026-08-24 07:15:00,0.646
2026-08-24 07:30:00,0.982
2026-08-24 07:45:00,1.826
2026-08-24 08:00:00,2.372
2026-08-24 08:15:00,2.585
2026-08-24 08:30:00,2.777
2026-08-24 08:45:00,3.155
2026-08-24 09:00:00,3.448
2026-08-24 09:15:00,3.721
2026-08-24 09:30:00,3.773
2026-08-24 09:45:00,4.151
2026-08-24 10:00:00,4.706
2026-08-24 10:15:00,4.88
2026-08-24 10:30:00,5.41
2026-08-24 10:45:00,6.181
2026-08-24 11:00:00,6.184
2026-08-24 11:15:00,7.505
2026-08-24 11:30:00,5.732
2026-08-24 11:45:00,6.751
2026-08-24 12:00:00,5.852
2026-08-24 12:15:00,5.803
2026-08-24 12:30:00,7.704
2026-08-24 12:45:00,6.914
2026-08-24 13:00:00,7.367
2026-08-24 13:15:00,6.418
2026-08-24 13:30:00,7.088
2026-08-24 13:45:00,6.691
2026-08-24 14:00:00,5.461
2026-08-24 14:15:00,6.631
2026-08-24 14:30:00,4.991
2026-08-24 14:45:00,4.179
2026-08-24 15:00:00,4.183
2026-08-24 15:15:00,3.894
2026-08-24 15:30:00,3.821
2026-08-24 15:45:00,4.295
2026-08-24 16:00:00,3.264
2026-08-24 16:15:00,2.397
2026-08-24 16:30:00,1.964
2026-08-24 16:45:00,2.465
2026-08-24 17:00:00,2.416
2026-08-24 17:15:00,1.616
2026-08-24 17:30:00,0.844
2026-08-24 17:45:00,0.824
2026-08-24 18:00:00,0.561
2026-08-24 18:15:00,0.27
2026-08-24 18:30:00,0.111
2026-08-24 18:45:00,0.061
2026-08-24 19:00:00,0.073
2026-08-24 19:15:00,0.103
2026-08-24 19:30:00,0.052
2026-08-24 19:45:00,0.019
2026-08-24 20:00:00,0.0
2026-08-24 20:15:00,0.0
2026-08-24 20:30:00,0.0
2026-08-24 20:45:00,0.0
2026-08-24 21:00:00,0.0
2026-08-24 21:15:00,0.0
2026-08-24 21:30:00,0.0
2026-08-24 21:45:00,0.0
2026-08-24 22:00:00,0.0
2026-08-24 22:15:00,0.0
2026-08-24 22:30:00,0.0
2026-08-24 22:45:00,0.0
2026-08-24 23:00:00,0.0
2026-08-24 23:15:00,0.0
2026-08-24 23:30:00,0.0
2026-08-24 23:45:00,0.0
2026-08-25 00:00:00,0.0
2026-08-25 00:15:00,0.0
2026-08-25 00:30:00,0.0
2026-08-25 00:45:00,0.0
2026-08-25 01:00:00,0.0
2026-08-25 01:15:00,0.0
2026-08-25 01:30:00,0.0
2026-08-25 01:45:00,0.0
2026-08-25 02:00:00,0.0
2026-08-25 02:15:00,0.0
2026-08-25 02:30:00,0.0
2026-08-25 02:45:00,0.0
2026-08-25 03:00:00,0.0
2026-08-25 03:15:00,0.0
2026-08-25 03:30:00,0.0
2026-08-25 03:45:00,0.0
2026-08-25 04:00:00,0.0
2026-08-25 04:15:00,0.0
2026-08-25 04:30:00,0.0
2026-08-25 04:45:00,0.0
2026-08-25 05:00:00,0.0
2026-08-25 05:15:00,0.0
2026-08-25 05:30:00,0.0
2026-08-25 05:45:00,0.0
2026-08-25 06:00:00,0.0
2026-08-25 06:15:00,0.003
2026-08-25 06:30:00,0.029
2026-08-25 06:45:00,0.054
2026-08-25 07:00:00,0.091
2026-08-25 07:15:00,0.087
2026-08-25 07:30:00,0.09
2026-08-25 07:45:00,0.117
2026-08-25 08:00:00,0.217
2026-08-25 08:15:00,0.409
2026-08-25 08:30:00,0.676
2026-08-25 08:45:00,1.04
2026-08-25 09:00:00,1.489
2026-08-25 09:15:00,1.164
2026-08-25 09:30:00,1.373
2026-08-25 09:45:00,1.554
2026-08-25 10:00:00,1.253
2026-08-25 10:15:00,1.491
2026-08-25 10:30:00,1.969
2026-08-25 10:45:00,1.798
2026-08-25 11:00:00,2.802
2026-08-25 11:15:00,2.021
2026-08-25 11:30:00,1.586
2026-08-25 11:45:00,2.947
2026-08-25 12:00:00,2.612
2026-08-25 12:15:00,2.177
2026-08-25 12:30:00,1.898
2026-08-25 12:45:00,2.49
2026-08-25 13:00:00,2.029
2026-08-25 13:15:00,0.76
2026-08-25 13:30:00,0.989
2026-08-25 13:45:00,1.462
2026-08-25 14:00:00,2.239
2026-08-25 14:15:00,2.948
2026-08-25 14:30:00,3.34
2026-08-25 14:45:00,4.474
2026-08-25 15:00:00,3.315
2026-08-25 15:15:00,1.888
2026-08-25 15:30:00,1.515
2026-08-25 15:45:00,1.096
2026-08-25 16:00:00,1.131
2026-08-25 16:15:00,1.665
2026-08-25 16:30:00,2.916
2026-08-25 16:45:00,2.407
2026-08-25 17:00:00,2.265
2026-08-25 17:15:00,2.6
2026-08-25 17:30:00,1.406
2026-08-25 17:45:00,1.111
2026-08-25 18:00:00,1.167
2026-08-25 18:15:00,0.793
2026-08-25 18:30:00,0.466
2026-08-25 18:45:00,0.516
2026-08-25 19:00:00,0.718
2026-08-25 19:15:00,0.313
2026-08-25 19:30:00,0.039
2026-08-25 19:45:00,0.021
2026-08-25 20:00:00,0.0
2026-08-25 20:15:00,0.0
2026-08-25 20:30:00,0.0
2026-08-25 20:45:00,0.0
2026-08-25 21:00:00,0.0
2026-08-25 21:15:00,0.0
2026-08-25 21:30:00,0.0
2026-08-25 21:45:00,0.0
2026-08-25 22:00:00,0.0
2026-08-25 22:15:00,0.0
2026-08-25 22:30:00,0.0
2026-08-25 22:45:00,0.0
2026-08-25 23:00:00,0.0
2026-08-25 23:15:00,0.0
2026-08-25 23:30:00,0.0
2026-08-25 23:45:00,0.0
2026-08-26 00:00:00,0.0
2026-08-26 00:15:00,0.0
2026-08-26 00:30:00,0.0
2026-08-26 00:45:00,0.0
2026-08-26 01:00:00,0.0
2026-08-26 01:15:00,0.0
2026-08-26 01:30:00,0.0
2026-08-26 01:45:00,0.0
2026-08-26 02:00:00,0.0
2026-08-26 02:15:00,0.0
2026-08-26 02:30:00,0.0
2026-08-26 02:45:00,0.0
2026-08-26 03:00:00,0.0
2026-08-26 03:15:00,0.0
2026-08-26 03:30:00,0.0
2026-08-26 03:45:00,0.0
2026-08-26 04:00:00,0.0
2026-08-26 04:15:00,0.0
2026-08-26 04:30:00,0.0
2026-08-26 04:45:00,0.0
2026-08-26 05:00:00,0.0
2026-08-26 05:15:00,0.0
2026-08-26 05:30:00,0.0
2026-08-26 05:45:00,0.0
2026-08-26 06:00:00,0.0
2026-08-26 06:15:00,0.006
2026-08-26 06:30:00,0.034
2026-08-26 06:45:00,0.089
2026-08-26 07:00:00,0.503
2026-08-26 07:15:00,0.881
2026-08-26 07:30:00,1.378
2026-08-26 07:45:00,2.47
2026-08-26 08:00:00,0.932
2026-08-26 08:15:00,0.688
2026-08-26 08:30:00,0.84
2026-08-26 08:45:00,1.05
2026-08-26 09:00:00,1.261
2026-08-26 09:15:00,2.351
2026-08-26 09:30:00,1.798
2026-08-26 09:45:00,3.402
2026-08-26 10:00:00,4.338
2026-08-26 10:15:00,3.167
2026-08-26 10:30:00,4.008
2026-08-26 10:45:00,5.626
2026-08-26 11:00:00,6.454
2026-08-26 11:15:00,6.788
2026-08-26 11:30:00,7.339
2026-08-26 11:45:00,7.563
2026-08-26 12:00:00,6.434
2026-08-26 12:15:00,7.423
2026-08-26 12:30:00,3.515
2026-08-26 12:45:00,2.716
2026-08-26 13:00:00,9.489
2026-08-26 13:15:00,8.941
2026-08-26 13:30:00,7.241
2026-08-26 13:45:00,4.007
2026-08-26 14:00:00,9.382
2026-08-26 14:15:00,7.093
2026-08-26 14:30:00,6.127
2026-08-26 14:45:00,6.784
2026-08-26 15:00:00,8.042
2026-08-26 15:15:00,7.603
2026-08-26 15:30:00,6.697
2026-08-26 15:45:00,5.908
2026-08-26 16:00:00,4.907
2026-08-26 16:15:00,3.093
2026-08-26 16:30:00,3.462
2026-08-26 16:45:00,3.092
2026-08-26 17:00:00,2.742
2026-08-26 17:15:00,2.376
2026-08-26 17:30:00,2.284
2026-08-26 17:45:00,2.262
2026-08-26 18:00:00,2.008
2026-08-26 18:15:00,1.698
2026-08-26 18:30:00,1.04
2026-08-26 18:45:00,0.614
2026-08-26 19:00:00,0.403
2026-08-26 19:15:00,0.304
2026-08-26 19:30:00,0.203
2026-08-26 19:45:00,0.097
2026-08-26 20:00:00,0.03
2026-08-26 20:15:00,0.0
2026-08-26 20:30:00,0.0
2026-08-26 20:45:00,0.0
2026-08-26 21:00:00,0.0
2026-08-26 21:15:00,0.0
2026-08-26 21:30:00,0.0
2026-08-26 21:45:00,0.0
2026-08-26 22:00:00,0.0
2026-08-26 22:15:00,0.0
2026-08-26 22:30:00,0.0
2026-08-26 22:45:00,0.0
2026-08-26 23:00:00,0.0
2026-08-26 23:15:00,0.0
2026-08-26 23:30:00,0.0
2026-08-26 23:45:00,0.0
2026-08-27 00:00:00,0.0
2026-08-27 00:15:00,0.0
2026-08-27 00:30:00,0.0
2026-08-27 00:45:00,0.0
2026-08-27 01:00:00,0.0
2026-08-27 01:15:00,0.0
2026-08-27 01:30:00,0.0
2026-08-27 01:45:00,0.0
2026-08-27 02:00:00,0.0
2026-08-27 02:15:00,0.0
2026-08-27 02:30:00,0.0
2026-08-27 02:45:00,0.0
2026-08-27 03:00:00,0.0
2026-08-27 03:15:00,0.0
2026-08-27 03:30:00,0.0
2026-08-27 03:45:00,0.0
2026-08-27 04:00:00,0.0
2026-08-27 04:15:00,0.0
2026-08-27 04:30:00,0.0
2026-08-27 04:45:00,0.0
2026-08-27 05:00:00,0.0
2026-08-27 05:15:00,0.0
2026-08-27 05:30:00,0.0
2026-08-27 05:45:00,0.0
2026-08-27 06:00:00,0.0
2026-08-27 06:15:00,0.013
2026-08-27 06:30:00,0.072
2026-08-27 06:45:00,0.155
2026-08-27 07:00:00,0.2
2026-08-27 07:15:00,0.245
2026-08-27 07:30:00,0.659
2026-08-27 07:45:00,1.64
2026-08-27 08:00:00,2.282
2026-08-27 08:15:00,2.341
2026-08-27 08:30:00,1.906
2026-08-27 08:45:00,1.868
2026-08-27 09:00:00,2.814
2026-08-27 09:15:00,2.815
2026-08-27 09:30:00,2.268
2026-08-27 09:45:00,2.232
2026-08-27 10:00:00,2.769
2026-08-27 10:15:00,3.76
2026-08-27 10:30:00,4.806
2026-08-27 10:45:00,5.86
2026-08-27 11:00:00,4.099
2026-08-27 11:15:00,2.324
2026-08-27 11:30:00,6.079
2026-08-27 11:45:00,6.894
2026-08-27 12:00:00,6.83
2026-08-27 12:15:00,5.856
2026-08-27 12:30:00,6.001
2026-08-27 12:45:00,6.666
2026-08-27 13:00:00,6.975
2026-08-27 13:15:00,6.523
2026-08-27 13:30:00,6.562
2026-08-27 13:45:00,6.003
2026-08-27 14:00:00,7.417
2026-08-27 14:15:00,7.885
2026-08-27 14:30:00,8.011
2026-08-27 14:45:00,7.041
2026-08-27 15:00:00,6.296
2026-08-27 15:15:00,5.36
2026-08-27 15:30:00,2.648
2026-08-27 15:45:00,4.007
2026-08-27 16:00:00,3.505
2026-08-27 16:15:00,2.581
2026-08-27 16:30:00,2.244
2026-08-27 16:45:00,1.76
2026-08-27 17:00:00,1.731
2026-08-27 17:15:00,1.658
2026-08-27 17:30:00,1.41
2026-08-27 17:45:00,1.455
2026-08-27 18:00:00,1.202
2026-08-27 18:15:00,1.133
2026-08-27 18:30:00,0.82
2026-08-27 18:45:00,0.714
2026-08-27 19:00:00,0.529
2026-08-27 19:15:00,0.334
2026-08-27 19:30:00,0.19
2026-08-27 19:45:00,0.065
2026-08-27 20:00:00,0.015
2026-08-27 20:15:00,0.0
2026-08-27 20:30:00,0.0
2026-08-27 20:45:00,0.0
2026-08-27 21:00:00,0.0
2026-08-27 21:15:00,0.0
2026-08-27 21:30:00,0.0
2026-08-27 21:45:00,0.0
2026-08-27 22:00:00,0.0
2026-08-27 22:15:00,0.0
2026-08-27 22:30:00,0.0
2026-08-27 22:45:00,0.0
2026-08-27 23:00:00,0.0
2026-08-27 23:15:00,0.0
2026-08-27 23:30:00,0.0
2026-08-27 23:45:00,0.0
2026-08-28 00:00:00,0.0
2026-08-28 00:15:00,0.0
2026-08-28 00:30:00,0.0
2026-08-28 00:45:00,0.0
2026-08-28 01:00:00,0.0
2026-08-28 01:15:00,0.0
2026-08-28 01:30:00,0.0
2026-08-28 01:45:00,0.0
2026-08-28 02:00:00,0.0
2026-08-28 02:15:00,0.0
2026-08-28 02:30:00,0.0
2026-08-28 02:45:00,0.0
2026-08-28 03:00:00,0.0
2026-08-28 03:15:00,0.0
2026-08-28 03:30:00,0.0
2026-08-28 03:45:00,0.0
2026-08-28 04:00:00,0.0
2026-08-28 04:15:00,0.0
2026-08-28 04:30:00,0.0
2026-08-28 04:45:00,0.0
2026-08-28 05:00:00,0.0
2026-08-28 05:15:00,0.0
2026-08-28 05:30:00,0.0
2026-08-28 05:45:00,0.0
2026-08-28 06:00:00,0.0
2026-08-28 06:15:00,0.0
2026-08-28 06:30:00,0.0
2026-08-28 06:45:00,0.036
2026-08-28 07:00:00,0.091
2026-08-28 07:15:00,0.167
2026-08-28 07:30:00,0.297
2026-08-28 07:45:00,0.082
2026-08-28 08:00:00,0.146
2026-08-28 08:15:00,0.419
2026-08-28 08:30:00,1.921
2026-08-28 08:45:00,1.562
2026-08-28 09:00:00,1.084
2026-08-28 09:15:00,2.188
2026-08-28 09:30:00,0.89
2026-08-28 09:45:00,0.145
2026-08-28 10:00:00,0.062
2026-08-28 10:15:00,0.033
2026-08-28 10:30:00,0.0
2026-08-28 10:45:00,0.015
2026-08-28 11:00:00,0.032
2026-08-28 11:15:00,0.046
2026-08-28 11:30:00,0.062
2026-08-28 11:45:00,0.857
2026-08-28 12:00:00,1.718
2026-08-28 12:15:00,4.695
2026-08-28 12:30:00,3.853
2026-08-28 12:45:00,8.465
2026-08-28 13:00:00,8.553
2026-08-28 13:15:00,3.228
2026-08-28 13:30:00,2.44
2026-08-28 13:45:00,2.627
2026-08-28 14:00:00,1.944
2026-08-28 14:15:00,2.206
2026-08-28 14:30:00,2.291
2026-08-28 14:45:00,0.982
2026-08-28 15:00:00,3.623
2026-08-28 15:15:00,2.157
2026-08-28 15:30:00,2.289
2026-08-28 15:45:00,2.766
2026-08-28 16:00:00,1.453
2026-08-28 16:15:00,2.509
2026-08-28 16:30:00,2.981
2026-08-28 16:45:00,2.486
2026-08-28 17:00:00,1.438
2026-08-28 17:15:00,1.667
2026-08-28 17:30:00,1.375
2026-08-28 17:45:00,1.202
2026-08-28 18:00:00,1.138
2026-08-28 18:15:00,0.995
2026-08-28 18:30:00,0.582
2026-08-28 18:45:00,0.4
2026-08-28 19:00:00,0.198
2026-08-28 19:15:00,0.118
2026-08-28 19:30:00,0.052
2026-08-28 19:45:00,0.085
2026-08-28 20:00:00,0.052
2026-08-28 20:15:00,0.0
2026-08-28 20:30:00,0.0
2026-08-28 20:45:00,0.0
2026-08-28 21:00:00,0.0
2026-08-28 21:15:00,0.0
2026-08-28 21:30:00,0.0
2026-08-28 21:45:00,0.0
2026-08-28 22:00:00,0.0
2026-08-28 22:15:00,0.0
2026-08-28 22:30:00,0.0
2026-08-28 22:45:00,0.0
2026-08-28 23:00:00,0.0
2026-08-28 23:15:00,0.0
2026-08-28 23:30:00,0.0
2026-08-28 23:45:00,0.0
2026-08-29 00:00:00,0.0
2026-08-29 00:15:00,0.0
2026-08-29 00:30:00,0.0
2026-08-29 00:45:00,0.0
2026-08-29 01:00:00,0.0
2026-08-29 01:15:00,0.0
2026-08-29 01:30:00,0.0
2026-08-29 01:45:00,0.0
2026-08-29 02:00:00,0.0
2026-08-29 02:15:00,0.0
2026-08-29 02:30:00,0.0
2026-08-29 02:45:00,0.0
2026-08-29 03:00:00,0.0
2026-08-29 03:15:00,0.0
2026-08-29 03:30:00,0.0
2026-08-29 03:45:00,0.0
2026-08-29 04:00:00,0.0
2026-08-29 04:15:00,0.0
2026-08-29 04:30:00,0.0
2026-08-29 04:45:00,0.0
2026-08-29 05:00:00,0.0
2026-08-29 05:15:00,0.0
2026-08-29 05:30:00,0.0
2026-08-29 05:45:00,0.0
2026-08-29 06:00:00,0.0
2026-08-29 06:15:00,0.0
2026-08-29 06:30:00,0.027
2026-08-29 06:45:00,0.093
2026-08-29 07:00:00,0.379
2026-08-29 07:15:00,0.662
2026-08-29 07:30:00,1.174
2026-08-29 07:45:00,1.879
2026-08-29 08:00:00,2.222
2026-08-29 08:15:00,2.528
2026-08-29 08:30:00,2.779
2026-08-29 08:45:00,3.04
2026-08-29 09:00:00,3.263
2026-08-29 09:15:00,3.455
2026-08-29 09:30:00,3.655
2026-08-29 09:45:00,3.932
2026-08-29 10:00:00,4.337
2026-08-29 10:15:00,4.857
2026-08-29 10:30:00,4.886
2026-08-29 10:45:00,4.492
2026-08-29 11:00:00,4.499
2026-08-29 11:15:00,3.267
2026-08-29 11:30:00,2.474
2026-08-29 11:45:00,3.393
2026-08-29 12:00:00,8.583
2026-08-29 12:15:00,8.11
2026-08-29 12:30:00,9.148
2026-08-29 12:45:00,5.706
2026-08-29 13:00:00,5.189
2026-08-29 13:15:00,5.916
2026-08-29 13:30:00,5.096
2026-08-29 13:45:00,8.656
2026-08-29 14:00:00,5.523
2026-08-29 14:15:00,6.497
2026-08-29 14:30:00,8.988
2026-08-29 14:45:00,5.942
2026-08-29 15:00:00,5.761
2026-08-29 15:15:00,5.634
2026-08-29 15:30:00,5.423
2026-08-29 15:45:00,3.666
2026-08-29 16:00:00,3.124
2026-08-29 16:15:00,2.605
2026-08-29 16:30:00,2.658
2026-08-29 16:45:00,2.264
2026-08-29 17:00:00,1.405
2026-08-29 17:15:00,0.89
2026-08-29 17:30:00,1.518
2026-08-29 17:45:00,1.635
2026-08-29 18:00:00,1.371
2026-08-29 18:15:00,1.101
2026-08-29 18:30:00,0.926
2026-08-29 18:45:00,0.558
2026-08-29 19:00:00,0.36
2026-08-29 19:15:00,0.18
2026-08-29 19:30:00,0.111
2026-08-29 19:45:00,0.077
2026-08-29 20:00:00,0.011
2026-08-29 20:15:00,0.0
2026-08-29 20:30:00,0.0
2026-08-29 20:45:00,0.0
2026-08-29 21:00:00,0.0
2026-08-29 21:15:00,0.0
2026-08-29 21:30:00,0.0
2026-08-29 21:45:00,0.0
2026-08-29 22:00:00,0.0
2026-08-29 22:15:00,0.0
2026-08-29 22:30:00,0.0
2026-08-29 22:45:00,0.0
2026-08-29 23:00:00,0.0
2026-08-29 23:15:00,0.0
2026-08-29 23:30:00,0.0
2026-08-29 23:45:00,0.0
2026-08-30 00:00:00,0.0
2026-08-30 00:15:00,0.0
2026-08-30 00:30:00,0.0
2026-08-30 00:45:00,0.0
2026-08-30 01:00:00,0.0
2026-08-30 01:15:00,0.0
2026-08-30 01:30:00,0.0
2026-08-30 01:45:00,0.0
2026-08-30 02:00:00,0.0
2026-08-30 02:15:00,0.0
2026-08-30 02:30:00,0.0
2026-08-30 02:45:00,0.0
2026-08-30 03:00:00,0.0
2026-08-30 03:15:00,0.0
2026-08-30 03:30:00,0.0
2026-08-30 03:45:00,0.0
2026-08-30 04:00:00,0.0
2026-08-30 04:15:00,0.0
2026-08-30 04:30:00,0.0
2026-08-30 04:45:00,0.0
2026-08-30 05:00:00,0.0
2026-08-30 05:15:00,0.0
2026-08-30 05:30:00,0.0
2026-08-30 05:45:00,0.0
2026-08-30 06:00:00,0.0
2026-08-30 06:15:00,0.0
2026-08-30 06:30:00,0.019
2026-08-30 06:45:00,0.085
2026-08-30 07:00:00,0.333
2026-08-30 07:15:00,0.653
2026-08-30 07:30:00,0.912
2026-08-30 07:45:00,1.542
2026-08-30 08:00:00,1.296
2026-08-30 08:15:00,2.054
2026-08-30 08:30:00,2.202
2026-08-30 08:45:00,2.87
2026-08-30 09:00:00,3.365
2026-08-30 09:15:00,3.418
2026-08-30 09:30:00,3.659
2026-08-30 09:45:00,2.895
2026-08-30 10:00:00,1.455
2026-08-30 10:15:00,2.795
2026-08-30 10:30:00,1.534
2026-08-30 10:45:00,3.789
2026-08-30 11:00:00,4.215
2026-08-30 11:15:00,6.167
2026-08-30 11:30:00,4.41
2026-08-30 11:45:00,4.149
2026-08-30 12:00:00,6.079
2026-08-30 12:15:00,7.751
2026-08-30 12:30:00,4.377
2026-08-30 12:45:00,1.709
2026-08-30 13:00:00,3.15
2026-08-30 13:15:00,5.252
2026-08-30 13:30:00,3.474
2026-08-30 13:45:00,3.118
2026-08-30 14:00:00,2.746
2026-08-30 14:15:00,4.24
2026-08-30 14:30:00,2.692
2026-08-30 14:45:00,4.204
2026-08-30 15:00:00,3.924
2026-08-30 15:15:00,1.281
2026-08-30 15:30:00,3.404
2026-08-30 15:45:00,4.143
2026-08-30 16:00:00,3.465
2026-08-30 16:15:00,2.061
2026-08-30 16:30:00,2.219
2026-08-30 16:45:00,1.915
2026-08-30 17:00:00,1.736
2026-08-30 17:15:00,1.686
2026-08-30 17:30:00,1.319
2026-08-30 17:45:00,1.034
2026-08-30 18:00:00,1.279
2026-08-30 18:15:00,0.889
2026-08-30 18:30:00,0.615
2026-08-30 18:45:00,0.501
2026-08-30 19:00:00,0.319
2026-08-30 19:15:00,0.191
2026-08-30 19:30:00,0.147
2026-08-30 19:45:00,0.055
2026-08-30 20:00:00,0.006
2026-08-30 20:15:00,0.0
2026-08-30 20:30:00,0.0
2026-08-30 20:45:00,0.0
2026-08-30 21:00:00,0.0
2026-08-30 21:15:00,0.0
2026-08-30 21:30:00,0.0
2026-08-30 21:45:00,0.0
2026-08-30 22:00:00,0.0
2026-08-30 22:15:00,0.0
2026-08-30 22:30:00,0.0
2026-08-30 22:45:00,0.0
2026-08-30 23:00:00,0.0
2026-08-30 23:15:00,0.0
2026-08-30 23:30:00,0.0
2026-08-30 23:45:00,0.0
2026-08-31 00:00:00,0.0
2026-08-31 00:15:00,0.0
2026-08-31 00:30:00,0.0
2026-08-31 00:45:00,0.0
2026-08-31 01:00:00,0.0
2026-08-31 01:15:00,0.0
2026-08-31 01:30:00,0.0
2026-08-31 01:45:00,0.0
2026-08-31 02:00:00,0.0
2026-08-31 02:15:00,0.0
2026-08-31 02:30:00,0.0
2026-08-31 02:45:00,0.0
2026-08-31 03:00:00,0.0
2026-08-31 03:15:00,0.0
2026-08-31 03:30:00,0.0
2026-08-31 03:45:00,0.0
2026-08-31 04:00:00,0.0
2026-08-31 04:15:00,0.0
2026-08-31 04:30:00,0.0
2026-08-31 04:45:00,0.0
2026-08-31 05:00:00,0.0
2026-08-31 05:15:00,0.0
2026-08-31 05:30:00,0.0
2026-08-31 05:45:00,0.0
2026-08-31 06:00:00,0.0
2026-08-31 06:15:00,0.0
2026-08-31 06:30:00,0.0
2026-08-31 06:45:00,0.015
2026-08-31 07:00:00,0.09
2026-08-31 07:15:00,0.259
2026-08-31 07:30:00,0.576
2026-08-31 07:45:00,0.488
2026-08-31 08:00:00,1.369
2026-08-31 08:15:00,1.918
2026-08-31 08:30:00,2.569
2026-08-31 08:45:00,3.049
2026-08-31 09:00:00,3.477
2026-08-31 09:15:00,2.565
2026-08-31 09:30:00,2.084
2026-08-31 09:45:00,4.077
2026-08-31 10:00:00,5.456
2026-08-31 10:15:00,5.71
2026-08-31 10:30:00,4.434
2026-08-31 10:45:00,4.584
2026-08-31 11:00:00,6.691
2026-08-31 11:15:00,7.782
2026-08-31 11:30:00,8.099
2026-08-31 11:45:00,7.949
2026-08-31 12:00:00,8.374
2026-08-31 12:15:00,8.861
2026-08-31 12:30:00,7.817
2026-08-31 12:45:00,8.843
2026-08-31 13:00:00,7.967
2026-08-31 13:15:00,8.875
2026-08-31 13:30:00,8.728
2026-08-31 13:45:00,8.33
2026-08-31 14:00:00,4.411
2026-08-31 14:15:00,6.53
2026-08-31 14:30:00,8.991
2026-08-31 14:45:00,6.532
2026-08-31 15:00:00,6.838
2026-08-31 15:15:00,2.654
2026-08-31 15:30:00,5.872
2026-08-31 15:45:00,4.662
2026-08-31 16:00:00,3.399
2026-08-31 16:15:00,3.162
2026-08-31 16:30:00,1.761
2026-08-31 16:45:00,1.062
2026-08-31 17:00:00,1.083
2026-08-31 17:15:00,1.208
2026-08-31 17:30:00,0.656
2026-08-31 17:45:00,0.269
2026-08-31 18:00:00,0.083
2026-08-31 18:15:00,0.587
2026-08-31 18:30:00,0.654
2026-08-31 18:45:00,0.364
2026-08-31 19:00:00,0.557
2026-08-31 19:15:00,0.455
2026-08-31 19:30:00,0.191
2026-08-31 19:45:00,0.098
2026-08-31 20:00:00,0.014
2026-08-31 20:15:00,0.0
2026-08-31 20:30:00,0.0
2026-08-31 20:45:00,0.0
2026-08-31 21:00:00,0.0
2026-08-31 21:15:00,0.0
2026-08-31 21:30:00,0.0
2026-08-31 21:45:00,0.0
2026-08-31 22:00:00,0.0
2026-08-31 22:15:00,0.0
2026-08-31 22:30:00,0.0
2026-08-31 22:45:00,0.0
2026-08-31 23:00:00,0.0
2026-08-31 23:15:00,0.0
2026-08-31 23:30:00,0.0
2026-08-31 23:45:00,0.0
2026-09-01 00:00:00,0.0
2026-09-01 00:15:00,0.0
2026-09-01 00:30:00,0.0
2026-09-01 00:45:00,0.0
2026-09-01 01:00:00,0.0
2026-09-01 01:15:00,0.0
2026-09-01 01:30:00,0.0
2026-09-01 01:45:00,0.0
2026-09-01 02:00:00,0.0
2026-09-01 02:15:00,0.0
2026-09-01 02:30:00,0.0
2026-09-01 02:45:00,0.0
2026-09-01 03:00:00,0.0
2026-09-01 03:15:00,0.0
2026-09-01 03:30:00,0.0
2026-09-01 03:45:00,0.0
2026-09-01 04:00:00,0.0
2026-09-01 04:15:00,0.0
2026-09-01 04:30:00,0.0
2026-09-01 04:45:00,0.0
2026-09-01 05:00:00,0.0
2026-09-01 05:15:00,0.0
2026-09-01 05:30:00,0.0
2026-09-01 05:45:00,0.0
2026-09-01 06:00:00,0.0
2026-09-01 06:15:00,0.0
2026-09-01 06:30:00,0.022
2026-09-01 06:45:00,0.072
2026-09-01 07:00:00,0.199
2026-09-01 07:15:00,0.411
2026-09-01 07:30:00,0.922
2026-09-01 07:45:00,1.767
2026-09-01 08:00:00,2.123
2026-09-01 08:15:00,2.465
2026-09-01 08:30:00,2.85
2026-09-01 08:45:00,2.975
2026-09-01 09:00:00,2.923
2026-09-01 09:15:00,3.253
2026-09-01 09:30:00,3.559
2026-09-01 09:45:00,3.618
2026-09-01 10:00:00,4.171
2026-09-01 10:15:00,4.913
2026-09-01 10:30:00,4.828
2026-09-01 10:45:00,4.879
2026-09-01 11:00:00,4.577
2026-09-01 11:15:00,5.861
2026-09-01 11:30:00,4.014
2026-09-01 11:45:00,6.533
2026-09-01 12:00:00,4.087
2026-09-01 12:15:00,2.647
2026-09-01 12:30:00,5.988
2026-09-01 12:45:00,7.862
2026-09-01 13:00:00,4.346
2026-09-01 13:15:00,5.17
2026-09-01 13:30:00,9.687
2026-09-01 13:45:00,5.909
2026-09-01 14:00:00,5.688
2026-09-01 14:15:00,3.142
2026-09-01 14:30:00,3.462
2026-09-01 14:45:00,6.476
2026-09-01 15:00:00,4.865
2026-09-01 15:15:00,7.091
2026-09-01 15:30:00,5.821
2026-09-01 15:45:00,4.409
2026-09-01 16:00:00,1.681
2026-09-01 16:15:00,1.723
2026-09-01 16:30:00,1.364
2026-09-01 16:45:00,0.84
2026-09-01 17:00:00,0.862
2026-09-01 17:15:00,0.715
2026-09-01 17:30:00,1.018
2026-09-01 17:45:00,1.07
2026-09-01 18:00:00,0.82
2026-09-01 18:15:00,0.636
2026-09-01 18:30:00,0.512
2026-09-01 18:45:00,0.521
2026-09-01 19:00:00,0.359
2026-09-01 19:15:00,0.21
2026-09-01 19:30:00,0.116
2026-09-01 19:45:00,0.047
2026-09-01 20:00:00,0.005
2026-09-01 20:15:00,0.0
2026-09-01 20:30:00,0.0
2026-09-01 20:45:00,0.0
2026-09-01 21:00:00,0.0
2026-09-01 21:15:00,0.0
2026-09-01 21:30:00,0.0
2026-09-01 21:45:00,0.0
2026-09-01 22:00:00,0.0
2026-09-01 22:15:00,0.0
2026-09-01 22:30:00,0.0
2026-09-01 22:45:00,0.0
2026-09-01 23:00:00,0.0
2026-09-01 23:15:00,0.0
2026-09-01 23:30:00,0.0
2026-09-01 23:45:00,0.0
2026-09-02 00:00:00,0.0
2026-09-02 00:15:00,0.0
2026-09-02 00:30:00,0.0
2026-09-02 00:45:00,0.0
2026-09-02 01:00:00,0.0
2026-09-02 01:15:00,0.0
2026-09-02 01:30:00,0.0
2026-09-02 01:45:00,0.0
2026-09-02 02:00:00,0.0
2026-09-02 02:15:00,0.0
2026-09-02 02:30:00,0.0
2026-09-02 02:45:00,0.0
2026-09-02 03:00:00,0.0
2026-09-02 03:15:00,0.0
2026-09-02 03:30:00,0.0
2026-09-02 03:45:00,0.0
2026-09-02 04:00:00,0.0
2026-09-02 04:15:00,0.0
2026-09-02 04:30:00,0.0
2026-09-02 04:45:00,0.0
2026-09-02 05:00:00,0.0
2026-09-02 05:15:00,0.0
2026-09-02 05:30:00,0.0
2026-09-02 05:45:00,0.0
2026-09-02 06:00:00,0.0
2026-09-02 06:15:00,0.0
2026-09-02 06:30:00,0.028
2026-09-02 06:45:00,0.114
2026-09-02 07:00:00,0.34
2026-09-02 07:15:00,0.404
2026-09-02 07:30:00,0.628
2026-09-02 07:45:00,0.751
2026-09-02 08:00:00,0.733
2026-09-02 08:15:00,0.516
2026-09-02 08:30:00,0.631
2026-09-02 08:45:00,0.9
2026-09-02 09:00:00,1.141
2026-09-02 09:15:00,1.634
2026-09-02 09:30:00,3.154
2026-09-02 09:45:00,3.988
2026-09-02 10:00:00,1.65
2026-09-02 10:15:00,2.062
2026-09-02 10:30:00,2.436
2026-09-02 10:45:00,3.319
2026-09-02 11:00:00,6.889
2026-09-02 11:15:00,6.52
2026-09-02 11:30:00,7.366
2026-09-02 11:45:00,8.191
2026-09-02 12:00:00,7.209
2026-09-02 12:15:00,5.018
2026-09-02 12:30:00,8.635
2026-09-02 12:45:00,8.079
2026-09-02 13:00:00,5.155
2026-09-02 13:15:00,9.135
2026-09-02 13:30:00,9.53
2026-09-02 13:45:00,8.331
2026-09-02 14:00:00,4.82
2026-09-02 14:15:00,8.502
2026-09-02 14:30:00,7.025
2026-09-02 14:45:00,3.915
2026-09-02 15:00:00,7.169
2026-09-02 15:15:00,6.031
2026-09-02 15:30:00,4.071
2026-09-02 15:45:00,4.35
2026-09-02 16:00:00,2.026
2026-09-02 16:15:00,2.448
2026-09-02 16:30:00,1.636
2026-09-02 16:45:00,1.084
2026-09-02 17:00:00,1.148
2026-09-02 17:15:00,1.144
2026-09-02 17:30:00,1.174
2026-09-02 17:45:00,1.153
2026-09-02 18:00:00,1.142
2026-09-02 18:15:00,1.009
2026-09-02 18:30:00,0.439
2026-09-02 18:45:00,0.306
2026-09-02 19:00:00,0.302
2026-09-02 19:15:00,0.213
2026-09-02 19:30:00,0.064
2026-09-02 19:45:00,0.025
2026-09-02 20:00:00,0.0
2026-09-02 20:15:00,0.0
2026-09-02 20:30:00,0.0
2026-09-02 20:45:00,0.0
2026-09-02 21:00:00,0.0
2026-09-02 21:15:00,0.0
2026-09-02 21:30:00,0.0
2026-09-02 21:45:00,0.0
2026-09-02 22:00:00,0.0
2026-09-02 22:15:00,0.0
2026-09-02 22:30:00,0.0
2026-09-02 22:45:00,0.0
2026-09-02 23:00:00,0.0
2026-09-02 23:15:00,0.0
2026-09-02 23:30:00,0.0
2026-09-02 23:45:00,0.0
2026-09-03 00:00:00,0.0
2026-09-03 00:15:00,0.0
2026-09-03 00:30:00,0.0
2026-09-03 00:45:00,0.0
2026-09-03 01:00:00,0.0
2026-09-03 01:15:00,0.0
2026-09-03 01:30:00,0.0
2026-09-03 01:45:00,0.0
2026-09-03 02:00:00,0.0
2026-09-03 02:15:00,0.0
2026-09-03 02:30:00,0.0
2026-09-03 02:45:00,0.0
2026-09-03 03:00:00,0.0
2026-09-03 03:15:00,0.0
2026-09-03 03:30:00,0.0
2026-09-03 03:45:00,0.0
2026-09-03 04:00:00,0.0
2026-09-03 04:15:00,0.0
2026-09-03 04:30:00,0.0
2026-09-03 04:45:00,0.0
2026-09-03 05:00:00,0.0
2026-09-03 05:15:00,0.0
2026-09-03 05:30:00,0.0
2026-09-03 05:45:00,0.0
2026-09-03 06:00:00,0.0
2026-09-03 06:15:00,0.0
2026-09-03 06:30:00,0.015
2026-09-03 06:45:00,0.054
2026-09-03 07:00:00,0.154
2026-09-03 07:15:00,0.486
2026-09-03 07:30:00,0.778
2026-09-03 07:45:00,1.499
2026-09-03 08:00:00,2.159
2026-09-03 08:15:00,2.473
2026-09-03 08:30:00,2.601
2026-09-03 08:45:00,3.252
2026-09-03 09:00:00,1.919
2026-09-03 09:15:00,2.39
2026-09-03 09:30:00,3.937
2026-09-03 09:45:00,3.363
2026-09-03 10:00:00,2.942
2026-09-03 10:15:00,3.435
2026-09-03 10:30:00,2.055
2026-09-03 10:45:00,4.561
2026-09-03 11:00:00,5.726
2026-09-03 11:15:00,5.465
2026-09-03 11:30:00,6.07
2026-09-03 11:45:00,4.145
2026-09-03 12:00:00,3.364
2026-09-03 12:15:00,3.473
2026-09-03 12:30:00,4.933
2026-09-03 12:45:00,4.951
2026-09-03 13:00:00,3.998
2026-09-03 13:15:00,3.098
2026-09-03 13:30:00,2.618
2026-09-03 13:45:00,2.199
2026-09-03 14:00:00,4.492
2026-09-03 14:15:00,5.425
2026-09-03 14:30:00,8.219
2026-09-03 14:45:00,4.021
2026-09-03 15:00:00,4.901
2026-09-03 15:15:00,2.731
2026-09-03 15:30:00,2.483
2026-09-03 15:45:00,4.782
2026-09-03 16:00:00,2.315
2026-09-03 16:15:00,1.783
2026-09-03 16:30:00,1.651
2026-09-03 16:45:00,1.805
2026-09-03 17:00:00,1.661
2026-09-03 17:15:00,1.678
2026-09-03 17:30:00,1.356
2026-09-03 17:45:00,1.172
2026-09-03 18:00:00,0.768
2026-09-03 18:15:00,0.682
2026-09-03 18:30:00,0.439
2026-09-03 18:45:00,0.47
2026-09-03 19:00:00,0.333
2026-09-03 19:15:00,0.153
2026-09-03 19:30:00,0.064
2026-09-03 19:45:00,0.015
2026-09-03 20:00:00,0.0
2026-09-03 20:15:00,0.0
2026-09-03 20:30:00,0.0
2026-09-03 20:45:00,0.0
2026-09-03 21:00:00,0.0
2026-09-03 21:15:00,0.0
2026-09-03 21:30:00,0.0
2026-09-03 21:45:00,0.0
2026-09-03 22:00:00,0.0
2026-09-03 22:15:00,0.0
2026-09-03 22:30:00,0.0
2026-09-03 22:45:00,0.0
2026-09-03 23:00:00,0.0
2026-09-03 23:15:00,0.0
2026-09-03 23:30:00,0.0
2026-09-03 23:45:00,0.0
2026-09-04 00:00:00,0.0
2026-09-04 00:15:00,0.0
2026-09-04 00:30:00,0.0
2026-09-04 00:45:00,0.0
2026-09-04 01:00:00,0.0
2026-09-04 01:15:00,0.0
2026-09-04 01:30:00,0.0
2026-09-04 01:45:00,0.0
2026-09-04 02:00:00,0.0
2026-09-04 02:15:00,0.0
2026-09-04 02:30:00,0.0
2026-09-04 02:45:00,0.0
2026-09-04 03:00:00,0.0
2026-09-04 03:15:00,0.0
2026-09-04 03:30:00,0.0
2026-09-04 03:45:00,0.0
2026-09-04 04:00:00,0.0
2026-09-04 04:15:00,0.0
2026-09-04 04:30:00,0.0
2026-09-04 04:45:00,0.0
2026-09-04 05:00:00,0.0
2026-09-04 05:15:00,0.0
2026-09-04 05:30:00,0.0
2026-09-04 05:45:00,0.0
2026-09-04 06:00:00,0.0
2026-09-04 06:15:00,0.0
2026-09-04 06:30:00,0.005
2026-09-04 06:45:00,0.061
2026-09-04 07:00:00,0.181
2026-09-04 07:15:00,0.369
2026-09-04 07:30:00,0.614
2026-09-04 07:45:00,1.532
2026-09-04 08:00:00,1.735
2026-09-04 08:15:00,1.642
2026-09-04 08:30:00,2.494
2026-09-04 08:45:00,2.424
2026-09-04 09:00:00,2.782
2026-09-04 09:15:00,2.931
2026-09-04 09:30:00,2.878
2026-09-04 09:45:00,3.765
2026-09-04 10:00:00,4.233
2026-09-04 10:15:00,4.71
2026-09-04 10:30:00,5.243
2026-09-04 10:45:00,5.823
2026-09-04 11:00:00,6.271
2026-09-04 11:15:00,6.574
2026-09-04 11:30:00,7.246
2026-09-04 11:45:00,6.96
2026-09-04 12:00:00,6.161
2026-09-04 12:15:00,7.104
2026-09-04 12:30:00,8.469
2026-09-04 12:45:00,8.649
2026-09-04 13:00:00,8.547
2026-09-04 13:15:00,8.814
2026-09-04 13:30:00,8.928
2026-09-04 13:45:00,8.847
2026-09-04 14:00:00,8.857
2026-09-04 14:15:00,8.603
2026-09-04 14:30:00,8.421
2026-09-04 14:45:00,7.683
2026-09-04 15:00:00,6.715
2026-09-04 15:15:00,6.059
2026-09-04 15:30:00,5.731
2026-09-04 15:45:00,5.24
2026-09-04 16:00:00,4.782
2026-09-04 16:15:00,4.206
2026-09-04 16:30:00,3.416
2026-09-04 16:45:00,2.898
2026-09-04 17:00:00,2.785
2026-09-04 17:15:00,2.593
2026-09-04 17:30:00,2.615
2026-09-04 17:45:00,2.38
2026-09-04 18:00:00,2.025
2026-09-04 18:15:00,1.458
2026-09-04 18:30:00,1.048
2026-09-04 18:45:00,0.521
2026-09-04 19:00:00,0.147
2026-09-04 19:15:00,0.098
2026-09-04 19:30:00,0.071
2026-09-04 19:45:00,0.024
2026-09-04 20:00:00,0.0
2026-09-04 20:15:00,0.0
2026-09-04 20:30:00,0.0
2026-09-04 20:45:00,0.0
2026-09-04 21:00:00,0.0
2026-09-04 21:15:00,0.0
2026-09-04 21:30:00,0.0
2026-09-04 21:45:00,0.0
2026-09-04 22:00:00,0.0
2026-09-04 22:15:00,0.0
2026-09-04 22:30:00,0.0
2026-09-04 22:45:00,0.0
2026-09-04 23:00:00,0.0
2026-09-04 23:15:00,0.0
2026-09-04 23:30:00,0.0
2026-09-04 23:45:00,0.0
2026-09-05 00:00:00,0.0
2026-09-05 00:15:00,0.0
2026-09-05 00:30:00,0.0
2026-09-05 00:45:00,0.0
2026-09-05 01:00:00,0.0
2026-09-05 01:15:00,0.0
2026-09-05 01:30:00,0.0
2026-09-05 01:45:00,0.0
2026-09-05 02:00:00,0.0
2026-09-05 02:15:00,0.0
2026-09-05 02:30:00,0.0
2026-09-05 02:45:00,0.0
2026-09-05 03:00:00,0.0
2026-09-05 03:15:00,0.0
2026-09-05 03:30:00,0.0
2026-09-05 03:45:00,0.0
2026-09-05 04:00:00,0.0
2026-09-05 04:15:00,0.0
2026-09-05 04:30:00,0.0
2026-09-05 04:45:00,0.0
2026-09-05 05:00:00,0.0
2026-09-05 05:15:00,0.0
2026-09-05 05:30:00,0.0
2026-09-05 05:45:00,0.0
2026-09-05 06:00:00,0.0
2026-09-05 06:15:00,0.0
2026-09-05 06:30:00,0.0
2026-09-05 06:45:00,0.021
2026-09-05 07:00:00,0.089
2026-09-05 07:15:00,0.197
2026-09-05 07:30:00,0.267
2026-09-05 07:45:00,0.415
2026-09-05 08:00:00,0.686
2026-09-05 08:15:00,1.17
2026-09-05 08:30:00,1.395
2026-09-05 08:45:00,2.201
2026-09-05 09:00:00,2.097
2026-09-05 09:15:00,0.769
2026-09-05 09:30:00,2.285
2026-09-05 09:45:00,2.719
2026-09-05 10:00:00,2.029
2026-09-05 10:15:00,2.583
2026-09-05 10:30:00,3.425
2026-09-05 10:45:00,2.657
2026-09-05 11:00:00,2.606
2026-09-05 11:15:00,5.535
2026-09-05 11:30:00,4.609
2026-09-05 11:45:00,5.208
2026-09-05 12:00:00,7.404
2026-09-05 12:15:00,5.937
2026-09-05 12:30:00,7.614
2026-09-05 12:45:00,8.339
2026-09-05 13:00:00,3.886
2026-09-05 13:15:00,6.602
2026-09-05 13:30:00,7.039
2026-09-05 13:45:00,7.603
2026-09-05 14:00:00,7.635
2026-09-05 14:15:00,9.366
2026-09-05 14:30:00,9.154
2026-09-05 14:45:00,8.475
2026-09-05 15:00:00,7.659
2026-09-05 15:15:00,7.018
2026-09-05 15:30:00,6.102
2026-09-05 15:45:00,5.305
2026-09-05 16:00:00,4.866
2026-09-05 16:15:00,4.28
2026-09-05 16:30:00,3.463
2026-09-05 16:45:00,2.754
2026-09-05 17:00:00,2.622
2026-09-05 17:15:00,2.763
2026-09-05 17:30:00,2.701
2026-09-05 17:45:00,2.47
2026-09-05 18:00:00,2.089
2026-09-05 18:15:00,1.378
2026-09-05 18:30:00,1.053
2026-09-05 18:45:00,0.49
2026-09-05 19:00:00,0.154
2026-09-05 19:15:00,0.109
2026-09-05 19:30:00,0.06
2026-09-05 19:45:00,0.028
2026-09-05 20:00:00,0.0
2026-09-05 20:15:00,0.0
2026-09-05 20:30:00,0.0
2026-09-05 20:45:00,0.0
2026-09-05 21:00:00,0.0
2026-09-05 21:15:00,0.0
2026-09-05 21:30:00,0.0
2026-09-05 21:45:00,0.0
2026-09-05 22:00:00,0.0
2026-09-05 22:15:00,0.0
2026-09-05 22:30:00,0.0
2026-09-05 22:45:00,0.0
2026-09-05 23:00:00,0.0
2026-09-05 23:15:00,0.0
2026-09-05 23:30:00,0.0
2026-09-05 23:45:00,0.0
2026-09-06 00:00:00,0.0
2026-09-06 00:15:00,0.0
2026-09-06 00:30:00,0.0
2026-09-06 00:45:00,0.0
2026-09-06 01:00:00,0.0
2026-09-06 01:15:00,0.0
2026-09-06 01:30:00,0.0
2026-09-06 01:45:00,0.0
2026-09-06 02:00:00,0.0
2026-09-06 02:15:00,0.0
2026-09-06 02:30:00,0.0
2026-09-06 02:45:00,0.0
2026-09-06 03:00:00,0.0
2026-09-06 03:15:00,0.0
2026-09-06 03:30:00,0.0
2026-09-06 03:45:00,0.0
2026-09-06 04:00:00,0.0
2026-09-06 04:15:00,0.0
2026-09-06 04:30:00,0.0
2026-09-06 04:45:00,0.0
2026-09-06 05:00:00,0.0
2026-09-06 05:15:00,0.0
2026-09-06 05:30:00,0.0
2026-09-06 05:45:00,0.0
2026-09-06 06:00:00,0.0
2026-09-06 06:15:00,0.0
2026-09-06 06:30:00,0.009
2026-09-06 06:45:00,0.044
2026-09-06 07:00:00,0.098
2026-09-06 07:15:00,0.177
2026-09-06 07:30:00,0.364
2026-09-06 07:45:00,1.387
2026-09-06 08:00:00,2.174
2026-09-06 08:15:00,2.499
2026-09-06 08:30:00,2.761
2026-09-06 08:45:00,3.025
2026-09-06 09:00:00,3.261
2026-09-06 09:15:00,3.469
2026-09-06 09:30:00,3.65
2026-09-06 09:45:00,3.972
2026-09-06 10:00:00,4.393
2026-09-06 10:15:00,4.903
2026-09-06 10:30:00,5.481
2026-09-06 10:45:00,6.029
2026-09-06 11:00:00,6.519
2026-09-06 11:15:00,6.917
2026-09-06 11:30:00,7.316
2026-09-06 11:45:00,7.709
2026-09-06 12:00:00,8.05
2026-09-06 12:15:00,8.331
2026-09-06 12:30:00,8.495
2026-09-06 12:45:00,8.726
2026-09-06 13:00:00,8.85
2026-09-06 13:15:00,8.959
2026-09-06 13:30:00,9.071
2026-09-06 13:45:00,9.04
2026-09-06 14:00:00,7.83
2026-09-06 14:15:00,6.767
2026-09-06 14:30:00,6.733
2026-09-06 14:45:00,5.008
2026-09-06 15:00:00,7.419
2026-09-06 15:15:00,6.291
2026-09-06 15:30:00,5.803
2026-09-06 15:45:00,5.338
2026-09-06 16:00:00,3.45
2026-09-06 16:15:00,2.403
2026-09-06 16:30:00,3.657
2026-09-06 16:45:00,2.665
2026-09-06 17:00:00,1.769
2026-09-06 17:15:00,1.891
2026-09-06 17:30:00,1.558
2026-09-06 17:45:00,1.686
2026-09-06 18:00:00,1.513
2026-09-06 18:15:00,1.266
2026-09-06 18:30:00,0.913
2026-09-06 18:45:00,0.432
2026-09-06 19:00:00,0.235
2026-09-06 19:15:00,0.173
2026-09-06 19:30:00,0.079
2026-09-06 19:45:00,0.019
2026-09-06 20:00:00,0.0
2026-09-06 20:15:00,0.0
2026-09-06 20:30:00,0.0
2026-09-06 20:45:00,0.0
2026-09-06 21:00:00,0.0
2026-09-06 21:15:00,0.0
2026-09-06 21:30:00,0.0
2026-09-06 21:45:00,0.0
2026-09-06 22:00:00,0.0
2026-09-06 22:15:00,0.0
2026-09-06 22:30:00,0.0
2026-09-06 22:45:00,0.0
2026-09-06 23:00:00,0.0
2026-09-06 23:15:00,0.0
2026-09-06 23:30:00,0.0
2026-09-06 23:45:00,0.0
2026-09-07 00:00:00,0.0
2026-09-07 00:15:00,0.0
2026-09-07 00:30:00,0.0
2026-09-07 00:45:00,0.0
2026-09-07 01:00:00,0.0
2026-09-07 01:15:00,0.0
2026-09-07 01:30:00,0.0
2026-09-07 01:45:00,0.0
2026-09-07 02:00:00,0.0
2026-09-07 02:15:00,0.0
2026-09-07 02:30:00,0.0
2026-09-07 02:45:00,0.0
2026-09-07 03:00:00,0.0
2026-09-07 03:15:00,0.0
2026-09-07 03:30:00,0.0
2026-09-07 03:45:00,0.0
2026-09-07 04:00:00,0.0
2026-09-07 04:15:00,0.0
2026-09-07 04:30:00,0.0
2026-09-07 04:45:00,0.0
2026-09-07 05:00:00,0.0
2026-09-07 05:15:00,0.0
2026-09-07 05:30:00,0.0
2026-09-07 05:45:00,0.0
2026-09-07 06:00:00,0.0
2026-09-07 06:15:00,0.0
2026-09-07 06:30:00,0.0
2026-09-07 06:45:00,0.029
2026-09-07 07:00:00,0.11
2026-09-07 07:15:00,0.265
2026-09-07 07:30:00,0.376
2026-09-07 07:45:00,0.476
2026-09-07 08:00:00,0.54
2026-09-07 08:15:00,0.897
2026-09-07 08:30:00,1.264
2026-09-07 08:45:00,1.662
2026-09-07 09:00:00,0.743
2026-09-07 09:15:00,0.413
2026-09-07 09:30:00,0.498
2026-09-07 09:45:00,1.186
2026-09-07 10:00:00,2.394
2026-09-07 10:15:00,5.353
2026-09-07 10:30:00,2.455
2026-09-07 10:45:00,2.861
2026-09-07 11:00:00,2.624
2026-09-07 11:15:00,6.267
2026-09-07 11:30:00,7.401
2026-09-07 11:45:00,6.863
2026-09-07 12:00:00,7.783
2026-09-07 12:15:00,7.948
2026-09-07 12:30:00,8.212
2026-09-07 12:45:00,8.154
2026-09-07 13:00:00,8.488
2026-09-07 13:15:00,8.564
2026-09-07 13:30:00,8.606
2026-09-07 13:45:00,8.636
2026-09-07 14:00:00,7.837
2026-09-07 14:15:00,8.997
2026-09-07 14:30:00,5.107
2026-09-07 14:45:00,5.558
2026-09-07 15:00:00,6.113
2026-09-07 15:15:00,5.145
2026-09-07 15:30:00,4.366
2026-09-07 15:45:00,1.458
2026-09-07 16:00:00,1.131
2026-09-07 16:15:00,1.398
2026-09-07 16:30:00,1.477
2026-09-07 16:45:00,1.353
2026-09-07 17:00:00,1.459
2026-09-07 17:15:00,1.505
2026-09-07 17:30:00,1.424
2026-09-07 17:45:00,1.536
2026-09-07 18:00:00,0.89
2026-09-07 18:15:00,0.741
2026-09-07 18:30:00,0.624
2026-09-07 18:45:00,0.41
2026-09-07 19:00:00,0.241
2026-09-07 19:15:00,0.137
2026-09-07 19:30:00,0.056
2026-09-07 19:45:00,0.011
2026-09-07 20:00:00,0.0
2026-09-07 20:15:00,0.0
2026-09-07 20:30:00,0.0
2026-09-07 20:45:00,0.0
2026-09-07 21:00:00,0.0
2026-09-07 21:15:00,0.0
2026-09-07 21:30:00,0.0
2026-09-07 21:45:00,0.0
2026-09-07 22:00:00,0.0
2026-09-07 22:15:00,0.0
2026-09-07 22:30:00,0.0
2026-09-07 22:45:00,0.0
2026-09-07 23:00:00,0.0
2026-09-07 23:15:00,0.0
2026-09-07 23:30:00,0.0
2026-09-07 23:45:00,0.0
2026-09-08 00:00:00,0.0
2026-09-08 00:15:00,0.0
2026-09-08 00:30:00,0.0
2026-09-08 00:45:00,0.0
2026-09-08 01:00:00,0.0
2026-09-08 01:15:00,0.0
2026-09-08 01:30:00,0.0
2026-09-08 01:45:00,0.0
2026-09-08 02:00:00,0.0
2026-09-08 02:15:00,0.0
2026-09-08 02:30:00,0.0
2026-09-08 02:45:00,0.0
2026-09-08 03:00:00,0.0
2026-09-08 03:15:00,0.0
2026-09-08 03:30:00,0.0
2026-09-08 03:45:00,0.0
2026-09-08 04:00:00,0.0
2026-09-08 04:15:00,0.0
2026-09-08 04:30:00,0.0
2026-09-08 04:45:00,0.0
2026-09-08 05:00:00,0.0
2026-09-08 05:15:00,0.0
2026-09-08 05:30:00,0.0
2026-09-08 05:45:00,0.0
2026-09-08 06:00:00,0.0
2026-09-08 06:15:00,0.0
2026-09-08 06:30:00,0.002
2026-09-08 06:45:00,0.035
2026-09-08 07:00:00,0.112
2026-09-08 07:15:00,0.22
2026-09-08 07:30:00,0.424
2026-09-08 07:45:00,1.004
2026-09-08 08:00:00,1.678
2026-09-08 08:15:00,2.053
2026-09-08 08:30:00,2.485
2026-09-08 08:45:00,2.81
2026-09-08 09:00:00,2.987
2026-09-08 09:15:00,3.286
2026-09-08 09:30:00,3.52
2026-09-08 09:45:00,3.711
2026-09-08 10:00:00,4.111
2026-09-08 10:15:00,4.572
2026-09-08 10:30:00,5.089
2026-09-08 10:45:00,5.637
2026-09-08 11:00:00,6.059
2026-09-08 11:15:00,6.473
2026-09-08 11:30:00,6.864
2026-09-08 11:45:00,7.185
2026-09-08 12:00:00,7.453
2026-09-08 12:15:00,7.733
2026-09-08 12:30:00,8.028
2026-09-08 12:45:00,8.172
2026-09-08 13:00:00,8.313
2026-09-08 13:15:00,8.397
2026-09-08 13:30:00,8.493
2026-09-08 13:45:00,8.511
2026-09-08 14:00:00,8.378
2026-09-08 14:15:00,8.155
2026-09-08 14:30:00,7.528
2026-09-08 14:45:00,6.641
2026-09-08 15:00:00,6.169
2026-09-08 15:15:00,5.76
2026-09-08 15:30:00,5.297
2026-09-08 15:45:00,4.645
2026-09-08 16:00:00,4.347
2026-09-08 16:15:00,3.588
2026-09-08 16:30:00,2.788
2026-09-08 16:45:00,2.255
2026-09-08 17:00:00,2.021
2026-09-08 17:15:00,1.901
2026-09-08 17:30:00,1.812
2026-09-08 17:45:00,1.66
2026-09-08 18:00:00,1.435
2026-09-08 18:15:00,1.141
2026-09-08 18:30:00,0.777
2026-09-08 18:45:00,0.261
2026-09-08 19:00:00,0.177
2026-09-08 19:15:00,0.107
2026-09-08 19:30:00,0.043
2026-09-08 19:45:00,0.005
2026-09-08 20:00:00,0.0
2026-09-08 20:15:00,0.0
2026-09-08 20:30:00,0.0
2026-09-08 20:45:00,0.0
2026-09-08 21:00:00,0.0
2026-09-08 21:15:00,0.0
2026-09-08 21:30:00,0.0
2026-09-08 21:45:00,0.0
2026-09-08 22:00:00,0.0
2026-09-08 22:15:00,0.0
2026-09-08 22:30:00,0.0
2026-09-08 22:45:00,0.0
2026-09-08 23:00:00,0.0
2026-09-08 23:15:00,0.0
2026-09-08 23:30:00,0.0
2026-09-08 23:45:00,0.0
2026-09-09 00:00:00,0.0
2026-09-09 00:15:00,0.0
2026-09-09 00:30:00,0.0
2026-09-09 00:45:00,0.0
2026-09-09 01:00:00,0.0
2026-09-09 01:15:00,0.0
2026-09-09 01:30:00,0.0
2026-09-09 01:45:00,0.0
2026-09-09 02:00:00,0.0
2026-09-09 02:15:00,0.0
2026-09-09 02:30:00,0.0
2026-09-09 02:45:00,0.0
2026-09-09 03:00:00,0.0
2026-09-09 03:15:00,0.0
2026-09-09 03:30:00,0.0
2026-09-09 03:45:00,0.0
2026-09-09 04:00:00,0.0
2026-09-09 04:15:00,0.0
2026-09-09 04:30:00,0.0
2026-09-09 04:45:00,0.0
2026-09-09 05:00:00,0.0
2026-09-09 05:15:00,0.0
2026-09-09 05:30:00,0.0
2026-09-09 05:45:00,0.0
2026-09-09 06:00:00,0.0
2026-09-09 06:15:00,0.0
2026-09-09 06:30:00,0.0
2026-09-09 06:45:00,0.002
2026-09-09 07:00:00,0.041
2026-09-09 07:15:00,0.112
2026-09-09 07:30:00,0.163
2026-09-09 07:45:00,0.126
2026-09-09 08:00:00,0.154
2026-09-09 08:15:00,0.117
2026-09-09 08:30:00,0.244
2026-09-09 08:45:00,0.436
2026-09-09 09:00:00,0.616
2026-09-09 09:15:00,0.995
2026-09-09 09:30:00,1.16
2026-09-09 09:45:00,1.546
2026-09-09 10:00:00,2.075
2026-09-09 10:15:00,1.908
2026-09-09 10:30:00,1.64
2026-09-09 10:45:00,1.128
2026-09-09 11:00:00,0.971
2026-09-09 11:15:00,0.909
2026-09-09 11:30:00,1.562
2026-09-09 11:45:00,2.241
2026-09-09 12:00:00,2.899
2026-09-09 12:15:00,2.783
2026-09-09 12:30:00,2.252
2026-09-09 12:45:00,2.81
2026-09-09 13:00:00,2.701
2026-09-09 13:15:00,5.488
2026-09-09 13:30:00,2.891
2026-09-09 13:45:00,3.279
2026-09-09 14:00:00,2.717
2026-09-09 14:15:00,2.129
2026-09-09 14:30:00,1.618
2026-09-09 14:45:00,2.839
2026-09-09 15:00:00,2.724
2026-09-09 15:15:00,2.589
2026-09-09 15:30:00,3.049
2026-09-09 15:45:00,2.239
2026-09-09 16:00:00,2.569
2026-09-09 16:15:00,2.341
2026-09-09 16:30:00,1.959
2026-09-09 16:45:00,1.758
2026-09-09 17:00:00,1.925
2026-09-09 17:15:00,1.751
2026-09-09 17:30:00,1.333
2026-09-09 17:45:00,0.836
2026-09-09 18:00:00,1.252
2026-09-09 18:15:00,1.335
2026-09-09 18:30:00,0.971
2026-09-09 18:45:00,0.424
2026-09-09 19:00:00,0.148
2026-09-09 19:15:00,0.057
2026-09-09 19:30:00,0.041
2026-09-09 19:45:00,0.0
2026-09-09 20:00:00,0.0
2026-09-09 20:15:00,0.0
2026-09-09 20:30:00,0.0
2026-09-09 20:45:00,0.0
2026-09-09 21:00:00,0.0
2026-09-09 21:15:00,0.0
2026-09-09 21:30:00,0.0
2026-09-09 21:45:00,0.0
2026-09-09 22:00:00,0.0
2026-09-09 22:15:00,0.0
2026-09-09 22:30:00,0.0
2026-09-09 22:45:00,0.0
2026-09-09 23:00:00,0.0
2026-09-09 23:15:00,0.0
2026-09-09 23:30:00,0.0
2026-09-09 23:45:00,0.0
2026-09-10 00:00:00,0.0
2026-09-10 00:15:00,0.0
2026-09-10 00:30:00,0.0
2026-09-10 00:45:00,0.0
2026-09-10 01:00:00,0.0
2026-09-10 01:15:00,0.0
2026-09-10 01:30:00,0.0
2026-09-10 01:45:00,0.0
2026-09-10 02:00:00,0.0
2026-09-10 02:15:00,0.0
2026-09-10 02:30:00,0.0
2026-09-10 02:45:00,0.0
2026-09-10 03:00:00,0.0
2026-09-10 03:15:00,0.0
2026-09-10 03:30:00,0.0
2026-09-10 03:45:00,0.0
2026-09-10 04:00:00,0.0
2026-09-10 04:15:00,0.0
2026-09-10 04:30:00,0.0
2026-09-10 04:45:00,0.0
2026-09-10 05:00:00,0.0
2026-09-10 05:15:00,0.0
2026-09-10 05:30:00,0.0
2026-09-10 05:45:00,0.0
2026-09-10 06:00:00,0.0
2026-09-10 06:15:00,0.0
2026-09-10 06:30:00,0.0
2026-09-10 06:45:00,0.013
2026-09-10 07:00:00,0.068
2026-09-10 07:15:00,0.17
2026-09-10 07:30:00,0.388
2026-09-10 07:45:00,0.682
2026-09-10 08:00:00,0.996
2026-09-10 08:15:00,1.593
2026-09-10 08:30:00,2.048
2026-09-10 08:45:00,1.38
2026-09-10 09:00:00,2.05
2026-09-10 09:15:00,2.941
2026-09-10 09:30:00,2.571
2026-09-10 09:45:00,2.422
2026-09-10 10:00:00,2.393
2026-09-10 10:15:00,3.612
2026-09-10 10:30:00,4.009
2026-09-10 10:45:00,6.177
2026-09-10 11:00:00,6.387
2026-09-10 11:15:00,7.405
2026-09-10 11:30:00,7.268
2026-09-10 11:45:00,8.021
2026-09-10 12:00:00,6.095
2026-09-10 12:15:00,3.414
2026-09-10 12:30:00,4.009
2026-09-10 12:45:00,2.579
2026-09-10 13:00:00,7.174
2026-09-10 13:15:00,2.628
2026-09-10 13:30:00,8.277
2026-09-10 13:45:00,9.339
2026-09-10 14:00:00,9.704
2026-09-10 14:15:00,9.348
2026-09-10 14:30:00,8.655
2026-09-10 14:45:00,1.967
2026-09-10 15:00:00,2.309
2026-09-10 15:15:00,4.896
2026-09-10 15:30:00,2.285
2026-09-10 15:45:00,1.532
2026-09-10 16:00:00,1.153
2026-09-10 16:15:00,2.094
2026-09-10 16:30:00,1.458
2026-09-10 16:45:00,1.304
2026-09-10 17:00:00,1.267
2026-09-10 17:15:00,1.023
2026-09-10 17:30:00,0.845
2026-09-10 17:45:00,0.598
2026-09-10 18:00:00,0.537
2026-09-10 18:15:00,0.476
2026-09-10 18:30:00,0.47
2026-09-10 18:45:00,0.391
2026-09-10 19:00:00,0.161
2026-09-10 19:15:00,0.053
2026-09-10 19:30:00,0.024
2026-09-10 19:45:00,0.0
2026-09-10 20:00:00,0.0
2026-09-10 20:15:00,0.0
2026-09-10 20:30:00,0.0
2026-09-10 20:45:00,0.0
2026-09-10 21:00:00,0.0
2026-09-10 21:15:00,0.0
2026-09-10 21:30:00,0.0
2026-09-10 21:45:00,0.0
2026-09-10 22:00:00,0.0
2026-09-10 22:15:00,0.0
2026-09-10 22:30:00,0.0
2026-09-10 22:45:00,0.0
2026-09-10 23:00:00,0.0
2026-09-10 23:15:00,0.0
2026-09-10 23:30:00,0.0
2026-09-10 23:45:00,0.0
2026-09-11 00:00:00,0.0
2026-09-11 00:15:00,0.0
2026-09-11 00:30:00,0.0
2026-09-11 00:45:00,0.0
2026-09-11 01:00:00,0.0
2026-09-11 01:15:00,0.0
2026-09-11 01:30:00,0.0
2026-09-11 01:45:00,0.0
2026-09-11 02:00:00,0.0
2026-09-11 02:15:00,0.0
2026-09-11 02:30:00,0.0
2026-09-11 02:45:00,0.0
2026-09-11 03:00:00,0.0
2026-09-11 03:15:00,0.0
2026-09-11 03:30:00,0.0
2026-09-11 03:45:00,0.0
2026-09-11 04:00:00,0.0
2026-09-11 04:15:00,0.0
2026-09-11 04:30:00,0.0
2026-09-11 04:45:00,0.0
2026-09-11 05:00:00,0.0
2026-09-11 05:15:00,0.0
2026-09-11 05:30:00,0.0
2026-09-11 05:45:00,0.0
2026-09-11 06:00:00,0.0
2026-09-11 06:15:00,0.0
2026-09-11 06:30:00,0.0
2026-09-11 06:45:00,0.006
2026-09-11 07:00:00,0.041
2026-09-11 07:15:00,0.125
2026-09-11 07:30:00,0.331
2026-09-11 07:45:00,0.388
2026-09-11 08:00:00,0.467
2026-09-11 08:15:00,0.63
2026-09-11 08:30:00,0.841
2026-09-11 08:45:00,0.931
2026-09-11 09:00:00,1.243
2026-09-11 09:15:00,2.213
2026-09-11 09:30:00,2.8
2026-09-11 09:45:00,3.534
2026-09-11 10:00:00,3.572
2026-09-11 10:15:00,4.533
2026-09-11 10:30:00,5.057
2026-09-11 10:45:00,6.629
2026-09-11 11:00:00,5.683
2026-09-11 11:15:00,6.689
2026-09-11 11:30:00,6.793
2026-09-11 11:45:00,7.346
2026-09-11 12:00:00,8.115
2026-09-11 12:15:00,8.694
2026-09-11 12:30:00,9.002
2026-09-11 12:45:00,7.063
2026-09-11 13:00:00,5.038
2026-09-11 13:15:00,4.625
2026-09-11 13:30:00,4.364
2026-09-11 13:45:00,7.652
2026-09-11 14:00:00,2.769
2026-09-11 14:15:00,8.843
2026-09-11 14:30:00,1.909
2026-09-11 14:45:00,2.551
2026-09-11 15:00:00,6.71
2026-09-11 15:15:00,5.062
2026-09-11 15:30:00,4.397
2026-09-11 15:45:00,5.04
2026-09-11 16:00:00,4.062
2026-09-11 16:15:00,3.502
2026-09-11 16:30:00,2.544
2026-09-11 16:45:00,2.699
2026-09-11 17:00:00,2.349
2026-09-11 17:15:00,1.921
2026-09-11 17:30:00,1.175
2026-09-11 17:45:00,1.236
2026-09-11 18:00:00,0.548
2026-09-11 18:15:00,0.5
2026-09-11 18:30:00,0.274
2026-09-11 18:45:00,0.204
2026-09-11 19:00:00,0.163
2026-09-11 19:15:00,0.087
2026-09-11 19:30:00,0.041
2026-09-11 19:45:00,0.001
2026-09-11 20:00:00,0.0
2026-09-11 20:15:00,0.0
2026-09-11 20:30:00,0.0
2026-09-11 20:45:00,0.0
2026-09-11 21:00:00,0.0
2026-09-11 21:15:00,0.0
2026-09-11 21:30:00,0.0
2026-09-11 21:45:00,0.0
2026-09-11 22:00:00,0.0
2026-09-11 22:15:00,0.0
2026-09-11 22:30:00,0.0
2026-09-11 22:45:00,0.0
2026-09-11 23:00:00,0.0
2026-09-11 23:15:00,0.0
2026-09-11 23:30:00,0.0
2026-09-11 23:45:00,0.0
2026-09-12 00:00:00,0.0
2026-09-12 00:15:00,0.0
2026-09-12 00:30:00,0.0
2026-09-12 00:45:00,0.0
2026-09-12 01:00:00,0.0
2026-09-12 01:15:00,0.0
2026-09-12 01:30:00,0.0
2026-09-12 01:45:00,0.0
2026-09-12 02:00:00,0.0
2026-09-12 02:15:00,0.0
2026-09-12 02:30:00,0.0
2026-09-12 02:45:00,0.0
2026-09-12 03:00:00,0.0
2026-09-12 03:15:00,0.0
2026-09-12 03:30:00,0.0
2026-09-12 03:45:00,0.0
2026-09-12 04:00:00,0.0
2026-09-12 04:15:00,0.0
2026-09-12 04:30:00,0.0
2026-09-12 04:45:00,0.0
2026-09-12 05:00:00,0.0
2026-09-12 05:15:00,0.0
2026-09-12 05:30:00,0.0
2026-09-12 05:45:00,0.0
2026-09-12 06:00:00,0.0
2026-09-12 06:15:00,0.0
2026-09-12 06:30:00,0.0
2026-09-12 06:45:00,0.0
2026-09-12 07:00:00,0.028
2026-09-12 07:15:00,0.062
2026-09-12 07:30:00,0.143
2026-09-12 07:45:00,0.301
2026-09-12 08:00:00,0.533
2026-09-12 08:15:00,0.674
2026-09-12 08:30:00,0.859
2026-09-12 08:45:00,1.083
2026-09-12 09:00:00,1.311
2026-09-12 09:15:00,2.072
2026-09-12 09:30:00,3.234
2026-09-12 09:45:00,2.692
2026-09-12 10:00:00,3.255
2026-09-12 10:15:00,4.328
2026-09-12 10:30:00,4.656
2026-09-12 10:45:00,3.598
2026-09-12 11:00:00,3.2
2026-09-12 11:15:00,3.349
2026-09-12 11:30:00,3.235
2026-09-12 11:45:00,2.433
2026-09-12 12:00:00,2.556
2026-09-12 12:15:00,4.76
2026-09-12 12:30:00,8.833
2026-09-12 12:45:00,9.123
2026-09-12 13:00:00,8.645
2026-09-12 13:15:00,3.713
2026-09-12 13:30:00,3.695
2026-09-12 13:45:00,3.274
2026-09-12 14:00:00,5.254
2026-09-12 14:15:00,7.274
2026-09-12 14:30:00,7.533
2026-09-12 14:45:00,7.437
2026-09-12 15:00:00,5.785
2026-09-12 15:15:00,4.259
2026-09-12 15:30:00,2.127
2026-09-12 15:45:00,1.865
2026-09-12 16:00:00,1.402
2026-09-12 16:15:00,0.948
2026-09-12 16:30:00,0.743
2026-09-12 16:45:00,0.724
2026-09-12 17:00:00,0.565
2026-09-12 17:15:00,0.611
2026-09-12 17:30:00,0.563
2026-09-12 17:45:00,0.621
2026-09-12 18:00:00,0.426
2026-09-12 18:15:00,0.315
2026-09-12 18:30:00,0.277
2026-09-12 18:45:00,0.184
2026-09-12 19:00:00,0.116
2026-09-12 19:15:00,0.061
2026-09-12 19:30:00,0.02
2026-09-12 19:45:00,0.0
2026-09-12 20:00:00,0.0
2026-09-12 20:15:00,0.0
2026-09-12 20:30:00,0.0
2026-09-12 20:45:00,0.0
2026-09-12 21:00:00,0.0
2026-09-12 21:15:00,0.0
2026-09-12 21:30:00,0.0
2026-09-12 21:45:00,0.0
2026-09-12 22:00:00,0.0
2026-09-12 22:15:00,0.0
2026-09-12 22:30:00,0.0
2026-09-12 22:45:00,0.0
2026-09-12 23:00:00,0.0
2026-09-12 23:15:00,0.0
2026-09-12 23:30:00,0.0
2026-09-12 23:45:00,0.0
2026-09-13 00:00:00,0.0
2026-09-13 00:15:00,0.0
2026-09-13 00:30:00,0.0
2026-09-13 00:45:00,0.0
2026-09-13 01:00:00,0.0
2026-09-13 01:15:00,0.0
2026-09-13 01:30:00,0.0
2026-09-13 01:45:00,0.0
2026-09-13 02:00:00,0.0
2026-09-13 02:15:00,0.0
2026-09-13 02:30:00,0.0
2026-09-13 02:45:00,0.0
2026-09-13 03:00:00,0.0
2026-09-13 03:15:00,0.0
2026-09-13 03:30:00,0.0
2026-09-13 03:45:00,0.0
2026-09-13 04:00:00,0.0
2026-09-13 04:15:00,0.0
2026-09-13 04:30:00,0.0
2026-09-13 04:45:00,0.0
2026-09-13 05:00:00,0.0
2026-09-13 05:15:00,0.0
2026-09-13 05:30:00,0.0
2026-09-13 05:45:00,0.0
2026-09-13 06:00:00,0.0
2026-09-13 06:15:00,0.0
2026-09-13 06:30:00,0.0
2026-09-13 06:45:00,0.012
2026-09-13 07:00:00,0.05
2026-09-13 07:15:00,0.144
2026-09-13 07:30:00,0.299
2026-09-13 07:45:00,1.14
2026-09-13 08:00:00,1.474
2026-09-13 08:15:00,0.731
2026-09-13 08:30:00,0.746
2026-09-13 08:45:00,1.015
2026-09-13 09:00:00,0.781
2026-09-13 09:15:00,0.928
2026-09-13 09:30:00,1.043
2026-09-13 09:45:00,1.813
2026-09-13 10:00:00,1.973
2026-09-13 10:15:00,1.694
2026-09-13 10:30:00,1.718
2026-09-13 10:45:00,1.837
2026-09-13 11:00:00,2.756
2026-09-13 11:15:00,3.478
2026-09-13 11:30:00,2.713
2026-09-13 11:45:00,3.276
2026-09-13 12:00:00,2.571
2026-09-13 12:15:00,3.588
2026-09-13 12:30:00,4.767
2026-09-13 12:45:00,2.878
2026-09-13 13:00:00,1.376
2026-09-13 13:15:00,3.081
2026-09-13 13:30:00,3.698
2026-09-13 13:45:00,2.778
2026-09-13 14:00:00,2.433
2026-09-13 14:15:00,1.756
2026-09-13 14:30:00,1.035
2026-09-13 14:45:00,0.752
2026-09-13 15:00:00,0.684
2026-09-13 15:15:00,0.692
2026-09-13 15:30:00,0.988
2026-09-13 15:45:00,1.684
2026-09-13 16:00:00,1.523
2026-09-13 16:15:00,1.391
2026-09-13 16:30:00,1.443
2026-09-13 16:45:00,1.568
2026-09-13 17:00:00,1.33
2026-09-13 17:15:00,1.006
2026-09-13 17:30:00,1.156
2026-09-13 17:45:00,0.743
2026-09-13 18:00:00,0.394
2026-09-13 18:15:00,0.172
2026-09-13 18:30:00,0.038
2026-09-13 18:45:00,0.024
2026-09-13 19:00:00,0.043
2026-09-13 19:15:00,0.007
2026-09-13 19:30:00,0.0
2026-09-13 19:45:00,0.0
2026-09-13 20:00:00,0.0
2026-09-13 20:15:00,0.0
2026-09-13 20:30:00,0.0
2026-09-13 20:45:00,0.0
2026-09-13 21:00:00,0.0
2026-09-13 21:15:00,0.0
2026-09-13 21:30:00,0.0
2026-09-13 21:45:00,0.0
2026-09-13 22:00:00,0.0
2026-09-13 22:15:00,0.0
2026-09-13 22:30:00,0.0
2026-09-13 22:45:00,0.0
2026-09-13 23:00:00,0.0
2026-09-13 23:15:00,0.0
2026-09-13 23:30:00,0.0
2026-09-13 23:45:00,0.0
2026-09-14 00:00:00,0.0
2026-09-14 00:15:00,0.0
2026-09-14 00:30:00,0.0
2026-09-14 00:45:00,0.0
2026-09-14 01:00:00,0.0
2026-09-14 01:15:00,0.0
2026-09-14 01:30:00,0.0
2026-09-14 01:45:00,0.0
2026-09-14 02:00:00,0.0
2026-09-14 02:15:00,0.0
2026-09-14 02:30:00,0.0
2026-09-14 02:45:00,0.0
2026-09-14 03:00:00,0.0
2026-09-14 03:15:00,0.0
2026-09-14 03:30:00,0.0
2026-09-14 03:45:00,0.0
2026-09-14 04:00:00,0.0
2026-09-14 04:15:00,0.0
2026-09-14 04:30:00,0.0
2026-09-14 04:45:00,0.0
2026-09-14 05:00:00,0.0
2026-09-14 05:15:00,0.0
2026-09-14 05:30:00,0.0
2026-09-14 05:45:00,0.0
2026-09-14 06:00:00,0.0
2026-09-14 06:15:00,0.0
2026-09-14 06:30:00,0.0
2026-09-14 06:45:00,0.009
2026-09-14 07:00:00,0.044
2026-09-14 07:15:00,0.113
2026-09-14 07:30:00,0.179
2026-09-14 07:45:00,0.402
2026-09-14 08:00:00,0.792
2026-09-14 08:15:00,0.419
2026-09-14 08:30:00,0.756
2026-09-14 08:45:00,1.047
2026-09-14 09:00:00,1.007
2026-09-14 09:15:00,0.655
2026-09-14 09:30:00,0.542
2026-09-14 09:45:00,0.663
2026-09-14 10:00:00,0.853
2026-09-14 10:15:00,1.068
2026-09-14 10:30:00,1.491
2026-09-14 10:45:00,1.795
2026-09-14 11:00:00,2.434
2026-09-14 11:15:00,3.716
2026-09-14 11:30:00,3.398
2026-09-14 11:45:00,3.564
2026-09-14 12:00:00,3.69
2026-09-14 12:15:00,1.77
2026-09-14 12:30:00,7.114
2026-09-14 12:45:00,6.522
2026-09-14 13:00:00,3.385
2026-09-14 13:15:00,4.187
2026-09-14 13:30:00,5.969
2026-09-14 13:45:00,7.094
2026-09-14 14:00:00,5.066
2026-09-14 14:15:00,5.792
2026-09-14 14:30:00,5.835
2026-09-14 14:45:00,6.867
2026-09-14 15:00:00,6.727
2026-09-14 15:15:00,3.294
2026-09-14 15:30:00,2.706
2026-09-14 15:45:00,3.429
2026-09-14 16:00:00,1.188
2026-09-14 16:15:00,1.116
2026-09-14 16:30:00,0.884
2026-09-14 16:45:00,0.719
2026-09-14 17:00:00,0.561
2026-09-14 17:15:00,0.473
2026-09-14 17:30:00,0.441
2026-09-14 17:45:00,0.414
2026-09-14 18:00:00,0.371
2026-09-14 18:15:00,0.324
2026-09-14 18:30:00,0.257
2026-09-14 18:45:00,0.178
2026-09-14 19:00:00,0.099
2026-09-14 19:15:00,0.058
2026-09-14 19:30:00,0.02
2026-09-14 19:45:00,0.0
2026-09-14 20:00:00,0.0
2026-09-14 20:15:00,0.0
2026-09-14 20:30:00,0.0
2026-09-14 20:45:00,0.0
2026-09-14 21:00:00,0.0
2026-09-14 21:15:00,0.0
2026-09-14 21:30:00,0.0
2026-09-14 21:45:00,0.0
2026-09-14 22:00:00,0.0
2026-09-14 22:15:00,0.0
2026-09-14 22:30:00,0.0
2026-09-14 22:45:00,0.0
2026-09-14 23:00:00,0.0
2026-09-14 23:15:00,0.0
2026-09-14 23:30:00,0.0
2026-09-14 23:45:00,0.0
2026-09-15 00:00:00,0.0
2026-09-15 00:15:00,0.0
2026-09-15 00:30:00,0.0
2026-09-15 00:45:00,0.0
2026-09-15 01:00:00,0.0
2026-09-15 01:15:00,0.0
2026-09-15 01:30:00,0.0
2026-09-15 01:45:00,0.0
2026-09-15 02:00:00,0.0
2026-09-15 02:15:00,0.0
2026-09-15 02:30:00,0.0
2026-09-15 02:45:00,0.0
2026-09-15 03:00:00,0.0
2026-09-15 03:15:00,0.0
2026-09-15 03:30:00,0.0
2026-09-15 03:45:00,0.0
2026-09-15 04:00:00,0.0
2026-09-15 04:15:00,0.0
2026-09-15 04:30:00,0.0
2026-09-15 04:45:00,0.0
2026-09-15 05:00:00,0.0
2026-09-15 05:15:00,0.0
2026-09-15 05:30:00,0.0
2026-09-15 05:45:00,0.0
2026-09-15 06:00:00,0.0
2026-09-15 06:15:00,0.0
2026-09-15 06:30:00,0.0
2026-09-15 06:45:00,0.015
2026-09-15 07:00:00,0.056
2026-09-15 07:15:00,0.14
2026-09-15 07:30:00,0.176
2026-09-15 07:45:00,0.51
2026-09-15 08:00:00,1.693
2026-09-15 08:15:00,2.19
2026-09-15 08:30:00,2.546
2026-09-15 08:45:00,2.818
2026-09-15 09:00:00,3.054
2026-09-15 09:15:00,3.3
2026-09-15 09:30:00,3.473
2026-09-15 09:45:00,3.761
2026-09-15 10:00:00,4.164
2026-09-15 10:15:00,4.652
2026-09-15 10:30:00,5.195
2026-09-15 10:45:00,5.7
2026-09-15 11:00:00,6.206
2026-09-15 11:15:00,6.685
2026-09-15 11:30:00,7.134
2026-09-15 11:45:00,7.485
2026-09-15 12:00:00,7.799
2026-09-15 12:15:00,8.107
2026-09-15 12:30:00,8.356
2026-09-15 12:45:00,8.561
2026-09-15 13:00:00,8.726
2026-09-15 13:15:00,8.922
2026-09-15 13:30:00,8.533
2026-09-15 13:45:00,8.765
2026-09-15 14:00:00,8.636
2026-09-15 14:15:00,6.193
2026-09-15 14:30:00,8.112
2026-09-15 14:45:00,6.966
2026-09-15 15:00:00,6.285
2026-09-15 15:15:00,5.688
2026-09-15 15:30:00,5.245
2026-09-15 15:45:00,4.567
2026-09-15 16:00:00,3.79
2026-09-15 16:15:00,2.591
2026-09-15 16:30:00,1.935
2026-09-15 16:45:00,2.037
2026-09-15 17:00:00,1.703
2026-09-15 17:15:00,1.642
2026-09-15 17:30:00,1.418
2026-09-15 17:45:00,1.197
2026-09-15 18:00:00,0.916
2026-09-15 18:15:00,0.928
2026-09-15 18:30:00,0.432
2026-09-15 18:45:00,0.18
2026-09-15 19:00:00,0.112
2026-09-15 19:15:00,0.05
2026-09-15 19:30:00,0.003
2026-09-15 19:45:00,0.0
2026-09-15 20:00:00,0.0
2026-09-15 20:15:00,0.0
2026-09-15 20:30:00,0.0
2026-09-15 20:45:00,0.0
2026-09-15 21:00:00,0.0
2026-09-15 21:15:00,0.0
2026-09-15 21:30:00,0.0
2026-09-15 21:45:00,0.0
2026-09-15 22:00:00,0.0
2026-09-15 22:15:00,0.0
2026-09-15 22:30:00,0.0
2026-09-15 22:45:00,0.0
2026-09-15 23:00:00,0.0
2026-09-15 23:15:00,0.0
2026-09-15 23:30:00,0.0
2026-09-15 23:45:00,0.0
2026-09-16 00:00:00,0.0
2026-09-16 00:15:00,0.0
2026-09-16 00:30:00,0.0
2026-09-16 00:45:00,0.0
2026-09-16 01:00:00,0.0
2026-09-16 01:15:00,0.0
2026-09-16 01:30:00,0.0
2026-09-16 01:45:00,0.0
2026-09-16 02:00:00,0.0
2026-09-16 02:15:00,0.0
2026-09-16 02:30:00,0.0
2026-09-16 02:45:00,0.0
2026-09-16 03:00:00,0.0
2026-09-16 03:15:00,0.0
2026-09-16 03:30:00,0.0
2026-09-16 03:45:00,0.0
2026-09-16 04:00:00,0.0
2026-09-16 04:15:00,0.0
2026-09-16 04:30:00,0.0
2026-09-16 04:45:00,0.0
2026-09-16 05:00:00,0.0
2026-09-16 05:15:00,0.0
2026-09-16 05:30:00,0.0
2026-09-16 05:45:00,0.0
2026-09-16 06:00:00,0.0
2026-09-16 06:15:00,0.0
2026-09-16 06:30:00,0.0
2026-09-16 06:45:00,0.0
2026-09-16 07:00:00,0.023
2026-09-16 07:15:00,0.058
2026-09-16 07:30:00,0.134
2026-09-16 07:45:00,0.493
2026-09-16 08:00:00,1.097
2026-09-16 08:15:00,2.055
2026-09-16 08:30:00,1.352
2026-09-16 08:45:00,1.95
2026-09-16 09:00:00,2.658
2026-09-16 09:15:00,3.491
2026-09-16 09:30:00,2.416
2026-09-16 09:45:00,2.049
2026-09-16 10:00:00,2.213
2026-09-16 10:15:00,1.608
2026-09-16 10:30:00,1.945
2026-09-16 10:45:00,3.077
2026-09-16 11:00:00,1.217
2026-09-16 11:15:00,0.213
2026-09-16 11:30:00,0.435
2026-09-16 11:45:00,0.834
2026-09-16 12:00:00,0.785
2026-09-16 12:15:00,0.893
2026-09-16 12:30:00,0.998
2026-09-16 12:45:00,0.998
2026-09-16 13:00:00,1.29
2026-09-16 13:15:00,0.801
2026-09-16 13:30:00,1.099
2026-09-16 13:45:00,0.954
2026-09-16 14:00:00,1.195
2026-09-16 14:15:00,0.758
2026-09-16 14:30:00,1.23
2026-09-16 14:45:00,0.818
2026-09-16 15:00:00,0.639
2026-09-16 15:15:00,1.063
2026-09-16 15:30:00,1.252
2026-09-16 15:45:00,0.652
2026-09-16 16:00:00,0.725
2026-09-16 16:15:00,1.391
2026-09-16 16:30:00,1.768
2026-09-16 16:45:00,1.466
2026-09-16 17:00:00,1.609
2026-09-16 17:15:00,1.33
2026-09-16 17:30:00,0.802
2026-09-16 17:45:00,0.543
2026-09-16 18:00:00,0.324
2026-09-16 18:15:00,0.203
2026-09-16 18:30:00,0.188
2026-09-16 18:45:00,0.178
2026-09-16 19:00:00,0.072
2026-09-16 19:15:00,0.025
2026-09-16 19:30:00,0.004
2026-09-16 19:45:00,0.0
2026-09-16 20:00:00,0.0
2026-09-16 20:15:00,0.0
2026-09-16 20:30:00,0.0
2026-09-16 20:45:00,0.0
2026-09-16 21:00:00,0.0
2026-09-16 21:15:00,0.0
2026-09-16 21:30:00,0.0
2026-09-16 21:45:00,0.0
2026-09-16 22:00:00,0.0
2026-09-16 22:15:00,0.0
2026-09-16 22:30:00,0.0
2026-09-16 22:45:00,0.0
2026-09-16 23:00:00,0.0
2026-09-16 23:15:00,0.0
2026-09-16 23:30:00,0.0
2026-09-16 23:45:00,0.0
2026-09-17 00:00:00,0.0
2026-09-17 00:15:00,0.0
2026-09-17 00:30:00,0.0
2026-09-17 00:45:00,0.0
2026-09-17 01:00:00,0.0
2026-09-17 01:15:00,0.0
2026-09-17 01:30:00,0.0
2026-09-17 01:45:00,0.0
2026-09-17 02:00:00,0.0
2026-09-17 02:15:00,0.0
2026-09-17 02:30:00,0.0
2026-09-17 02:45:00,0.0
2026-09-17 03:00:00,0.0
2026-09-17 03:15:00,0.0
2026-09-17 03:30:00,0.0
2026-09-17 03:45:00,0.0
2026-09-17 04:00:00,0.0
2026-09-17 04:15:00,0.0
2026-09-17 04:30:00,0.0
2026-09-17 04:45:00,0.0
2026-09-17 05:00:00,0.0
2026-09-17 05:15:00,0.0
2026-09-17 05:30:00,0.0
2026-09-17 05:45:00,0.0
2026-09-17 06:00:00,0.0
2026-09-17 06:15:00,0.0
2026-09-17 06:30:00,0.0
2026-09-17 06:45:00,0.0
2026-09-17 07:00:00,0.035
2026-09-17 07:15:00,0.111
2026-09-17 07:30:00,0.195
2026-09-17 07:45:00,0.462
2026-09-17 08:00:00,1.726
2026-09-17 08:15:00,2.338
2026-09-17 08:30:00,2.742
2026-09-17 08:45:00,3.068
2026-09-17 09:00:00,2.954
2026-09-17 09:15:00,3.501
2026-09-17 09:30:00,3.738
2026-09-17 09:45:00,3.97
2026-09-17 10:00:00,4.408
2026-09-17 10:15:00,4.455
2026-09-17 10:30:00,4.979
2026-09-17 10:45:00,5.207
2026-09-17 11:00:00,6.526
2026-09-17 11:15:00,7.236
2026-09-17 11:30:00,5.827
2026-09-17 11:45:00,4.539
2026-09-17 12:00:00,5.89
2026-09-17 12:15:00,7.815
2026-09-17 12:30:00,7.976
2026-09-17 12:45:00,5.942
2026-09-17 13:00:00,7.178
2026-09-17 13:15:00,5.679
2026-09-17 13:30:00,1.905
2026-09-17 13:45:00,3.853
2026-09-17 14:00:00,8.271
2026-09-17 14:15:00,3.804
2026-09-17 14:30:00,2.077
2026-09-17 14:45:00,3.472
2026-09-17 15:00:00,3.183
2026-09-17 15:15:00,3.599
2026-09-17 15:30:00,5.979
2026-09-17 15:45:00,2.306
2026-09-17 16:00:00,3.423
2026-09-17 16:15:00,2.873
2026-09-17 16:30:00,2.123
2026-09-17 16:45:00,1.465
2026-09-17 17:00:00,1.274
2026-09-17 17:15:00,1.09
2026-09-17 17:30:00,0.848
2026-09-17 17:45:00,0.739
2026-09-17 18:00:00,0.55
2026-09-17 18:15:00,0.425
2026-09-17 18:30:00,0.321
2026-09-17 18:45:00,0.233
2026-09-17 19:00:00,0.124
2026-09-17 19:15:00,0.034
2026-09-17 19:30:00,0.0
2026-09-17 19:45:00,0.0
2026-09-17 20:00:00,0.0
2026-09-17 20:15:00,0.0
2026-09-17 20:30:00,0.0
2026-09-17 20:45:00,0.0
2026-09-17 21:00:00,0.0
2026-09-17 21:15:00,0.0
2026-09-17 21:30:00,0.0
2026-09-17 21:45:00,0.0
2026-09-17 22:00:00,0.0
2026-09-17 22:15:00,0.0
2026-09-17 22:30:00,0.0
2026-09-17 22:45:00,0.0
2026-09-17 23:00:00,0.0
2026-09-17 23:15:00,0.0
2026-09-17 23:30:00,0.0
2026-09-17 23:45:00,0.0
2026-09-18 00:00:00,0.0
2026-09-18 00:15:00,0.0
2026-09-18 00:30:00,0.0
2026-09-18 00:45:00,0.0
2026-09-18 01:00:00,0.0
2026-09-18 01:15:00,0.0
2026-09-18 01:30:00,0.0
2026-09-18 01:45:00,0.0
2026-09-18 02:00:00,0.0
2026-09-18 02:15:00,0.0
2026-09-18 02:30:00,0.0
2026-09-18 02:45:00,0.0
2026-09-18 03:00:00,0.0
2026-09-18 03:15:00,0.0
2026-09-18 03:30:00,0.0
2026-09-18 03:45:00,0.0
2026-09-18 04:00:00,0.0
2026-09-18 04:15:00,0.0
2026-09-18 04:30:00,0.0
2026-09-18 04:45:00,0.0
2026-09-18 05:00:00,0.0
2026-09-18 05:15:00,0.0
2026-09-18 05:30:00,0.0
2026-09-18 05:45:00,0.0
2026-09-18 06:00:00,0.0
2026-09-18 06:15:00,0.0
2026-09-18 06:30:00,0.0
2026-09-18 06:45:00,0.0
2026-09-18 07:00:00,0.014
2026-09-18 07:15:00,0.055
2026-09-18 07:30:00,0.12
2026-09-18 07:45:00,0.21
2026-09-18 08:00:00,0.411
2026-09-18 08:15:00,0.567
2026-09-18 08:30:00,1.14
2026-09-18 08:45:00,0.899
2026-09-18 09:00:00,0.638
2026-09-18 09:15:00,1.159
2026-09-18 09:30:00,1.38
2026-09-18 09:45:00,2.024
2026-09-18 10:00:00,1.746
2026-09-18 10:15:00,1.547
2026-09-18 10:30:00,2.025
2026-09-18 10:45:00,1.888
2026-09-18 11:00:00,2.51
2026-09-18 11:15:00,4.371
2026-09-18 11:30:00,5.356
2026-09-18 11:45:00,6.494
2026-09-18 12:00:00,6.053
2026-09-18 12:15:00,2.726
2026-09-18 12:30:00,3.748
2026-09-18 12:45:00,4.746
2026-09-18 13:00:00,3.91
2026-09-18 13:15:00,2.802
2026-09-18 13:30:00,2.377
2026-09-18 13:45:00,2.47
2026-09-18 14:00:00,4.308
2026-09-18 14:15:00,2.222
2026-09-18 14:30:00,1.997
2026-09-18 14:45:00,0.641
2026-09-18 15:00:00,0.658
2026-09-18 15:15:00,1.667
2026-09-18 15:30:00,2.07
2026-09-18 15:45:00,1.239
2026-09-18 16:00:00,2.093
2026-09-18 16:15:00,2.025
2026-09-18 16:30:00,2.061
2026-09-18 16:45:00,1.368
2026-09-18 17:00:00,1.389
2026-09-18 17:15:00,0.905
2026-09-18 17:30:00,0.737
2026-09-18 17:45:00,0.542
2026-09-18 18:00:00,0.506
2026-09-18 18:15:00,0.389
2026-09-18 18:30:00,0.249
2026-09-18 18:45:00,0.13
2026-09-18 19:00:00,0.054
2026-09-18 19:15:00,0.028
2026-09-18 19:30:00,0.0
2026-09-18 19:45:00,0.0
2026-09-18 20:00:00,0.0
2026-09-18 20:15:00,0.0
2026-09-18 20:30:00,0.0
2026-09-18 20:45:00,0.0
2026-09-18 21:00:00,0.0
2026-09-18 21:15:00,0.0
2026-09-18 21:30:00,0.0
2026-09-18 21:45:00,0.0
2026-09-18 22:00:00,0.0
2026-09-18 22:15:00,0.0
2026-09-18 22:30:00,0.0
2026-09-18 22:45:00,0.0
2026-09-18 23:00:00,0.0
2026-09-18 23:15:00,0.0
2026-09-18 23:30:00,0.0
2026-09-18 23:45:00,0.0
2026-09-19 00:00:00,0.0
2026-09-19 00:15:00,0.0
2026-09-19 00:30:00,0.0
2026-09-19 00:45:00,0.0
2026-09-19 01:00:00,0.0
2026-09-19 01:15:00,0.0
2026-09-19 01:30:00,0.0
2026-09-19 01:45:00,0.0
2026-09-19 02:00:00,0.0
2026-09-19 02:15:00,0.0
2026-09-19 02:30:00,0.0
2026-09-19 02:45:00,0.0
2026-09-19 03:00:00,0.0
2026-09-19 03:15:00,0.0
2026-09-19 03:30:00,0.0
2026-09-19 03:45:00,0.0
2026-09-19 04:00:00,0.0
2026-09-19 04:15:00,0.0
2026-09-19 04:30:00,0.0
2026-09-19 04:45:00,0.0
2026-09-19 05:00:00,0.0
2026-09-19 05:15:00,0.0
2026-09-19 05:30:00,0.0
2026-09-19 05:45:00,0.0
2026-09-19 06:00:00,0.0
2026-09-19 06:15:00,0.0
2026-09-19 06:30:00,0.0
2026-09-19 06:45:00,0.0
2026-09-19 07:00:00,0.019
2026-09-19 07:15:00,0.092
2026-09-19 07:30:00,0.206
2026-09-19 07:45:00,0.412
2026-09-19 08:00:00,1.538
2026-09-19 08:15:00,2.167
2026-09-19 08:30:00,1.757
2026-09-19 08:45:00,2.706
2026-09-19 09:00:00,3.159
2026-09-19 09:15:00,3.271
2026-09-19 09:30:00,3.578
2026-09-19 09:45:00,3.908
2026-09-19 10:00:00,4.225
2026-09-19 10:15:00,4.831
2026-09-19 10:30:00,5.303
2026-09-19 10:45:00,5.693
2026-09-19 11:00:00,6.056
2026-09-19 11:15:00,6.912
2026-09-19 11:30:00,7.303
2026-09-19 11:45:00,7.511
2026-09-19 12:00:00,7.663
2026-09-19 12:15:00,8.229
2026-09-19 12:30:00,8.248
2026-09-19 12:45:00,4.58
2026-09-19 13:00:00,5.579
2026-09-19 13:15:00,6.231
2026-09-19 13:30:00,7.576
2026-09-19 13:45:00,8.452
2026-09-19 14:00:00,8.426
2026-09-19 14:15:00,7.936
2026-09-19 14:30:00,7.37
2026-09-19 14:45:00,6.721
2026-09-19 15:00:00,6.218
2026-09-19 15:15:00,3.896
2026-09-19 15:30:00,4.52
2026-09-19 15:45:00,3.655
2026-09-19 16:00:00,3.044
2026-09-19 16:15:00,2.54
2026-09-19 16:30:00,1.997
2026-09-19 16:45:00,1.819
2026-09-19 17:00:00,1.12
2026-09-19 17:15:00,1.486
2026-09-19 17:30:00,1.292
2026-09-19 17:45:00,1.302
2026-09-19 18:00:00,1.015
2026-09-19 18:15:00,0.572
2026-09-19 18:30:00,0.352
2026-09-19 18:45:00,0.272
2026-09-19 19:00:00,0.138
2026-09-19 19:15:00,0.023
2026-09-19 19:30:00,0.0
2026-09-19 19:45:00,0.0
2026-09-19 20:00:00,0.0
2026-09-19 20:15:00,0.0
2026-09-19 20:30:00,0.0
2026-09-19 20:45:00,0.0
2026-09-19 21:00:00,0.0
2026-09-19 21:15:00,0.0
2026-09-19 21:30:00,0.0
2026-09-19 21:45:00,0.0
2026-09-19 22:00:00,0.0
2026-09-19 22:15:00,0.0
2026-09-19 22:30:00,0.0
2026-09-19 22:45:00,0.0
2026-09-19 23:00:00,0.0
2026-09-19 23:15:00,0.0
2026-09-19 23:30:00,0.0
2026-09-19 23:45:00,0.0
2026-09-20 00:00:00,0.0
2026-09-20 00:15:00,0.0
2026-09-20 00:30:00,0.0
2026-09-20 00:45:00,0.0
2026-09-20 01:00:00,0.0
2026-09-20 01:15:00,0.0
2026-09-20 01:30:00,0.0
2026-09-20 01:45:00,0.0
2026-09-20 02:00:00,0.0
2026-09-20 02:15:00,0.0
2026-09-20 02:30:00,0.0
2026-09-20 02:45:00,0.0
2026-09-20 03:00:00,0.0
2026-09-20 03:15:00,0.0
2026-09-20 03:30:00,0.0
2026-09-20 03:45:00,0.0
2026-09-20 04:00:00,0.0
2026-09-20 04:15:00,0.0
2026-09-20 04:30:00,0.0
2026-09-20 04:45:00,0.0
2026-09-20 05:00:00,0.0
2026-09-20 05:15:00,0.0
2026-09-20 05:30:00,0.0
2026-09-20 05:45:00,0.0
2026-09-20 06:00:00,0.0
2026-09-20 06:15:00,0.0
2026-09-20 06:30:00,0.0
2026-09-20 06:45:00,0.0
2026-09-20 07:00:00,0.001
2026-09-20 07:15:00,0.03
2026-09-20 07:30:00,0.063
2026-09-20 07:45:00,0.203
2026-09-20 08:00:00,0.344
2026-09-20 08:15:00,0.607
2026-09-20 08:30:00,0.655
2026-09-20 08:45:00,1.021
2026-09-20 09:00:00,2.455
2026-09-20 09:15:00,3.143
2026-09-20 09:30:00,2.827
2026-09-20 09:45:00,2.343
2026-09-20 10:00:00,3.826
2026-09-20 10:15:00,4.911
2026-09-20 10:30:00,5.002
2026-09-20 10:45:00,4.742
2026-09-20 11:00:00,5.606
2026-09-20 11:15:00,4.109
2026-09-20 11:30:00,3.802
2026-09-20 11:45:00,6.963
2026-09-20 12:00:00,5.184
2026-09-20 12:15:00,4.037
2026-09-20 12:30:00,5.639
2026-09-20 12:45:00,8.277
2026-09-20 13:00:00,8.245
2026-09-20 13:15:00,8.809
2026-09-20 13:30:00,8.877
2026-09-20 13:45:00,4.404
2026-09-20 14:00:00,6.589
2026-09-20 14:15:00,5.562
2026-09-20 14:30:00,6.43
2026-09-20 14:45:00,3.849
2026-09-20 15:00:00,2.982
2026-09-20 15:15:00,2.948
2026-09-20 15:30:00,2.421
2026-09-20 15:45:00,2.296
2026-09-20 16:00:00,2.022
2026-09-20 16:15:00,2.027
2026-09-20 16:30:00,1.686
2026-09-20 16:45:00,1.13
2026-09-20 17:00:00,0.889
2026-09-20 17:15:00,0.489
2026-09-20 17:30:00,0.321
2026-09-20 17:45:00,0.178
2026-09-20 18:00:00,0.093
2026-09-20 18:15:00,0.085
2026-09-20 18:30:00,0.081
2026-09-20 18:45:00,0.017
2026-09-20 19:00:00,0.015
2026-09-20 19:15:00,0.0
2026-09-20 19:30:00,0.0
2026-09-20 19:45:00,0.0
2026-09-20 20:00:00,0.0
2026-09-20 20:15:00,0.0
2026-09-20 20:30:00,0.0
2026-09-20 20:45:00,0.0
2026-09-20 21:00:00,0.0
2026-09-20 21:15:00,0.0
2026-09-20 21:30:00,0.0
2026-09-20 21:45:00,0.0
2026-09-20 22:00:00,0.0
2026-09-20 22:15:00,0.0
2026-09-20 22:30:00,0.0
2026-09-20 22:45:00,0.0
2026-09-20 23:00:00,0.0
2026-09-20 23:15:00,0.0
2026-09-20 23:30:00,0.0
2026-09-20 23:45:00,0.0
2026-09-21 00:00:00,0.0
2026-09-21 00:15:00,0.0
2026-09-21 00:30:00,0.0
2026-09-21 00:45:00,0.0
2026-09-21 01:00:00,0.0
2026-09-21 01:15:00,0.0
2026-09-21 01:30:00,0.0
2026-09-21 01:45:00,0.0
2026-09-21 02:00:00,0.0
2026-09-21 02:15:00,0.0
2026-09-21 02:30:00,0.0
2026-09-21 02:45:00,0.0
2026-09-21 03:00:00,0.0
2026-09-21 03:15:00,0.0
2026-09-21 03:30:00,0.0
2026-09-21 03:45:00,0.0
2026-09-21 04:00:00,0.0
2026-09-21 04:15:00,0.0
2026-09-21 04:30:00,0.0
2026-09-21 04:45:00,0.0
2026-09-21 05:00:00,0.0
2026-09-21 05:15:00,0.0
2026-09-21 05:30:00,0.0
2026-09-21 05:45:00,0.0
2026-09-21 06:00:00,0.0
2026-09-21 06:15:00,0.0
2026-09-21 06:30:00,0.0
2026-09-21 06:45:00,0.0
2026-09-21 07:00:00,0.0
2026-09-21 07:15:00,0.002
2026-09-21 07:30:00,0.038
2026-09-21 07:45:00,0.103
2026-09-21 08:00:00,0.194
2026-09-21 08:15:00,0.31
2026-09-21 08:30:00,0.443
2026-09-21 08:45:00,0.623
2026-09-21 09:00:00,0.745
2026-09-21 09:15:00,0.966
2026-09-21 09:30:00,0.984
2026-09-21 09:45:00,0.979
2026-09-21 10:00:00,1.293
2026-09-21 10:15:00,1.662
2026-09-21 10:30:00,1.761
2026-09-21 10:45:00,1.891
2026-09-21 11:00:00,1.973
2026-09-21 11:15:00,1.871
2026-09-21 11:30:00,2.065
2026-09-21 11:45:00,2.474
2026-09-21 12:00:00,4.823
2026-09-21 12:15:00,5.805
2026-09-21 12:30:00,6.284
2026-09-21 12:45:00,5.88
2026-09-21 13:00:00,6.823
2026-09-21 13:15:00,9.183
2026-09-21 13:30:00,8.344
2026-09-21 13:45:00,7.944
2026-09-21 14:00:00,5.134
2026-09-21 14:15:00,3.05
2026-09-21 14:30:00,5.037
2026-09-21 14:45:00,5.113
2026-09-21 15:00:00,4.626
2026-09-21 15:15:00,2.557
2026-09-21 15:30:00,2.747
2026-09-21 15:45:00,1.66
2026-09-21 16:00:00,1.446
2026-09-21 16:15:00,1.224
2026-09-21 16:30:00,1.181
2026-09-21 16:45:00,1.213
2026-09-21 17:00:00,1.128
2026-09-21 17:15:00,0.889
2026-09-21 17:30:00,0.817
2026-09-21 17:45:00,0.729
2026-09-21 18:00:00,0.578
2026-09-21 18:15:00,0.449
2026-09-21 18:30:00,0.282
2026-09-21 18:45:00,0.206
2026-09-21 19:00:00,0.072
2026-09-21 19:15:00,0.022
2026-09-21 19:30:00,0.0
2026-09-21 19:45:00,0.0
2026-09-21 20:00:00,0.0
2026-09-21 20:15:00,0.0
2026-09-21 20:30:00,0.0
2026-09-21 20:45:00,0.0
2026-09-21 21:00:00,0.0
2026-09-21 21:15:00,0.0
2026-09-21 21:30:00,0.0
2026-09-21 21:45:00,0.0
2026-09-21 22:00:00,0.0
2026-09-21 22:15:00,0.0
2026-09-21 22:30:00,0.0
2026-09-21 22:45:00,0.0
2026-09-21 23:00:00,0.0
2026-09-21 23:15:00,0.0
2026-09-21 23:30:00,0.0
2026-09-21 23:45:00,0.0
2026-09-22 00:00:00,0.0
2026-09-22 00:15:00,0.0
2026-09-22 00:30:00,0.0
2026-09-22 00:45:00,0.0
2026-09-22 01:00:00,0.0
2026-09-22 01:15:00,0.0
2026-09-22 01:30:00,0.0
2026-09-22 01:45:00,0.0
2026-09-22 02:00:00,0.0
2026-09-22 02:15:00,0.0
2026-09-22 02:30:00,0.0
2026-09-22 02:45:00,0.0
2026-09-22 03:00:00,0.0
2026-09-22 03:15:00,0.0
2026-09-22 03:30:00,0.0
2026-09-22 03:45:00,0.0
2026-09-22 04:00:00,0.0
2026-09-22 04:15:00,0.0
2026-09-22 04:30:00,0.0
2026-09-22 04:45:00,0.0
2026-09-22 05:00:00,0.0
2026-09-22 05:15:00,0.0
2026-09-22 05:30:00,0.0
2026-09-22 05:45:00,0.0
2026-09-22 06:00:00,0.0
2026-09-22 06:15:00,0.0
2026-09-22 06:30:00,0.0
2026-09-22 06:45:00,0.0
2026-09-22 07:00:00,0.026
2026-09-22 07:15:00,0.088
2026-09-22 07:30:00,0.203
2026-09-22 07:45:00,0.443
2026-09-22 08:00:00,1.079
2026-09-22 08:15:00,1.972
2026-09-22 08:30:00,2.323
2026-09-22 08:45:00,2.635
2026-09-22 09:00:00,2.983
2026-09-22 09:15:00,3.211
2026-09-22 09:30:00,2.764
2026-09-22 09:45:00,2.835
2026-09-22 10:00:00,3.729
2026-09-22 10:15:00,3.466
2026-09-22 10:30:00,3.11
2026-09-22 10:45:00,2.859
2026-09-22 11:00:00,5.514
2026-09-22 11:15:00,8.175
2026-09-22 11:30:00,7.561
2026-09-22 11:45:00,4.008
2026-09-22 12:00:00,2.72
2026-09-22 12:15:00,3.311
2026-09-22 12:30:00,8.706
2026-09-22 12:45:00,3.263
2026-09-22 13:00:00,9.78
2026-09-22 13:15:00,5.915
2026-09-22 13:30:00,6.178
2026-09-22 13:45:00,9.363
2026-09-22 14:00:00,7.78
2026-09-22 14:15:00,8.601
2026-09-22 14:30:00,7.676
2026-09-22 14:45:00,6.769
2026-09-22 15:00:00,6.618
2026-09-22 15:15:00,5.7
2026-09-22 15:30:00,4.801
2026-09-22 15:45:00,4.06
2026-09-22 16:00:00,2.885
2026-09-22 16:15:00,2.177
2026-09-22 16:30:00,1.771
2026-09-22 16:45:00,1.694
2026-09-22 17:00:00,1.578
2026-09-22 17:15:00,1.454
2026-09-22 17:30:00,1.222
2026-09-22 17:45:00,1.128
2026-09-22 18:00:00,0.92
2026-09-22 18:15:00,0.52
2026-09-22 18:30:00,0.174
2026-09-22 18:45:00,0.098
2026-09-22 19:00:00,0.055
2026-09-22 19:15:00,0.017
2026-09-22 19:30:00,0.0
2026-09-22 19:45:00,0.0
2026-09-22 20:00:00,0.0
2026-09-22 20:15:00,0.0
2026-09-22 20:30:00,0.0
2026-09-22 20:45:00,0.0
2026-09-22 21:00:00,0.0
2026-09-22 21:15:00,0.0
2026-09-22 21:30:00,0.0
2026-09-22 21:45:00,0.0
2026-09-22 22:00:00,0.0
2026-09-22 22:15:00,0.0
2026-09-22 22:30:00,0.0
2026-09-22 22:45:00,0.0
2026-09-22 23:00:00,0.0
2026-09-22 23:15:00,0.0
2026-09-22 23:30:00,0.0
2026-09-22 23:45:00,0.0
2026-09-23 00:00:00,0.0
2026-09-23 00:15:00,0.0
2026-09-23 00:30:00,0.0
2026-09-23 00:45:00,0.0
2026-09-23 01:00:00,0.0
2026-09-23 01:15:00,0.0
2026-09-23 01:30:00,0.0
2026-09-23 01:45:00,0.0
2026-09-23 02:00:00,0.0
2026-09-23 02:15:00,0.0
2026-09-23 02:30:00,0.0
2026-09-23 02:45:00,0.0
2026-09-23 03:00:00,0.0
2026-09-23 03:15:00,0.0
2026-09-23 03:30:00,0.0
2026-09-23 03:45:00,0.0
2026-09-23 04:00:00,0.0
2026-09-23 04:15:00,0.0
2026-09-23 04:30:00,0.0
2026-09-23 04:45:00,0.0
2026-09-23 05:00:00,0.0
2026-09-23 05:15:00,0.0
2026-09-23 05:30:00,0.0
2026-09-23 05:45:00,0.0
2026-09-23 06:00:00,0.0
2026-09-23 06:15:00,0.0
2026-09-23 06:30:00,0.0
2026-09-23 06:45:00,0.0
2026-09-23 07:00:00,0.016
2026-09-23 07:15:00,0.064
2026-09-23 07:30:00,0.155
2026-09-23 07:45:00,0.271
2026-09-23 08:00:00,1.013
2026-09-23 08:15:00,2.147
2026-09-23 08:30:00,2.674
2026-09-23 08:45:00,2.984
2026-09-23 09:00:00,3.223
2026-09-23 09:15:00,3.438
2026-09-23 09:30:00,3.642
2026-09-23 09:45:00,3.946
2026-09-23 10:00:00,4.384
2026-09-23 10:15:00,4.92
2026-09-23 10:30:00,5.537
2026-09-23 10:45:00,6.079
2026-09-23 11:00:00,6.549
2026-09-23 11:15:00,7.009
2026-09-23 11:30:00,7.417
2026-09-23 11:45:00,7.754
2026-09-23 12:00:00,8.066
2026-09-23 12:15:00,8.336
2026-09-23 12:30:00,8.572
2026-09-23 12:45:00,8.721
2026-09-23 13:00:00,8.86
2026-09-23 13:15:00,8.92
2026-09-23 13:30:00,8.793
2026-09-23 13:45:00,8.473
2026-09-23 14:00:00,7.946
2026-09-23 14:15:00,7.289
2026-09-23 14:30:00,7.24
2026-09-23 14:45:00,6.365
2026-09-23 15:00:00,5.884
2026-09-23 15:15:00,5.221
2026-09-23 15:30:00,4.07
2026-09-23 15:45:00,3.022
2026-09-23 16:00:00,2.551
2026-09-23 16:15:00,1.865
2026-09-23 16:30:00,1.939
2026-09-23 16:45:00,1.858
2026-09-23 17:00:00,1.257
2026-09-23 17:15:00,1.376
2026-09-23 17:30:00,1.268
2026-09-23 17:45:00,1.099
2026-09-23 18:00:00,0.825
2026-09-23 18:15:00,0.405
2026-09-23 18:30:00,0.184
2026-09-23 18:45:00,0.199
2026-09-23 19:00:00,0.093
2026-09-23 19:15:00,0.01
2026-09-23 19:30:00,0.0
2026-09-23 19:45:00,0.0
2026-09-23 20:00:00,0.0
2026-09-23 20:15:00,0.0
2026-09-23 20:30:00,0.0
2026-09-23 20:45:00,0.0
2026-09-23 21:00:00,0.0
2026-09-23 21:15:00,0.0
2026-09-23 21:30:00,0.0
2026-09-23 21:45:00,0.0
2026-09-23 22:00:00,0.0
2026-09-23 22:15:00,0.0
2026-09-23 22:30:00,0.0
2026-09-23 22:45:00,0.0
2026-09-23 23:00:00,0.0
2026-09-23 23:15:00,0.0
2026-09-23 23:30:00,0.0
2026-09-23 23:45:00,0.0
2026-09-24 00:00:00,0.0
2026-09-24 00:15:00,0.0
2026-09-24 00:30:00,0.0
2026-09-24 00:45:00,0.0
2026-09-24 01:00:00,0.0
2026-09-24 01:15:00,0.0
2026-09-24 01:30:00,0.0
2026-09-24 01:45:00,0.0
2026-09-24 02:00:00,0.0
2026-09-24 02:15:00,0.0
2026-09-24 02:30:00,0.0
2026-09-24 02:45:00,0.0
2026-09-24 03:00:00,0.0
2026-09-24 03:15:00,0.0
2026-09-24 03:30:00,0.0
2026-09-24 03:45:00,0.0
2026-09-24 04:00:00,0.0
2026-09-24 04:15:00,0.0
2026-09-24 04:30:00,0.0
2026-09-24 04:45:00,0.0
2026-09-24 05:00:00,0.0
2026-09-24 05:15:00,0.0
2026-09-24 05:30:00,0.0
2026-09-24 05:45:00,0.0
2026-09-24 06:00:00,0.0
2026-09-24 06:15:00,0.0
2026-09-24 06:30:00,0.0
2026-09-24 06:45:00,0.0
2026-09-24 07:00:00,0.013
2026-09-24 07:15:00,0.054
2026-09-24 07:30:00,0.087
2026-09-24 07:45:00,0.157
2026-09-24 08:00:00,0.362
2026-09-24 08:15:00,0.219
2026-09-24 08:30:00,0.256
2026-09-24 08:45:00,0.569
2026-09-24 09:00:00,0.641
2026-09-24 09:15:00,0.696
2026-09-24 09:30:00,0.809
2026-09-24 09:45:00,0.758
2026-09-24 10:00:00,0.552
2026-09-24 10:15:00,1.07
2026-09-24 10:30:00,1.349
2026-09-24 10:45:00,1.04
2026-09-24 11:00:00,0.897
2026-09-24 11:15:00,1.125
2026-09-24 11:30:00,1.179
2026-09-24 11:45:00,1.303
2026-09-24 12:00:00,1.129
2026-09-24 12:15:00,1.0
2026-09-24 12:30:00,1.369
2026-09-24 12:45:00,1.457
2026-09-24 13:00:00,1.078
2026-09-24 13:15:00,0.725
2026-09-24 13:30:00,0.755
2026-09-24 13:45:00,0.87
2026-09-24 14:00:00,0.748
2026-09-24 14:15:00,0.877
2026-09-24 14:30:00,0.977
2026-09-24 14:45:00,1.189
2026-09-24 15:00:00,1.343
2026-09-24 15:15:00,1.487
2026-09-24 15:30:00,1.924
2026-09-24 15:45:00,1.328
2026-09-24 16:00:00,0.691
2026-09-24 16:15:00,0.536
2026-09-24 16:30:00,0.497
2026-09-24 16:45:00,0.482
2026-09-24 17:00:00,0.415
2026-09-24 17:15:00,0.395
2026-09-24 17:30:00,0.389
2026-09-24 17:45:00,0.334
2026-09-24 18:00:00,0.288
2026-09-24 18:15:00,0.261
2026-09-24 18:30:00,0.18
2026-09-24 18:45:00,0.069
2026-09-24 19:00:00,0.025
2026-09-24 19:15:00,0.0
2026-09-24 19:30:00,0.0
2026-09-24 19:45:00,0.0
2026-09-24 20:00:00,0.0
2026-09-24 20:15:00,0.0
2026-09-24 20:30:00,0.0
2026-09-24 20:45:00,0.0
2026-09-24 21:00:00,0.0
2026-09-24 21:15:00,0.0
2026-09-24 21:30:00,0.0
2026-09-24 21:45:00,0.0
2026-09-24 22:00:00,0.0
2026-09-24 22:15:00,0.0
2026-09-24 22:30:00,0.0
2026-09-24 22:45:00,0.0
2026-09-24 23:00:00,0.0
