azimuth,elevation,correction_factor
71.0,5.0,0.8179795653772182
72.0,5.0,0.8331479349291167
73.0,5.0,0.8483163044810151
74.0,5.0,0.8634846740329136
75.0,5.0,0.8786530435848121
76.0,5.0,0.8938214131367106
77.0,5.0,0.9089897826886091
78.0,5.0,0.9241581522405076
79.0,5.0,0.939326521792406
80.0,5.0,0.9544948913443045
81.0,5.0,0.969663260896203
82.0,5.0,0.9848316304481015
83.0,5.0,1.0
84.0,5.0,1.0
85.0,5.0,1.0
86.0,5.0,1.0
87.0,5.0,1.0
88.0,5.0,1.0
89.0,5.0,1.0
90.0,5.0,1.0
91.0,5.0,1.0
92.0,5.0,1.0
93.0,5.0,1.0
94.0,5.0,1.0
95.0,5.0,1.0
96.0,5.0,0.9951143402497766
97.0,5.0,0.9902286804995531
98.0,5.0,0.9853430207493297
99.0,5.0,0.9804573609991063
100.0,5.0,0.9755717012488829
101.0,5.0,0.9706860414986594
102.0,5.0,0.9658003817484361
103.0,5.0,0.9609147219982126
104.0,5.0,0.9560290622479891
105.0,5.0,0.9511434024977657
106.0,5.0,0.9462577427475424
107.0,5.0,0.9413720829973189
108.0,5.0,0.9364864232470954
109.0,5.0,0.931600763496872
110.0,5.0,0.9267151037466487
111.0,5.0,0.9218294439964252
112.0,5.0,0.9169437842462018
113.0,5.0,0.9120581244959783
114.0,5.0,0.9071724647457549
115.0,5.0,0.9022868049955315
116.0,5.0,0.8974011452453081
117.0,5.0,0.8925154854950847
118.0,5.0,0.8876298257448613
119.0,5.0,0.8827441659946378
120.0,5.0,0.8778585062444144
121.0,5.0,0.8729728464941909
122.0,5.0,0.8680871867439676
123.0,5.0,0.8632015269937442
124.0,5.0,0.8583158672435207
125.0,5.0,0.8534302074932972
126.0,5.0,0.8485445477430739
127.0,5.0,0.8436588879928505
128.0,5.0,0.838773228242627
129.0,5.0,0.8338875684924036
130.0,5.0,0.8290019087421802
131.0,5.0,0.8241162489919567
132.0,5.0,0.8192305892417333
133.0,5.0,0.8143449294915099
134.0,5.0,0.8094592697412866
135.0,5.0,0.804573609991063
136.0,5.0,0.7996879502408396
137.0,5.0,0.7948022904906162
138.0,5.0,0.7899166307403928
139.0,5.0,0.7850309709901694
140.0,5.0,0.7801453112399459
141.0,5.0,0.7752596514897225
142.0,5.0,0.770373991739499
143.0,5.0,0.7654883319892757
144.0,5.0,0.7606026722390523
145.0,5.0,0.7557170124888287
146.0,5.0,0.7508313527386054
147.0,5.0,0.745945692988382
148.0,5.0,0.7410600332381585
149.0,5.0,0.7361743734879351
150.0,5.0,0.7312887137377118
151.0,5.0,0.7264030539874883
152.0,5.0,0.7215173942372648
153.0,5.0,0.7166317344870414
154.0,5.0,0.7117460747368181
155.0,5.0,0.7068604149865946
156.0,5.0,0.7019747552363711
157.0,5.0,0.6970890954861477
158.0,5.0,0.6922034357359244
159.0,5.0,0.6873177759857009
160.0,5.0,0.6824321162354775
161.0,5.0,0.6775464564852541
162.0,5.0,0.6726607967350307
163.0,5.0,0.6677751369848072
164.0,5.0,0.6628894772345838
165.0,5.0,0.6580038174843603
166.0,5.0,0.653118157734137
167.0,5.0,0.6482324979839135
168.0,5.0,0.6433468382336901
169.0,5.0,0.6384611784834666
170.0,5.0,0.6335755187332432
171.0,5.0,0.6286898589830199
172.0,5.0,0.6238041992327963
173.0,5.0,0.6189185394825729
174.0,5.0,0.6140328797323495
175.0,5.0,0.6091472199821262
176.0,5.0,0.6042615602319027
177.0,5.0,0.5993759004816792
178.0,5.0,0.5944902407314558
179.0,5.0,0.5896045809812325
180.0,5.0,0.584718921231009
181.0,5.0,0.5798332614807856
182.0,5.0,0.5749476017305621
183.0,5.0,0.5700619419803388
184.0,5.0,0.5651762822301153
185.0,5.0,0.5602906224798919
186.0,5.0,0.5554049627296684
187.0,5.0,0.5505193029794451
188.0,5.0,0.5456336432292216
189.0,5.0,0.5407479834789981
190.0,5.0,0.5358623237287747
191.0,5.0,0.5309766639785514
192.0,5.0,0.5260910042283279
193.0,5.0,0.5212053444781045
194.0,5.0,0.516319684727881
195.0,5.0,0.5114340249776577
196.0,5.0,0.5065483652274343
197.0,5.0,0.5016627054772108
198.0,5.0,0.4967770457269874
199.0,5.0,0.49189138597676396
200.0,5.0,0.4870057262265405
201.0,5.0,0.4821200664763171
202.0,5.0,0.4772344067260937
203.0,5.0,0.47234874697587026
204.0,5.0,0.46746308722564683
205.0,5.0,0.4625774274754234
206.0,5.0,0.4576917677252
207.0,5.0,0.45280610797497656
208.0,5.0,0.44792044822475313
209.0,5.0,0.4430347884745297
210.0,5.0,0.43814912872430634
211.0,5.0,0.43326346897408285
212.0,5.0,0.4283778092238595
213.0,5.0,0.42349214947363606
214.0,5.0,0.4186064897234126
215.0,5.0,0.41372082997318915
216.0,5.0,0.4088351702229657
217.0,5.0,0.4039495104727423
218.0,5.0,0.39906385072251893
219.0,5.0,0.3941781909722955
220.0,5.0,0.3892925312220721
221.0,5.0,0.3844068714718486
222.0,5.0,0.37952121172162523
223.0,5.0,0.3746355519714018
224.0,5.0,0.3697498922211784
225.0,5.0,0.36486423247095495
226.0,5.0,0.3599785727207315
227.0,5.0,0.3550929129705081
228.0,5.0,0.3502072532202847
229.0,5.0,0.34532159347006125
230.0,5.0,0.3404359337198378
231.0,5.0,0.33555027396961445
232.0,5.0,0.330664614219391
233.0,5.0,0.32577895446916755
234.0,5.0,0.3208932947189441
235.0,5.0,0.3160076349687207
236.0,5.0,0.31112197521849727
237.0,5.0,0.3062363154682739
238.0,5.0,0.3013506557180504
239.0,5.0,0.29646499596782705
240.0,5.0,0.29157933621760357
241.0,5.0,0.2866936764673802
242.0,5.0,0.2818080167171567
243.0,5.0,0.27692235696693335
244.0,5.0,0.2720366972167099
245.0,5.0,0.2671510374664865
246.0,5.0,0.262265377716263
247.0,5.0,0.25737971796603965
248.0,5.0,0.2524940582158162
249.0,5.0,0.2476083984655928
250.0,5.0,0.24272273871536934
251.0,5.0,0.23783707896514594
252.0,5.0,0.23295141921492254
253.0,5.0,0.2280657594646991
254.0,5.0,0.22318009971447567
255.0,5.0,0.21829443996425224
256.0,5.0,0.21340878021402881
257.0,5.0,0.2085231204638054
258.0,5.0,0.20363746071358196
259.0,5.0,0.19875180096335854
260.0,5.0,0.19386614121313514
261.0,5.0,0.18898048146291171
262.0,5.0,0.18409482171268826
263.0,5.0,0.1792091619624649
264.0,5.0,0.17432350221224144
265.0,5.0,0.169437842462018
266.0,5.0,0.14637081522109274
267.0,5.0,0.12330378798016747
268.0,5.0,0.1002367607392422
269.0,5.0,0.07716973349831693
270.0,5.0,0.07926163118440052
271.0,5.0,0.08135352887048411
272.0,5.0,0.0834454265565677
273.0,5.0,0.08553732424265129
274.0,5.0,0.09470314530927662
275.0,5.0,0.10386896637590193
276.0,5.0,0.11303478744252726
277.0,5.0,0.12220060850915258
278.0,5.0,0.11008108809176628
279.0,5.0,0.09796156767438
280.0,5.0,0.08584204725699371
281.0,5.0,0.07372252683960742
282.0,5.0,0.06884056036976992
283.0,5.0,0.06395859389993243
284.0,5.0,0.059076627430094925
285.0,5.0,0.05419466096025743
286.0,5.0,0.05419466096025743
287.0,5.0,0.05419466096025743
71.0,6.0,0.8179795653772182
72.0,6.0,0.8483163044810151
73.0,6.0,0.9089897826886091
74.0,6.0,0.8638735880626105
75.0,6.0,0.818757393436612
76.0,6.0,0.8339257629885106
77.0,6.0,0.8490941325404089
78.0,6.0,0.8642625020923074
79.0,6.0,0.8794308716442061
80.0,6.0,0.8945992411961043
81.0,6.0,0.9097676107480028
82.0,6.0,1.0
83.0,6.0,1.0
84.0,6.0,1.0
85.0,6.0,1.0
86.0,6.0,1.0
87.0,6.0,1.0
88.0,6.0,1.0
89.0,6.0,1.0
90.0,6.0,1.0
91.0,6.0,1.0
92.0,6.0,1.0
93.0,6.0,1.0
94.0,6.0,1.0
95.0,6.0,1.0
96.0,6.0,1.0
97.0,6.0,1.0
98.0,6.0,0.9943155067131371
99.0,6.0,0.9886310134262744
100.0,6.0,0.9829465201394115
101.0,6.0,0.9772620268525486
102.0,6.0,0.9715775335656858
103.0,6.0,0.965893040278823
104.0,6.0,0.9602085469919602
105.0,6.0,0.9545240537050973
106.0,6.0,0.9488395604182345
107.0,6.0,0.9431550671313716
108.0,6.0,0.9374705738445088
109.0,6.0,0.9317860805576459
110.0,6.0,0.9261015872707832
111.0,6.0,0.9204170939839202
112.0,6.0,0.9147326006970575
113.0,6.0,0.9090481074101946
114.0,6.0,0.9033636141233319
115.0,6.0,0.897679120836469
116.0,6.0,0.8919946275496061
117.0,6.0,0.8863101342627433
118.0,6.0,0.8806256409758806
119.0,6.0,0.8749411476890177
120.0,6.0,0.8692566544021548
121.0,6.0,0.863572161115292
122.0,6.0,0.8578876678284292
123.0,6.0,0.8522031745415664
124.0,6.0,0.8465186812547034
125.0,6.0,0.8408341879678406
126.0,6.0,0.8351496946809779
127.0,6.0,0.8294652013941151
128.0,6.0,0.8237807081072521
129.0,6.0,0.8180962148203894
130.0,6.0,0.8124117215335265
131.0,6.0,0.8067272282466638
132.0,6.0,0.8010427349598008
133.0,6.0,0.7953582416729379
134.0,6.0,0.7896737483860752
135.0,6.0,0.7839892550992124
136.0,6.0,0.7783047618123495
137.0,6.0,0.7726202685254867
138.0,6.0,0.7669357752386239
139.0,6.0,0.7612512819517611
140.0,6.0,0.7555667886648982
141.0,6.0,0.7498822953780353
142.0,6.0,0.7441978020911725
143.0,6.0,0.7385133088043097
144.0,6.0,0.7328288155174468
145.0,6.0,0.727144322230584
146.0,6.0,0.7214598289437213
147.0,6.0,0.7157753356568584
148.0,6.0,0.7100908423699955
149.0,6.0,0.7044063490831327
150.0,6.0,0.6987218557962698
151.0,6.0,0.693037362509407
152.0,6.0,0.6873528692225442
153.0,6.0,0.6816683759356814
154.0,6.0,0.6759838826488186
155.0,6.0,0.6702993893619558
156.0,6.0,0.6646148960750928
157.0,6.0,0.65893040278823
158.0,6.0,0.6532459095013672
159.0,6.0,0.6475614162145042
160.0,6.0,0.6418769229276414
161.0,6.0,0.6361924296407787
162.0,6.0,0.6305079363539159
163.0,6.0,0.6248234430670531
164.0,6.0,0.6191389497801902
165.0,6.0,0.6134544564933274
166.0,6.0,0.6077699632064645
167.0,6.0,0.6020854699196017
168.0,6.0,0.5964009766327388
169.0,6.0,0.590716483345876
170.0,6.0,0.5850319900590132
171.0,6.0,0.5793474967721505
172.0,6.0,0.5736630034852876
173.0,6.0,0.5679785101984247
174.0,6.0,0.5622940169115619
175.0,6.0,0.556609523624699
176.0,6.0,0.5509250303378361
177.0,6.0,0.5452405370509733
178.0,6.0,0.5395560437641105
179.0,6.0,0.5346703840138872
180.0,6.0,0.5297847242636637
181.0,6.0,0.5248990645134404
182.0,6.0,0.5200134047632169
183.0,6.0,0.5151277450129935
184.0,6.0,0.51024208526277
185.0,6.0,0.5053564255125467
186.0,6.0,0.5004707657623233
187.0,6.0,0.4955851060120998
188.0,6.0,0.4906994462618764
189.0,6.0,0.48581378651165297
190.0,6.0,0.48092812676142954
191.0,6.0,0.4760424670112061
192.0,6.0,0.4711568072609827
193.0,6.0,0.46627114751075927
194.0,6.0,0.4613854877605359
195.0,6.0,0.4564998280103124
196.0,6.0,0.45161416826008904
197.0,6.0,0.4467285085098656
198.0,6.0,0.44184284875964214
199.0,6.0,0.43695718900941877
200.0,6.0,0.4320715292591953
201.0,6.0,0.4271858695089719
202.0,6.0,0.4223002097587485
203.0,6.0,0.417414550008525
204.0,6.0,0.41252889025830164
205.0,6.0,0.40764323050807816
206.0,6.0,0.4027575707578548
207.0,6.0,0.39787191100763136
208.0,6.0,0.39298625125740794
209.0,6.0,0.3881005915071845
210.0,6.0,0.3832149317569611
211.0,6.0,0.37832927200673766
212.0,6.0,0.37344361225651423
213.0,6.0,0.36855795250629086
214.0,6.0,0.3636722927560674
215.0,6.0,0.35878663300584396
216.0,6.0,0.35390097325562053
217.0,6.0,0.3490153135053971
218.0,6.0,0.34412965375517374
219.0,6.0,0.33924399400495026
220.0,6.0,0.33435833425472683
221.0,6.0,0.3294726745045034
222.0,6.0,0.32458701475428
223.0,6.0,0.3197013550040566
224.0,6.0,0.3148156952538332
225.0,6.0,0.30993003550360976
226.0,6.0,0.30504437575338633
227.0,6.0,0.30015871600316285
228.0,6.0,0.2952730562529395
229.0,6.0,0.29038739650271606
230.0,6.0,0.28550173675249263
231.0,6.0,0.2806160770022692
232.0,6.0,0.2757304172520458
233.0,6.0,0.27084475750182235
234.0,6.0,0.2659590977515989
235.0,6.0,0.2610734380013755
236.0,6.0,0.2561877782511521
237.0,6.0,0.25130211850092865
238.0,6.0,0.24641645875070523
239.0,6.0,0.2415307990004818
240.0,6.0,0.2366451392502584
241.0,6.0,0.23175947950003495
242.0,6.0,0.22687381974981152
243.0,6.0,0.2219881599995881
244.0,6.0,0.2171025002493647
245.0,6.0,0.21221684049914125
246.0,6.0,0.20733118074891782
247.0,6.0,0.20244552099869442
248.0,6.0,0.197559861248471
249.0,6.0,0.19267420149824757
250.0,6.0,0.18778854174802412
251.0,6.0,0.18290288199780075
252.0,6.0,0.17801722224757732
253.0,6.0,0.17313156249735387
254.0,6.0,0.16824590274713044
255.0,6.0,0.16336024299690705
256.0,6.0,0.15847458324668362
257.0,6.0,0.1535889234964602
258.0,6.0,0.14870326374623677
259.0,6.0,0.14381760399601334
260.0,6.0,0.13893194424578992
261.0,6.0,0.1340462844955665
262.0,6.0,0.12916062474534307
263.0,6.0,0.12427496499511964
264.0,6.0,0.12770944643870183
265.0,6.0,0.131143927882284
266.0,6.0,0.12819087136657104
267.0,6.0,0.1252378148508581
268.0,6.0,0.10217078760993283
269.0,6.0,0.07910376036900756
270.0,6.0,0.09842184698494966
271.0,6.0,0.10051374467103324
272.0,6.0,0.10260564235711683
273.0,6.0,0.1342378181838475
274.0,6.0,0.10867209116990095
275.0,6.0,0.11783791223652629
276.0,6.0,0.1270037333031516
277.0,6.0,0.12311552395036568
278.0,6.0,0.09958970298698108
279.0,6.0,0.0874701825695948
280.0,6.0,0.07535066215220851
281.0,6.0,0.11300287777177911
282.0,6.0,0.07651054067618532
283.0,6.0,0.07162857420634781
284.0,6.0,0.06674660773651032
285.0,6.0,0.0804180811040013
286.0,6.0,0.09408955447149228
287.0,6.0,0.13398444798272713
71.0,7.0,0.8179795653772182
72.0,7.0,0.8179795653772182
73.0,7.0,0.8786530435848121
74.0,7.0,0.939326521792406
75.0,7.0,1.0
76.0,7.0,0.9548838053740014
77.0,7.0,0.9097676107480029
78.0,7.0,0.8646514161220045
79.0,7.0,0.8195352214960059
80.0,7.0,0.9097676107480029
81.0,7.0,1.0
82.0,7.0,1.0
83.0,7.0,1.0
84.0,7.0,1.0
85.0,7.0,1.0
86.0,7.0,1.0
87.0,7.0,1.0
88.0,7.0,1.0
89.0,7.0,1.0
90.0,7.0,1.0
91.0,7.0,1.0
92.0,7.0,1.0
93.0,7.0,1.0
94.0,7.0,1.0
95.0,7.0,1.0
96.0,7.0,1.0
97.0,7.0,1.0
98.0,7.0,1.0
99.0,7.0,1.0
100.0,7.0,0.9943155067131372
101.0,7.0,0.9886310134262742
102.0,7.0,0.9829465201394114
103.0,7.0,0.9772620268525487
104.0,7.0,0.9715775335656858
105.0,7.0,0.965893040278823
106.0,7.0,0.9602085469919601
107.0,7.0,0.9545240537050973
108.0,7.0,0.9488395604182345
109.0,7.0,0.9431550671313716
110.0,7.0,0.9374705738445088
111.0,7.0,0.931786080557646
112.0,7.0,0.9261015872707832
113.0,7.0,0.9204170939839204
114.0,7.0,0.9147326006970574
115.0,7.0,0.9090481074101947
116.0,7.0,0.9033636141233319
117.0,7.0,0.897679120836469
118.0,7.0,0.8919946275496061
119.0,7.0,0.8863101342627434
120.0,7.0,0.8806256409758805
121.0,7.0,0.8749411476890177
122.0,7.0,0.8692566544021548
123.0,7.0,0.863572161115292
124.0,7.0,0.8578876678284292
125.0,7.0,0.8522031745415664
126.0,7.0,0.8465186812547034
127.0,7.0,0.8408341879678406
128.0,7.0,0.8351496946809779
129.0,7.0,0.8294652013941151
130.0,7.0,0.8237807081072521
131.0,7.0,0.8180962148203894
132.0,7.0,0.8124117215335266
133.0,7.0,0.8067272282466637
134.0,7.0,0.8010427349598008
135.0,7.0,0.795358241672938
136.0,7.0,0.7896737483860752
137.0,7.0,0.7839892550992124
138.0,7.0,0.7783047618123495
139.0,7.0,0.7726202685254867
140.0,7.0,0.7669357752386239
141.0,7.0,0.7612512819517611
142.0,7.0,0.7555667886648981
143.0,7.0,0.7498822953780354
144.0,7.0,0.7441978020911726
145.0,7.0,0.7385133088043097
146.0,7.0,0.7328288155174468
147.0,7.0,0.7271443222305841
148.0,7.0,0.7214598289437213
149.0,7.0,0.7157753356568584
150.0,7.0,0.7100908423699955
151.0,7.0,0.7044063490831327
152.0,7.0,0.6987218557962699
153.0,7.0,0.6930373625094071
154.0,7.0,0.6873528692225442
155.0,7.0,0.6816683759356814
156.0,7.0,0.6759838826488186
157.0,7.0,0.6702993893619558
158.0,7.0,0.6646148960750928
159.0,7.0,0.65893040278823
160.0,7.0,0.6532459095013673
161.0,7.0,0.6475614162145044
162.0,7.0,0.6418769229276415
163.0,7.0,0.6361924296407788
164.0,7.0,0.6305079363539159
165.0,7.0,0.6248234430670531
166.0,7.0,0.6191389497801902
167.0,7.0,0.6134544564933274
168.0,7.0,0.6077699632064646
169.0,7.0,0.6020854699196018
170.0,7.0,0.5964009766327389
171.0,7.0,0.5907164833458761
172.0,7.0,0.5850319900590133
173.0,7.0,0.5793474967721505
174.0,7.0,0.5736630034852875
175.0,7.0,0.5679785101984247
176.0,7.0,0.562294016911562
177.0,7.0,0.5566095236246991
178.0,7.0,0.5509250303378362
179.0,7.0,0.5452405370509735
180.0,7.0,0.5395560437641106
181.0,7.0,0.5338715504772478
182.0,7.0,0.528187057190385
183.0,7.0,0.5225025639035221
184.0,7.0,0.5168180706166592
185.0,7.0,0.5111335773297965
186.0,7.0,0.5054490840429336
187.0,7.0,0.49976459075607077
188.0,7.0,0.494080097469208
189.0,7.0,0.4883956041823451
190.0,7.0,0.4827111108954823
191.0,7.0,0.4770266176086195
192.0,7.0,0.47134212432175665
193.0,7.0,0.46565763103489377
194.0,7.0,0.459973137748031
195.0,7.0,0.4542886444611681
196.0,7.0,0.44860415117430535
197.0,7.0,0.4429196578874425
198.0,7.0,0.43723516460057965
199.0,7.0,0.4315506713137168
200.0,7.0,0.42586617802685395
201.0,7.0,0.4201816847399911
202.0,7.0,0.41449719145312824
203.0,7.0,0.4088126981662655
204.0,7.0,0.4031282048794027
205.0,7.0,0.39744371159253983
206.0,7.0,0.39175921830567695
207.0,7.0,0.3860747250188142
208.0,7.0,0.3803902317319513
209.0,7.0,0.3747057384450885
210.0,7.0,0.3690212451582256
211.0,7.0,0.36333675187136283
212.0,7.0,0.35765225858450006
213.0,7.0,0.3519677652976372
214.0,7.0,0.34628327201077436
215.0,7.0,0.34059877872391153
216.0,7.0,0.33491428543704865
217.0,7.0,0.32922979215018583
218.0,7.0,0.32354529886332295
219.0,7.0,0.3178608055764602
220.0,7.0,0.3121763122895974
221.0,7.0,0.30649181900273453
222.0,7.0,0.30080732571587165
223.0,7.0,0.2951228324290089
224.0,7.0,0.289438339142146
225.0,7.0,0.2837538458552832
226.0,7.0,0.2780693525684203
227.0,7.0,0.27238485928155753
228.0,7.0,0.2667003659946947
229.0,7.0,0.2610158727078319
230.0,7.0,0.255331379420969
231.0,7.0,0.24964688613410624
232.0,7.0,0.24396239284724336
233.0,7.0,0.2382778995603805
234.0,7.0,0.23259340627351766
235.0,7.0,0.2269089129866548
236.0,7.0,0.2212244196997921
237.0,7.0,0.21553992641292924
238.0,7.0,0.20985543312606636
239.0,7.0,0.2041709398392036
240.0,7.0,0.1984864465523407
241.0,7.0,0.19280195326547786
242.0,7.0,0.187117459978615
243.0,7.0,0.18143296669175213
244.0,7.0,0.17574847340488944
245.0,7.0,0.1700639801180266
246.0,7.0,0.1643794868311637
247.0,7.0,0.15869499354430094
248.0,7.0,0.15301050025743806
249.0,7.0,0.1473260069705752
250.0,7.0,0.14164151368371236
251.0,7.0,0.13595702039684948
252.0,7.0,0.1302725271099868
253.0,7.0,0.12458803382312393
254.0,7.0,0.11890354053626108
255.0,7.0,0.11321904724939826
256.0,7.0,0.1075345539625354
257.0,7.0,0.10185006067567255
258.0,7.0,0.09616556738880969
259.0,7.0,0.09048107410194683
260.0,7.0,0.08479658081508414
261.0,7.0,0.07911208752822128
262.0,7.0,0.08254656897180346
263.0,7.0,0.08598105041538563
264.0,7.0,0.0894155318589678
265.0,7.0,0.09285001330254998
266.0,7.0,0.08989695678683703
267.0,7.0,0.08694390027112409
268.0,7.0,0.08399084375541113
269.0,7.0,0.08103778723969818
270.0,7.0,0.10035587385564028
271.0,7.0,0.11967396047158238
272.0,7.0,0.15130613629831305
273.0,7.0,0.18293831212504372
274.0,7.0,0.15737258511109717
275.0,7.0,0.13180685809715062
276.0,7.0,0.1279186487443647
277.0,7.0,0.12403043939157876
278.0,7.0,0.10050461842819418
279.0,7.0,0.0769787974648096
280.0,7.0,0.1146310130843802
281.0,7.0,0.1522832287039508
282.0,7.0,0.11579089160835701
283.0,7.0,0.07929855451276321
284.0,7.0,0.09297002788025419
285.0,7.0,0.10664150124774517
286.0,7.0,0.12031297461523616
287.0,7.0,0.13398444798272713
71.0,8.0,0.8179795653772182
72.0,8.0,0.8179795653772182
73.0,8.0,1.0
74.0,8.0,0.9089897826886091
75.0,8.0,0.969663260896203
76.0,8.0,1.0
77.0,8.0,0.9548838053740014
78.0,8.0,0.9097676107480029
79.0,8.0,0.9097676107480029
80.0,8.0,1.0
81.0,8.0,1.0
82.0,8.0,1.0
83.0,8.0,1.0
84.0,8.0,1.0
85.0,8.0,1.0
86.0,8.0,1.0
87.0,8.0,1.0
88.0,8.0,1.0
89.0,8.0,1.0
90.0,8.0,1.0
91.0,8.0,1.0
92.0,8.0,1.0
93.0,8.0,1.0
94.0,8.0,1.0
95.0,8.0,1.0
96.0,8.0,1.0
97.0,8.0,1.0
98.0,8.0,1.0
99.0,8.0,1.0
100.0,8.0,0.9525077674212161
101.0,8.0,0.9001177686525701
102.0,8.0,0.8944332753657073
103.0,8.0,0.8887487820788444
104.0,8.0,0.8830642887919816
105.0,8.0,0.8773797955051188
106.0,8.0,0.871695302218256
107.0,8.0,0.8660108089313932
108.0,8.0,0.8603263156445303
109.0,8.0,0.8546418223576675
110.0,8.0,0.8489573290708046
111.0,8.0,0.8432728357839417
112.0,8.0,0.8375883424970789
113.0,8.0,0.8319038492102162
114.0,8.0,0.8262193559233533
115.0,8.0,0.8205348626364906
116.0,8.0,0.8148503693496276
117.0,8.0,0.8091658760627648
118.0,8.0,0.803481382775902
119.0,8.0,0.7977968894890392
120.0,8.0,0.7921123962021763
121.0,8.0,0.7864279029153135
122.0,8.0,0.7807434096284507
123.0,8.0,0.7750589163415877
124.0,8.0,0.769374423054725
125.0,8.0,0.7636899297678622
126.0,8.0,0.7580054364809993
127.0,8.0,0.7523209431941364
128.0,8.0,0.7466364499072737
129.0,8.0,0.7409519566204109
130.0,8.0,0.735267463333548
131.0,8.0,0.7295829700466852
132.0,8.0,0.7238984767598224
133.0,8.0,0.7182139834729595
134.0,8.0,0.7125294901860967
135.0,8.0,0.7068449968992339
136.0,8.0,0.7011605036123709
137.0,8.0,0.6954760103255082
138.0,8.0,0.6897915170386454
139.0,8.0,0.6841070237517826
140.0,8.0,0.6784225304649196
141.0,8.0,0.6727380371780569
142.0,8.0,0.667053543891194
143.0,8.0,0.6613690506043313
144.0,8.0,0.6556845573174683
145.0,8.0,0.6500000640306055
146.0,8.0,0.6443155707437427
147.0,8.0,0.6386310774568799
148.0,8.0,0.632946584170017
149.0,8.0,0.6272620908831541
150.0,8.0,0.6215775975962914
151.0,8.0,0.6158931043094286
152.0,8.0,0.6102086110225657
153.0,8.0,0.6045241177357028
154.0,8.0,0.59883962444884
155.0,8.0,0.5931551311619772
156.0,8.0,0.5874706378751144
157.0,8.0,0.5817861445882515
158.0,8.0,0.5761016513013887
159.0,8.0,0.5704171580145259
160.0,8.0,0.5647326647276631
161.0,8.0,0.5590481714408002
162.0,8.0,0.5533636781539374
163.0,8.0,0.5476791848670746
164.0,8.0,0.5419946915802117
165.0,8.0,0.5363101982933489
166.0,8.0,0.5306257050064861
167.0,8.0,0.5249412117196233
168.0,8.0,0.5192567184327603
169.0,8.0,0.5135722251458976
170.0,8.0,0.5078877318590347
171.0,8.0,0.5022032385721719
172.0,8.0,0.49651874528530904
173.0,8.0,0.4908342519984462
174.0,8.0,0.4851497587115834
175.0,8.0,0.47946526542472057
176.0,8.0,0.47378077213785774
177.0,8.0,0.4680962788509949
178.0,8.0,0.46241178556413204
179.0,8.0,0.45672729227726916
180.0,8.0,0.45104279899040645
181.0,8.0,0.44535830570354357
182.0,8.0,0.4396738124166808
183.0,8.0,0.433989319129818
184.0,8.0,0.42830482584295504
185.0,8.0,0.4226203325560923
186.0,8.0,0.4169358392692294
187.0,8.0,0.41125134598236657
188.0,8.0,0.40556685269550374
189.0,8.0,0.3998823594086409
190.0,8.0,0.3941978661217781
191.0,8.0,0.38851337283491527
192.0,8.0,0.38282887954805245
193.0,8.0,0.3771443862611896
194.0,8.0,0.3714598929743268
195.0,8.0,0.3657753996874639
196.0,8.0,0.36009090640060115
197.0,8.0,0.3544064131137382
198.0,8.0,0.34872191982687545
199.0,8.0,0.3430374265400127
200.0,8.0,0.33735293325314974
201.0,8.0,0.3316684399662869
202.0,8.0,0.3259839466794241
203.0,8.0,0.3202994533925613
204.0,8.0,0.31461496010569845
205.0,8.0,0.3089304668188356
206.0,8.0,0.30324597353197275
207.0,8.0,0.29756148024511
208.0,8.0,0.29187698695824715
209.0,8.0,0.2861924936713843
210.0,8.0,0.2805080003845214
211.0,8.0,0.2748235070976586
212.0,8.0,0.2691390138107958
213.0,8.0,0.2634545205239329
214.0,8.0,0.2577700272370701
215.0,8.0,0.25208553395020733
216.0,8.0,0.24640104066334448
217.0,8.0,0.24071654737648163
218.0,8.0,0.23503205408961877
219.0,8.0,0.22934756080275598
220.0,8.0,0.22366306751589315
221.0,8.0,0.2179785742290303
222.0,8.0,0.21229408094216745
223.0,8.0,0.20940406456769992
224.0,8.0,0.20651404819323238
225.0,8.0,0.20362403181876482
226.0,8.0,0.2007340154442972
227.0,8.0,0.19784399906982966
228.0,8.0,0.19495398269536207
229.0,8.0,0.1920639663208945
230.0,8.0,0.18917394994642697
231.0,8.0,0.18628393357195938
232.0,8.0,0.18339391719749187
233.0,8.0,0.18050390082302425
234.0,8.0,0.1776138844485567
235.0,8.0,0.17472386807408916
236.0,8.0,0.17183385169962156
237.0,8.0,0.16894383532515406
238.0,8.0,0.16605381895068644
239.0,8.0,0.16316380257621887
240.0,8.0,0.16027378620175134
241.0,8.0,0.15738376982728375
242.0,8.0,0.15449375345281618
243.0,8.0,0.15160373707834862
244.0,8.0,0.14871372070388106
245.0,8.0,0.14582370432941352
246.0,8.0,0.14293368795494593
247.0,8.0,0.14004367158047834
248.0,8.0,0.1371536552060108
249.0,8.0,0.13426363883154324
250.0,8.0,0.1313736224570757
251.0,8.0,0.12848360608260811
252.0,8.0,0.12559358970814052
253.0,8.0,0.12270357333367299
254.0,8.0,0.11981355695920541
255.0,8.0,0.11692354058473788
256.0,8.0,0.11403352421027026
257.0,8.0,0.11114350783580271
258.0,8.0,0.10825349146133517
259.0,8.0,0.10536347508686755
260.0,8.0,0.1159107026708816
261.0,8.0,0.11860496800156198
262.0,8.0,0.12129923333224238
263.0,8.0,0.12473371477582455
264.0,8.0,0.12816819621940673
265.0,8.0,0.28329579754204415
266.0,8.0,0.09456798768615696
267.0,8.0,0.09161493117044402
268.0,8.0,0.08866187465473106
269.0,8.0,0.1238491971010365
270.0,8.0,0.15903651954734194
271.0,8.0,0.17835460616328402
272.0,8.0,0.2099867819900147
273.0,8.0,0.18822900110919183
274.0,8.0,0.16647122022836897
275.0,8.0,0.14090549321442242
276.0,8.0,0.13701728386163647
277.0,8.0,0.13361343225825287
278.0,8.0,0.13020958065486926
279.0,8.0,0.10668375969148468
280.0,8.0,0.1443359753110553
281.0,8.0,0.14028674450867418
282.0,8.0,0.12821635507251472
283.0,8.0,0.09172401797692094
284.0,8.0,0.10539549134441192
285.0,8.0,0.1190669647119029
286.0,8.0,0.13206668680267275
287.0,8.0,0.13398444798272713
71.0,9.0,0.8179795653772182
72.0,9.0,1.0
73.0,9.0,1.0
74.0,9.0,1.0
75.0,9.0,0.939326521792406
76.0,9.0,1.0
77.0,9.0,1.0
78.0,9.0,1.0
79.0,9.0,1.0
80.0,9.0,1.0
81.0,9.0,1.0
82.0,9.0,1.0
83.0,9.0,1.0
84.0,9.0,1.0
85.0,9.0,1.0
86.0,9.0,1.0
87.0,9.0,1.0
88.0,9.0,1.0
89.0,9.0,1.0
90.0,9.0,1.0
91.0,9.0,1.0
92.0,9.0,1.0
93.0,9.0,1.0
94.0,9.0,1.0
95.0,9.0,1.0
96.0,9.0,1.0
97.0,9.0,1.0
98.0,9.0,1.0
99.0,9.0,1.0
100.0,9.0,0.9525077674212161
101.0,9.0,0.9050155348424324
102.0,9.0,0.8059200305920031
103.0,9.0,0.8002355373051402
104.0,9.0,0.7945510440182774
105.0,9.0,0.7888665507314145
106.0,9.0,0.7831820574445517
107.0,9.0,0.7774975641576889
108.0,9.0,0.771813070870826
109.0,9.0,0.7661285775839632
110.0,9.0,0.7604440842971004
111.0,9.0,0.7547595910102376
112.0,9.0,0.7490750977233747
113.0,9.0,0.743390604436512
114.0,9.0,0.737706111149649
115.0,9.0,0.7320216178627863
116.0,9.0,0.7263371245759234
117.0,9.0,0.7206526312890605
118.0,9.0,0.7149681380021977
119.0,9.0,0.7092836447153349
120.0,9.0,0.7035991514284721
121.0,9.0,0.6979146581416094
122.0,9.0,0.6922301648547464
123.0,9.0,0.6865456715678836
124.0,9.0,0.6808611782810208
125.0,9.0,0.6751766849941578
126.0,9.0,0.6694921917072951
127.0,9.0,0.6638076984204322
128.0,9.0,0.6581232051335695
129.0,9.0,0.6524387118467065
130.0,9.0,0.6467542185598438
131.0,9.0,0.6410697252729809
132.0,9.0,0.6353852319861181
133.0,9.0,0.6297007386992552
134.0,9.0,0.6240162454123925
135.0,9.0,0.6183317521255296
136.0,9.0,0.6126472588386668
137.0,9.0,0.606962765551804
138.0,9.0,0.6012782722649411
139.0,9.0,0.5955937789780783
140.0,9.0,0.5899092856912154
141.0,9.0,0.5842247924043525
142.0,9.0,0.5785402991174898
143.0,9.0,0.572855805830627
144.0,9.0,0.5671713125437641
145.0,9.0,0.5614868192569014
146.0,9.0,0.5558023259700384
147.0,9.0,0.5501178326831756
148.0,9.0,0.5444333393963128
149.0,9.0,0.53874884610945
150.0,9.0,0.5330643528225871
151.0,9.0,0.5273798595357243
152.0,9.0,0.5216953662488615
153.0,9.0,0.5160108729619987
154.0,9.0,0.5103263796751358
155.0,9.0,0.504641886388273
156.0,9.0,0.49895739310141013
157.0,9.0,0.49327289981454725
158.0,9.0,0.4875884065276844
159.0,9.0,0.48190391324082166
160.0,9.0,0.4762194199539589
161.0,9.0,0.470534926667096
162.0,9.0,0.4648504333802332
163.0,9.0,0.4591659400933703
164.0,9.0,0.4534814468065075
165.0,9.0,0.44779695351964466
166.0,9.0,0.44211246023278183
167.0,9.0,0.436427966945919
168.0,9.0,0.4307434736590562
169.0,9.0,0.42505898037219336
170.0,9.0,0.4193744870853305
171.0,9.0,0.4136899937984677
172.0,9.0,0.40800550051160484
173.0,9.0,0.40232100722474196
174.0,9.0,0.39663651393787913
175.0,9.0,0.39095202065101636
176.0,9.0,0.3852675273641536
177.0,9.0,0.3795830340772907
178.0,9.0,0.37389854079042784
179.0,9.0,0.368214047503565
180.0,9.0,0.3625295542167022
181.0,9.0,0.3568450609298393
182.0,9.0,0.3511605676429765
183.0,9.0,0.3454760743561137
184.0,9.0,0.3425860579816461
185.0,9.0,0.3396960416071786
186.0,9.0,0.33680602523271097
187.0,9.0,0.33391600885824346
188.0,9.0,0.3310259924837759
189.0,9.0,0.32813597610930834
190.0,9.0,0.3252459597348408
191.0,9.0,0.32235594336037315
192.0,9.0,0.3194659269859056
193.0,9.0,0.316575910611438
194.0,9.0,0.3136858942369705
195.0,9.0,0.3107958778625029
196.0,9.0,0.3079058614880354
197.0,9.0,0.3050158451135678
198.0,9.0,0.30212582873910027
199.0,9.0,0.29923581236463265
200.0,9.0,0.2963457959901651
201.0,9.0,0.2934557796156976
202.0,9.0,0.29056576324122996
203.0,9.0,0.28767574686676245
204.0,9.0,0.28478573049229483
205.0,9.0,0.28189571411782727
206.0,9.0,0.2790056977433597
207.0,9.0,0.27611568136889214
208.0,9.0,0.2732256649944246
209.0,9.0,0.27033564861995707
210.0,9.0,0.26744563224548945
211.0,9.0,0.26455561587102194
212.0,9.0,0.2616655994965543
213.0,9.0,0.25877558312208676
214.0,9.0,0.2558855667476192
215.0,9.0,0.25299555037315163
216.0,9.0,0.25010553399868407
217.0,9.0,0.2472155176242165
218.0,9.0,0.24432550124974894
219.0,9.0,0.2414354848752814
220.0,9.0,0.2385454685008138
221.0,9.0,0.23565545212634623
222.0,9.0,0.2327654357518787
223.0,9.0,0.2298754193774111
224.0,9.0,0.22698540300294356
225.0,9.0,0.224095386628476
226.0,9.0,0.22120537025400844
227.0,9.0,0.21831535387954087
228.0,9.0,0.2154253375050733
229.0,9.0,0.2125353211306057
230.0,9.0,0.20964530475613818
231.0,9.0,0.2067552883816706
232.0,9.0,0.20386527200720306
233.0,9.0,0.20097525563273547
234.0,9.0,0.19808523925826788
235.0,9.0,0.19519522288380037
236.0,9.0,0.19230520650933275
237.0,9.0,0.18941519013486524
238.0,9.0,0.18652517376039768
239.0,9.0,0.18363515738593006
240.0,9.0,0.18074514101146252
241.0,9.0,0.17785512463699496
242.0,9.0,0.17496510826252737
243.0,9.0,0.17207509188805983
244.0,9.0,0.16918507551359224
245.0,9.0,0.16629505913912473
246.0,9.0,0.16340504276465712
247.0,9.0,0.16051502639018955
248.0,9.0,0.15762501001572202
249.0,9.0,0.15473499364125443
250.0,9.0,0.1518449772667869
251.0,9.0,0.14895496089231933
252.0,9.0,0.1460649445178517
253.0,9.0,0.1431749281433842
254.0,9.0,0.1402849117689166
255.0,9.0,0.13739489539444907
256.0,9.0,0.13450487901998145
257.0,9.0,0.13161486264551392
258.0,9.0,0.12872484627104638
259.0,9.0,0.15270931781354194
260.0,9.0,0.1554035831442223
261.0,9.0,0.1580978484749027
262.0,9.0,0.1607921138055831
263.0,9.0,0.16348637913626346
264.0,9.0,0.31861398045890094
265.0,9.0,0.47374158178153836
266.0,9.0,0.28501377192565114
267.0,9.0,0.09628596206976395
268.0,9.0,0.13147328451606938
269.0,9.0,0.16666060696237484
270.0,9.0,0.20184792940868027
271.0,9.0,0.2370352518549857
272.0,9.0,0.21527747097416283
273.0,9.0,0.19351969009333997
274.0,9.0,0.1717619092125171
275.0,9.0,0.15000412833169421
276.0,9.0,0.1466002767283106
277.0,9.0,0.14319642512492697
278.0,9.0,0.13979257352154337
279.0,9.0,0.13638872191815976
280.0,9.0,0.1323394911157787
281.0,9.0,0.12829026031339757
282.0,9.0,0.11621987087723813
283.0,9.0,0.10414948144107866
284.0,9.0,0.11714920353184853
285.0,9.0,0.1301489256226184
286.0,9.0,0.13398444798272713
287.0,9.0,0.13398444798272713
71.0,10.0,0.8179795653772182
72.0,10.0,1.0
73.0,10.0,1.0
74.0,10.0,1.0
75.0,10.0,1.0
76.0,10.0,0.969663260896203
77.0,10.0,1.0
78.0,10.0,1.0
79.0,10.0,1.0
80.0,10.0,1.0
81.0,10.0,1.0
82.0,10.0,1.0
83.0,10.0,0.9327964825341301
84.0,10.0,0.9327964825341301
85.0,10.0,1.0
86.0,10.0,1.0
87.0,10.0,1.0
88.0,10.0,1.0
89.0,10.0,1.0
90.0,10.0,1.0
91.0,10.0,1.0
92.0,10.0,1.0
93.0,10.0,1.0
94.0,10.0,1.0
95.0,10.0,1.0
96.0,10.0,1.0
97.0,10.0,1.0
98.0,10.0,1.0
99.0,10.0,1.0
100.0,10.0,0.9525077674212161
101.0,10.0,0.9525077674212161
102.0,10.0,0.8554677827172177
103.0,10.0,0.7584277980132192
104.0,10.0,0.7060377992445731
105.0,10.0,0.7003533059577103
106.0,10.0,0.6946688126708476
107.0,10.0,0.6889843193839846
108.0,10.0,0.6832998260971218
109.0,10.0,0.677615332810259
110.0,10.0,0.6719308395233962
111.0,10.0,0.6662463462365333
112.0,10.0,0.6605618529496705
113.0,10.0,0.6548773596628077
114.0,10.0,0.6491928663759449
115.0,10.0,0.643508373089082
116.0,10.0,0.6378238798022191
117.0,10.0,0.6321393865153564
118.0,10.0,0.6264548932284935
119.0,10.0,0.6207703999416306
120.0,10.0,0.6150859066547678
121.0,10.0,0.609401413367905
122.0,10.0,0.6037169200810422
123.0,10.0,0.5980324267941793
124.0,10.0,0.5923479335073165
125.0,10.0,0.5866634402204537
126.0,10.0,0.5809789469335909
127.0,10.0,0.575294453646728
128.0,10.0,0.5696099603598652
129.0,10.0,0.5639254670730024
130.0,10.0,0.5582409737861396
131.0,10.0,0.5525564804992767
132.0,10.0,0.5468719872124139
133.0,10.0,0.541187493925551
134.0,10.0,0.5355030006386882
135.0,10.0,0.5298185073518253
136.0,10.0,0.5241340140649625
137.0,10.0,0.5184495207780997
138.0,10.0,0.5127650274912369
139.0,10.0,0.507080534204374
140.0,10.0,0.5013960409175112
141.0,10.0,0.4957115476306484
142.0,10.0,0.4900270543437856
143.0,10.0,0.48434256105692275
144.0,10.0,0.47865806777005987
145.0,10.0,0.4757680513955924
146.0,10.0,0.47287803502112474
147.0,10.0,0.46998801864665724
148.0,10.0,0.46709800227218967
149.0,10.0,0.4642079858977221
150.0,10.0,0.46131796952325455
151.0,10.0,0.45842795314878704
152.0,10.0,0.4555379367743194
153.0,10.0,0.4526479203998518
154.0,10.0,0.4497579040253843
155.0,10.0,0.4468678876509167
156.0,10.0,0.4439778712764491
157.0,10.0,0.44108785490198155
158.0,10.0,0.43819783852751404
159.0,10.0,0.4353078221530464
160.0,10.0,0.43241780577857886
161.0,10.0,0.42952778940411135
162.0,10.0,0.42663777302964373
163.0,10.0,0.42374775665517617
164.0,10.0,0.42085774028070866
165.0,10.0,0.4179677239062411
166.0,10.0,0.4150777075317735
167.0,10.0,0.41218769115730597
168.0,10.0,0.40929767478283835
169.0,10.0,0.40640765840837073
170.0,10.0,0.4035176420339033
171.0,10.0,0.40062762565943577
172.0,10.0,0.3977376092849681
173.0,10.0,0.39484759291050053
174.0,10.0,0.391957576536033
175.0,10.0,0.3890675601615654
176.0,10.0,0.3861775437870978
177.0,10.0,0.3832875274126303
178.0,10.0,0.3803975110381627
179.0,10.0,0.37750749466369515
180.0,10.0,0.3746174782892276
181.0,10.0,0.37172746191476
182.0,10.0,0.3688374455402924
183.0,10.0,0.3659474291658249
184.0,10.0,0.36305741279135734
185.0,10.0,0.36016739641688983
186.0,10.0,0.3572773800424222
187.0,10.0,0.3543873636679546
188.0,10.0,0.3514973472934871
189.0,10.0,0.3486073309190195
190.0,10.0,0.345717314544552
191.0,10.0,0.3428272981700844
192.0,10.0,0.3399372817956168
193.0,10.0,0.33704726542114927
194.0,10.0,0.33415724904668165
195.0,10.0,0.33126723267221414
196.0,10.0,0.3283772162977466
197.0,10.0,0.32548719992327896
198.0,10.0,0.32259718354881145
199.0,10.0,0.3197071671743439
200.0,10.0,0.31681715079987627
201.0,10.0,0.31392713442540876
202.0,10.0,0.31103711805094114
203.0,10.0,0.30814710167647363
204.0,10.0,0.30525708530200607
205.0,10.0,0.30236706892753845
206.0,10.0,0.29947705255307094
207.0,10.0,0.2965870361786033
208.0,10.0,0.29369701980413576
209.0,10.0,0.29080700342966825
210.0,10.0,0.28791698705520063
211.0,10.0,0.2850269706807331
212.0,10.0,0.2821369543062655
213.0,10.0,0.27924693793179794
214.0,10.0,0.27635692155733044
215.0,10.0,0.2734669051828628
216.0,10.0,0.27057688880839526
217.0,10.0,0.2676868724339277
218.0,10.0,0.26479685605946013
219.0,10.0,0.2619068396849926
220.0,10.0,0.259016823310525
221.0,10.0,0.2561268069360574
222.0,10.0,0.2532367905615899
223.0,10.0,0.2503467741871223
224.0,10.0,0.24745675781265475
225.0,10.0,0.24456674143818719
226.0,10.0,0.24167672506371962
227.0,10.0,0.23878670868925206
228.0,10.0,0.2358966923147845
229.0,10.0,0.2330066759403169
230.0,10.0,0.23011665956584937
231.0,10.0,0.2272266431913818
232.0,10.0,0.22433662681691424
233.0,10.0,0.22144661044244665
234.0,10.0,0.2185565940679791
235.0,10.0,0.21566657769351155
236.0,10.0,0.21277656131904393
237.0,10.0,0.20988654494457643
238.0,10.0,0.20699652857010886
239.0,10.0,0.20410651219564124
240.0,10.0,0.20121649582117374
241.0,10.0,0.19832647944670614
242.0,10.0,0.19543646307223855
243.0,10.0,0.19254644669777102
244.0,10.0,0.18965643032330345
245.0,10.0,0.18676641394883592
246.0,10.0,0.1838763975743683
247.0,10.0,0.18098638119990074
248.0,10.0,0.17809636482543323
249.0,10.0,0.1752063484509656
250.0,10.0,0.17231633207649807
251.0,10.0,0.1694263157020305
252.0,10.0,0.16653629932756295
253.0,10.0,0.1636462829530954
254.0,10.0,0.16075626657862782
255.0,10.0,0.15786625020416029
256.0,10.0,0.15497623382969264
257.0,10.0,0.16552346141370672
258.0,10.0,0.17003170514244229
259.0,10.0,0.17453994887117785
260.0,10.0,0.17723421420185825
261.0,10.0,0.17992847953253863
262.0,10.0,0.15818736763371144
263.0,10.0,0.13644625573488425
264.0,10.0,0.5090597646983951
265.0,10.0,0.6641873660210326
266.0,10.0,0.47545955616514535
267.0,10.0,0.1428210093986484
268.0,10.0,0.21383806083594148
269.0,10.0,0.24902538328224694
270.0,10.0,0.2842127057285524
271.0,10.0,0.21260459886347832
272.0,10.0,0.300267093391246
273.0,10.0,0.27850931251042316
274.0,10.0,0.2567515316296003
275.0,10.0,0.2473639078262383
276.0,10.0,0.18501271695450244
277.0,10.0,0.1816088653511188
278.0,10.0,0.17820501374773523
279.0,10.0,0.17971582542196513
280.0,10.0,0.12034300692050207
281.0,10.0,0.11629377611812097
282.0,10.0,0.10422338668196152
283.0,10.0,0.11523144235179417
284.0,10.0,0.12823116444256402
285.0,10.0,0.10414948144107866
286.0,10.0,0.10414948144107866
287.0,10.0,0.13398444798272713
71.0,11.0,1.0
72.0,11.0,1.0
73.0,11.0,1.0
74.0,11.0,1.0
75.0,11.0,1.0
76.0,11.0,1.0
77.0,11.0,1.0
78.0,11.0,1.0
79.0,11.0,1.0
80.0,11.0,1.0
81.0,11.0,1.0
82.0,11.0,0.9327964825341301
83.0,11.0,0.8655929650682601
84.0,11.0,0.9327964825341301
85.0,11.0,1.0
86.0,11.0,1.0
87.0,11.0,1.0
88.0,11.0,1.0
89.0,11.0,1.0
90.0,11.0,1.0
91.0,11.0,1.0
92.0,11.0,1.0
93.0,11.0,1.0
94.0,11.0,1.0
95.0,11.0,1.0
96.0,11.0,1.0
97.0,11.0,1.0
98.0,11.0,1.0
99.0,11.0,1.0
100.0,11.0,1.0
101.0,11.0,1.0
102.0,11.0,0.9029600152960016
103.0,11.0,0.8059200305920031
104.0,11.0,0.7088800458880046
105.0,11.0,0.6118400611840061
106.0,11.0,0.6089500448095386
107.0,11.0,0.606060028435071
108.0,11.0,0.6031700120606035
109.0,11.0,0.6002799956861359
110.0,11.0,0.5973899793116684
111.0,11.0,0.5944999629372006
112.0,11.0,0.5916099465627332
113.0,11.0,0.5887199301882656
114.0,11.0,0.585829913813798
115.0,11.0,0.5829398974393305
116.0,11.0,0.5800498810648629
117.0,11.0,0.5771598646903954
118.0,11.0,0.5742698483159279
119.0,11.0,0.5713798319414602
120.0,11.0,0.5684898155669927
121.0,11.0,0.565599799192525
122.0,11.0,0.5627097828180576
123.0,11.0,0.5598197664435899
124.0,11.0,0.5569297500691224
125.0,11.0,0.5540397336946549
126.0,11.0,0.5511497173201872
127.0,11.0,0.5482597009457197
128.0,11.0,0.5453696845712521
129.0,11.0,0.5424796681967846
130.0,11.0,0.5395896518223169
131.0,11.0,0.5366996354478495
132.0,11.0,0.5338096190733819
133.0,11.0,0.5309196026989144
134.0,11.0,0.5280295863244467
135.0,11.0,0.5251395699499792
136.0,11.0,0.5222495535755116
137.0,11.0,0.519359537201044
138.0,11.0,0.5164695208265766
139.0,11.0,0.513579504452109
140.0,11.0,0.5106894880776414
141.0,11.0,0.5077994717031739
142.0,11.0,0.5049094553287062
143.0,11.0,0.5020194389542386
144.0,11.0,0.4991294225797711
145.0,11.0,0.4962394062053036
146.0,11.0,0.4933493898308359
147.0,11.0,0.49045937345636836
148.0,11.0,0.4875693570819009
149.0,11.0,0.4846793407074333
150.0,11.0,0.48178932433296573
151.0,11.0,0.47889930795849817
152.0,11.0,0.4760092915840306
153.0,11.0,0.473119275209563
154.0,11.0,0.4702292588350955
155.0,11.0,0.4673392424606279
156.0,11.0,0.4644492260861603
157.0,11.0,0.4615592097116928
158.0,11.0,0.4586691933372252
159.0,11.0,0.4557791769627576
160.0,11.0,0.4528891605882901
161.0,11.0,0.4499991442138226
162.0,11.0,0.44710912783935497
163.0,11.0,0.44421911146488735
164.0,11.0,0.44132909509041984
165.0,11.0,0.4384390787159522
166.0,11.0,0.4355490623414847
167.0,11.0,0.43265904596701715
168.0,11.0,0.4297690295925496
169.0,11.0,0.42687901321808197
170.0,11.0,0.42398899684361446
171.0,11.0,0.4210989804691469
172.0,11.0,0.4182089640946792
173.0,11.0,0.4153189477202117
174.0,11.0,0.4124289313457442
175.0,11.0,0.40953891497127665
176.0,11.0,0.406648898596809
177.0,11.0,0.4037588822223415
178.0,11.0,0.4008688658478739
179.0,11.0,0.39797884947340634
180.0,11.0,0.39508883309893883
181.0,11.0,0.3921988167244712
182.0,11.0,0.38930880035000365
183.0,11.0,0.3864187839755361
184.0,11.0,0.3835287676010685
185.0,11.0,0.38063875122660096
186.0,11.0,0.37774873485213345
187.0,11.0,0.37485871847766583
188.0,11.0,0.37196870210319827
189.0,11.0,0.3690786857287307
190.0,11.0,0.36618866935426314
191.0,11.0,0.3632986529797956
192.0,11.0,0.36040863660532796
193.0,11.0,0.35751862023086045
194.0,11.0,0.3546286038563929
195.0,11.0,0.3517385874819253
196.0,11.0,0.34884857110745776
197.0,11.0,0.3459585547329902
198.0,11.0,0.34306853835852263
199.0,11.0,0.34017852198405507
200.0,11.0,0.33728850560958745
201.0,11.0,0.33439848923511994
202.0,11.0,0.3315084728606523
203.0,11.0,0.3286184564861848
204.0,11.0,0.32572844011171725
205.0,11.0,0.3228384237372497
206.0,11.0,0.31994840736278213
207.0,11.0,0.31705839098831456
208.0,11.0,0.31416837461384695
209.0,11.0,0.31127835823937944
210.0,11.0,0.3083883418649118
211.0,11.0,0.3054983254904443
212.0,11.0,0.3026083091159767
213.0,11.0,0.2997182927415092
214.0,11.0,0.2968282763670416
215.0,11.0,0.29393825999257406
216.0,11.0,0.29104824361810644
217.0,11.0,0.28815822724363893
218.0,11.0,0.2852682108691713
219.0,11.0,0.2823781944947038
220.0,11.0,0.2794881781202362
221.0,11.0,0.2765981617457686
222.0,11.0,0.27370814537130106
223.0,11.0,0.27081812899683355
224.0,11.0,0.267928112622366
225.0,11.0,0.26503809624789837
226.0,11.0,0.2621480798734308
227.0,11.0,0.2592580634989633
228.0,11.0,0.2563680471244957
229.0,11.0,0.2534780307500281
230.0,11.0,0.25058801437556055
231.0,11.0,0.247697998001093
232.0,11.0,0.24480798162662543
233.0,11.0,0.24191796525215786
234.0,11.0,0.23902794887769027
235.0,11.0,0.23613793250322274
236.0,11.0,0.23324791612875517
237.0,11.0,0.23035789975428764
238.0,11.0,0.22746788337982005
239.0,11.0,0.22457786700535248
240.0,11.0,0.22168785063088495
241.0,11.0,0.21879783425641736
242.0,11.0,0.21590781788194977
243.0,11.0,0.21301780150748223
244.0,11.0,0.21012778513301464
245.0,11.0,0.2072377687585471
246.0,11.0,0.20434775238407954
247.0,11.0,0.20145773600961192
248.0,11.0,0.1985677196351444
249.0,11.0,0.19567770326067682
250.0,11.0,0.19278768688620931
251.0,11.0,0.1898976705117417
252.0,11.0,0.18700765413727413
253.0,11.0,0.1841176377628066
254.0,11.0,0.181227621388339
255.0,11.0,0.17833760501387147
256.0,11.0,0.18284584874260706
257.0,11.0,0.18735409247134263
258.0,11.0,0.1918623362000782
259.0,11.0,0.1963705799288138
260.0,11.0,0.1746294680299866
261.0,11.0,0.15288835613115942
262.0,11.0,0.1311472442323322
263.0,11.0,0.10940613233350503
264.0,11.0,0.4820196412970159
265.0,11.0,0.8546331502605268
266.0,11.0,0.5219946034940298
267.0,11.0,0.18935605672753286
268.0,11.0,0.26037310816482595
269.0,11.0,0.33139015960211904
270.0,11.0,0.25978205273704497
271.0,11.0,0.18817394587197092
272.0,11.0,0.27583644039973865
273.0,11.0,0.36349893492750635
274.0,11.0,0.35411131112414435
275.0,11.0,0.34472368732078235
276.0,11.0,0.2823724964490465
277.0,11.0,0.22002130557731067
278.0,11.0,0.2215321172515406
279.0,11.0,0.22304292892577052
280.0,11.0,0.16367011042430746
281.0,11.0,0.10429729192284437
282.0,11.0,0.11331368117173979
283.0,11.0,0.12631340326250967
284.0,11.0,0.10414948144107866
285.0,11.0,0.10414948144107866
286.0,11.0,0.10414948144107866
287.0,11.0,0.13398444798272713
71.0,12.0,1.0
72.0,12.0,1.0
73.0,12.0,1.0
74.0,12.0,1.0
75.0,12.0,1.0
76.0,12.0,1.0
77.0,12.0,1.0
78.0,12.0,1.0
79.0,12.0,1.0
80.0,12.0,1.0
81.0,12.0,1.0
82.0,12.0,0.9327964825341301
83.0,12.0,0.9327964825341301
84.0,12.0,0.9327964825341301
85.0,12.0,1.0
86.0,12.0,1.0
87.0,12.0,0.971816218724346
88.0,12.0,0.9436324374486919
89.0,12.0,0.9436324374486919
90.0,12.0,1.0
91.0,12.0,1.0
92.0,12.0,1.0
93.0,12.0,1.0
94.0,12.0,1.0
95.0,12.0,1.0
96.0,12.0,1.0
97.0,12.0,1.0
98.0,12.0,1.0
99.0,12.0,1.0
100.0,12.0,1.0
101.0,12.0,1.0
102.0,12.0,1.0
103.0,12.0,0.9029600152960016
104.0,12.0,0.8059200305920031
105.0,12.0,0.8059200305920031
106.0,12.0,0.6679599097243615
107.0,12.0,0.6017392612272048
108.0,12.0,0.5988492448527373
109.0,12.0,0.5959592284782697
110.0,12.0,0.5930692121038021
111.0,12.0,0.5901791957293346
112.0,12.0,0.587289179354867
113.0,12.0,0.5843991629803995
114.0,12.0,0.5815091466059319
115.0,12.0,0.5786191302314644
116.0,12.0,0.5757291138569968
117.0,12.0,0.5728390974825293
118.0,12.0,0.5699490811080616
119.0,12.0,0.567059064733594
120.0,12.0,0.5641690483591265
121.0,12.0,0.5612790319846589
122.0,12.0,0.5583890156101914
123.0,12.0,0.5554989992357238
124.0,12.0,0.5526089828612563
125.0,12.0,0.5497189664867888
126.0,12.0,0.5468289501123211
127.0,12.0,0.5439389337378535
128.0,12.0,0.541048917363386
129.0,12.0,0.5381589009889184
130.0,12.0,0.5352688846144509
131.0,12.0,0.5323788682399833
132.0,12.0,0.5294888518655158
133.0,12.0,0.5265988354910481
134.0,12.0,0.5237088191165805
135.0,12.0,0.520818802742113
136.0,12.0,0.5179287863676454
137.0,12.0,0.5150387699931779
138.0,12.0,0.5121487536187104
139.0,12.0,0.5092587372442428
140.0,12.0,0.5063687208697752
141.0,12.0,0.5034787044953076
142.0,12.0,0.5005886881208401
143.0,12.0,0.4976986717463725
144.0,12.0,0.49480865537190494
145.0,12.0,0.4919186389974374
146.0,12.0,0.48902862262296987
147.0,12.0,0.48613860624850225
148.0,12.0,0.48324858987403474
149.0,12.0,0.4803585734995672
150.0,12.0,0.4774685571250995
151.0,12.0,0.474578540750632
152.0,12.0,0.4716885243761645
153.0,12.0,0.46879850800169687
154.0,12.0,0.46590849162722925
155.0,12.0,0.4630184752527618
156.0,12.0,0.4601284588782942
157.0,12.0,0.4572384425038266
158.0,12.0,0.45434842612935905
159.0,12.0,0.4514584097548915
160.0,12.0,0.4485683933804239
161.0,12.0,0.44567837700595636
162.0,12.0,0.44278836063148885
163.0,12.0,0.4398983442570212
164.0,12.0,0.43700832788255367
165.0,12.0,0.4341183115080861
166.0,12.0,0.4312282951336186
167.0,12.0,0.428338278759151
168.0,12.0,0.4254482623846835
169.0,12.0,0.42255824601021585
170.0,12.0,0.41966822963574824
171.0,12.0,0.41677821326128073
172.0,12.0,0.4138881968868131
173.0,12.0,0.4109981805123456
174.0,12.0,0.40810816413787804
175.0,12.0,0.40521814776341053
176.0,12.0,0.40232813138894286
177.0,12.0,0.3994381150144753
178.0,12.0,0.39654809864000784
179.0,12.0,0.3936580822655402
180.0,12.0,0.3907680658910726
181.0,12.0,0.3878780495166051
182.0,12.0,0.3849880331421374
183.0,12.0,0.3820980167676699
184.0,12.0,0.37920800039320235
185.0,12.0,0.37631798401873484
186.0,12.0,0.3734279676442672
187.0,12.0,0.3705379512697996
188.0,12.0,0.3676479348953321
189.0,12.0,0.3647579185208645
190.0,12.0,0.36186790214639697
191.0,12.0,0.3589778857719294
192.0,12.0,0.35608786939746184
193.0,12.0,0.35319785302299433
194.0,12.0,0.3503078366485267
195.0,12.0,0.3474178202740591
196.0,12.0,0.3445278038995916
197.0,12.0,0.34163778752512397
198.0,12.0,0.33874777115065646
199.0,12.0,0.3358577547761889
200.0,12.0,0.33296773840172134
201.0,12.0,0.3300777220272538
202.0,12.0,0.32718770565278615
203.0,12.0,0.32429768927831865
204.0,12.0,0.3214076729038511
205.0,12.0,0.31851765652938346
206.0,12.0,0.31562764015491596
207.0,12.0,0.31273762378044834
208.0,12.0,0.3098476074059808
209.0,12.0,0.3069575910315132
210.0,12.0,0.30406757465704565
211.0,12.0,0.3011775582825781
212.0,12.0,0.2982875419081106
213.0,12.0,0.29539752553364296
214.0,12.0,0.29250750915917545
215.0,12.0,0.28961749278470783
216.0,12.0,0.28672747641024027
217.0,12.0,0.2838374600357727
218.0,12.0,0.28094744366130514
219.0,12.0,0.2780574272868376
220.0,12.0,0.27516741091237
221.0,12.0,0.2722773945379024
222.0,12.0,0.2693873781634349
223.0,12.0,0.2664973617889673
224.0,12.0,0.2636073454144998
225.0,12.0,0.2607173290400322
226.0,12.0,0.2578273126655646
227.0,12.0,0.25493729629109707
228.0,12.0,0.25204727991662945
229.0,12.0,0.24915726354216194
230.0,12.0,0.24626724716769438
231.0,12.0,0.2433772307932268
232.0,12.0,0.24048721441875925
233.0,12.0,0.23759719804429166
234.0,12.0,0.23470718166982407
235.0,12.0,0.23181716529535654
236.0,12.0,0.228927148920889
237.0,12.0,0.22603713254642147
238.0,12.0,0.22314711617195387
239.0,12.0,0.22025709979748626
240.0,12.0,0.21736708342301872
241.0,12.0,0.21447706704855113
242.0,12.0,0.2115870506740836
243.0,12.0,0.20869703429961606
244.0,12.0,0.20580701792514847
245.0,12.0,0.20291700155068093
246.0,12.0,0.20056880183732945
247.0,12.0,0.199575143776768
248.0,12.0,0.19858148571620662
249.0,12.0,0.19758782765564523
250.0,12.0,0.19659416959508383
251.0,12.0,0.19560051153452246
252.0,12.0,0.19460685347396103
253.0,12.0,0.19361319541339964
254.0,12.0,0.13552408381687492
255.0,12.0,0.21969123083821993
256.0,12.0,0.19234797322268016
257.0,12.0,0.19685621695141575
258.0,12.0,0.20136446068015132
259.0,12.0,0.19523323307195556
260.0,12.0,0.18910200546375977
261.0,12.0,0.16736089356493258
262.0,12.0,0.1456197816661054
263.0,12.0,0.1864039411137528
264.0,12.0,0.2271881005614002
265.0,12.0,0.599801609524911
266.0,12.0,0.2671630627584141
267.0,12.0,0.2620610410571498
268.0,12.0,0.25363659832365315
269.0,12.0,0.32465364976094624
270.0,12.0,0.25304554289587217
271.0,12.0,0.22727261597011297
272.0,12.0,0.20149968904435375
273.0,12.0,0.2891621835721215
274.0,12.0,0.2797745597687595
275.0,12.0,0.26513401031631323
276.0,12.0,0.250493460863867
277.0,12.0,0.18814226999213113
278.0,12.0,0.26485922075534596
279.0,12.0,0.2663700324295759
280.0,12.0,0.20699721392811282
281.0,12.0,0.11139591999168542
282.0,12.0,0.1243956420824553
283.0,12.0,0.10429729192284437
284.0,12.0,0.10429729192284437
285.0,12.0,0.10414948144107866
286.0,12.0,0.10414948144107866
287.0,12.0,0.10414948144107866
71.0,13.0,1.0
72.0,13.0,1.0
73.0,13.0,1.0
74.0,13.0,1.0
75.0,13.0,1.0
76.0,13.0,1.0
77.0,13.0,1.0
78.0,13.0,1.0
79.0,13.0,1.0
80.0,13.0,1.0
81.0,13.0,1.0
82.0,13.0,1.0
83.0,13.0,1.0
84.0,13.0,1.0
85.0,13.0,1.0
86.0,13.0,0.971816218724346
87.0,13.0,0.9436324374486919
88.0,13.0,0.9154486561730377
89.0,13.0,0.8872648748973837
90.0,13.0,0.9436324374486919
91.0,13.0,1.0
92.0,13.0,1.0
93.0,13.0,1.0
94.0,13.0,1.0
95.0,13.0,1.0
96.0,13.0,1.0
97.0,13.0,1.0
98.0,13.0,1.0
99.0,13.0,1.0
100.0,13.0,1.0
101.0,13.0,1.0
102.0,13.0,1.0
103.0,13.0,1.0
104.0,13.0,1.0
105.0,13.0,1.0
106.0,13.0,0.8059200305920031
107.0,13.0,0.7240797582647168
108.0,13.0,0.594528477644871
109.0,13.0,0.5916384612704035
110.0,13.0,0.588748444895936
111.0,13.0,0.5858584285214684
112.0,13.0,0.5829684121470008
113.0,13.0,0.5800783957725334
114.0,13.0,0.5771883793980657
115.0,13.0,0.5742983630235982
116.0,13.0,0.5714083466491306
117.0,13.0,0.5685183302746629
118.0,13.0,0.5656283139001954
119.0,13.0,0.5627382975257279
120.0,13.0,0.5598482811512603
121.0,13.0,0.5569582647767927
122.0,13.0,0.5540682484023252
123.0,13.0,0.5511782320278577
124.0,13.0,0.54828821565339
125.0,13.0,0.5453981992789225
126.0,13.0,0.542508182904455
127.0,13.0,0.5396181665299873
128.0,13.0,0.5367281501555198
129.0,13.0,0.5338381337810523
130.0,13.0,0.5309481174065847
131.0,13.0,0.5280581010321171
132.0,13.0,0.5251680846576495
133.0,13.0,0.5222780682831819
134.0,13.0,0.5193880519087144
135.0,13.0,0.5164980355342469
136.0,13.0,0.5136080191597793
137.0,13.0,0.5107180027853117
138.0,13.0,0.5078279864108441
139.0,13.0,0.5049379700363766
140.0,13.0,0.502047953661909
141.0,13.0,0.49915793728744146
142.0,13.0,0.49626792091297395
143.0,13.0,0.4933779045385063
144.0,13.0,0.49048788816403877
145.0,13.0,0.48759787178957126
146.0,13.0,0.4847078554151036
147.0,13.0,0.4818178390406361
148.0,13.0,0.4789278226661685
149.0,13.0,0.476037806291701
150.0,13.0,0.4731477899172334
151.0,13.0,0.4702577735427659
152.0,13.0,0.46736775716829826
153.0,13.0,0.46447774079383064
154.0,13.0,0.46158772441936313
155.0,13.0,0.45869770804489557
156.0,13.0,0.45580769167042795
157.0,13.0,0.4529176752959604
158.0,13.0,0.4500276589214929
159.0,13.0,0.44713764254702526
160.0,13.0,0.4442476261725577
161.0,13.0,0.4413576097980902
162.0,13.0,0.4384675934236226
163.0,13.0,0.435577577049155
164.0,13.0,0.4326875606746875
165.0,13.0,0.42979754430021994
166.0,13.0,0.4269075279257524
167.0,13.0,0.42401751155128475
168.0,13.0,0.42112749517681725
169.0,13.0,0.4182374788023496
170.0,13.0,0.415347462427882
171.0,13.0,0.4124574460534145
172.0,13.0,0.40956742967894694
173.0,13.0,0.4066774133044794
174.0,13.0,0.4037873969300118
175.0,13.0,0.4008973805555443
176.0,13.0,0.39800736418107663
177.0,13.0,0.3951173478066091
178.0,13.0,0.3922273314321416
179.0,13.0,0.389337315057674
180.0,13.0,0.3864472986832064
181.0,13.0,0.38355728230873887
182.0,13.0,0.38066726593427125
183.0,13.0,0.37777724955980374
184.0,13.0,0.3748872331853362
185.0,13.0,0.3719972168108686
186.0,13.0,0.3691072004364011
187.0,13.0,0.3662171840619335
188.0,13.0,0.363327167687466
189.0,13.0,0.36043715131299836
190.0,13.0,0.35754713493853085
191.0,13.0,0.35465711856406323
192.0,13.0,0.35176710218959567
193.0,13.0,0.3488770858151281
194.0,13.0,0.34598706944066054
195.0,13.0,0.343097053066193
196.0,13.0,0.3402070366917254
197.0,13.0,0.33731702031725785
198.0,13.0,0.33442700394279035
199.0,13.0,0.3315369875683227
200.0,13.0,0.3286469711938551
201.0,13.0,0.3257569548193876
202.0,13.0,0.32286693844492
203.0,13.0,0.3199769220704525
204.0,13.0,0.3170869056959849
205.0,13.0,0.31419688932151735
206.0,13.0,0.3113068729470498
207.0,13.0,0.3084168565725822
208.0,13.0,0.3055268401981146
209.0,13.0,0.3026368238236471
210.0,13.0,0.2997468074491795
211.0,13.0,0.29685679107471197
212.0,13.0,0.2939667747002444
213.0,13.0,0.2910767583257768
214.0,13.0,0.2881867419513093
215.0,13.0,0.2852967255768417
216.0,13.0,0.2824067092023741
217.0,13.0,0.2795166928279066
218.0,13.0,0.27662667645343897
219.0,13.0,0.27373666007897146
220.0,13.0,0.27084664370450384
221.0,13.0,0.2679566273300363
222.0,13.0,0.2650666109555687
223.0,13.0,0.26217659458110115
224.0,13.0,0.25928657820663364
225.0,13.0,0.2563965618321661
226.0,13.0,0.25350654545769846
227.0,13.0,0.25061652908323095
228.0,13.0,0.24772651270876336
229.0,13.0,0.24483649633429577
230.0,13.0,0.24194647995982824
231.0,13.0,0.23905646358536065
232.0,13.0,0.23616644721089308
233.0,13.0,0.23327643083642552
234.0,13.0,0.23038641446195796
235.0,13.0,0.2274963980874904
236.0,13.0,0.22460638171302283
237.0,13.0,0.22279999866078737
238.0,13.0,0.22180634060022597
239.0,13.0,0.22081268253966457
240.0,13.0,0.21981902447910315
241.0,13.0,0.21882536641854178
242.0,13.0,0.21783170835798038
243.0,13.0,0.21683805029741898
244.0,13.0,0.21584439223685759
245.0,13.0,0.21485073417629616
246.0,13.0,0.2138570761157348
247.0,13.0,0.2128634180551734
248.0,13.0,0.211869759994612
249.0,13.0,0.21087610193405062
250.0,13.0,0.20988244387348923
251.0,13.0,0.2088887858129278
252.0,13.0,0.1997168645382025
253.0,13.0,0.09271056261987835
254.0,13.0,0.17687770964122337
255.0,13.0,0.2610448566625684
256.0,13.0,0.2337015990470286
257.0,13.0,0.20635834143148885
258.0,13.0,0.20022711382329306
259.0,13.0,0.19409588621509732
260.0,13.0,0.18796465860690154
261.0,13.0,0.18183343099870578
262.0,13.0,0.22261759044635318
263.0,13.0,0.26340174989400056
264.0,13.0,0.30418590934164796
265.0,13.0,0.34497006878929537
266.0,13.0,0.3398680470880311
267.0,13.0,0.33476602538676675
268.0,13.0,0.32634158265327007
269.0,13.0,0.31791713991977344
270.0,13.0,0.2921442129940142
271.0,13.0,0.266371286068255
272.0,13.0,0.2405983591424958
273.0,13.0,0.21482543221673658
274.0,13.0,0.20018488276429036
275.0,13.0,0.1855443333118441
276.0,13.0,0.17090378385939786
277.0,13.0,0.1562632344069516
278.0,13.0,0.23298018517016644
279.0,13.0,0.3096971359333813
280.0,13.0,0.11146982523256828
281.0,13.0,0.12247788090240092
282.0,13.0,0.10429729192284437
283.0,13.0,0.10429729192284437
284.0,13.0,0.10429729192284437
285.0,13.0,0.10429729192284437
286.0,13.0,0.10414948144107866
287.0,13.0,0.10414948144107866
71.0,14.0,1.0
72.0,14.0,1.0
73.0,14.0,1.0
74.0,14.0,1.0
75.0,14.0,1.0
76.0,14.0,1.0
77.0,14.0,1.0
78.0,14.0,1.0
79.0,14.0,1.0
80.0,14.0,1.0
81.0,14.0,1.0
82.0,14.0,1.0
83.0,14.0,1.0
84.0,14.0,1.0
85.0,14.0,1.0
86.0,14.0,1.0
87.0,14.0,0.971816218724346
88.0,14.0,0.9436324374486919
89.0,14.0,0.9436324374486919
90.0,14.0,1.0
91.0,14.0,1.0
92.0,14.0,0.9548288774497582
93.0,14.0,0.9548288774497582
94.0,14.0,1.0
95.0,14.0,1.0
96.0,14.0,1.0
97.0,14.0,1.0
98.0,14.0,1.0
99.0,14.0,1.0
100.0,14.0,1.0
101.0,14.0,1.0
102.0,14.0,1.0
103.0,14.0,1.0
104.0,14.0,1.0
105.0,14.0,1.0
106.0,14.0,1.0
107.0,14.0,0.8620398791323585
108.0,14.0,0.780199606805072
109.0,14.0,0.6483378617261365
110.0,14.0,0.5844276776880698
111.0,14.0,0.5815376613136022
112.0,14.0,0.5786476449391347
113.0,14.0,0.5757576285646671
114.0,14.0,0.5728676121901994
115.0,14.0,0.5699775958157319
116.0,14.0,0.5670875794412644
117.0,14.0,0.5641975630667968
118.0,14.0,0.5613075466923293
119.0,14.0,0.5584175303178617
120.0,14.0,0.5555275139433942
121.0,14.0,0.5526374975689266
122.0,14.0,0.5497474811944589
123.0,14.0,0.5468574648199914
124.0,14.0,0.5439674484455238
125.0,14.0,0.5410774320710563
126.0,14.0,0.5381874156965887
127.0,14.0,0.5352973993221212
128.0,14.0,0.5324073829476537
129.0,14.0,0.529517366573186
130.0,14.0,0.5266273501987185
131.0,14.0,0.5237373338242509
132.0,14.0,0.5208473174497834
133.0,14.0,0.5179573010753158
134.0,14.0,0.5150672847008482
135.0,14.0,0.5121772683263806
136.0,14.0,0.5092872519519132
137.0,14.0,0.5063972355774455
138.0,14.0,0.5035072192029779
139.0,14.0,0.5006172028285104
140.0,14.0,0.49772718645404285
141.0,14.0,0.49483717007957523
142.0,14.0,0.49194715370510766
143.0,14.0,0.48905713733064016
144.0,14.0,0.48616712095617254
145.0,14.0,0.4832771045817049
146.0,14.0,0.48038708820723747
147.0,14.0,0.47749707183276985
148.0,14.0,0.4746070554583023
149.0,14.0,0.4717170390838347
150.0,14.0,0.46882702270936716
151.0,14.0,0.46593700633489954
152.0,14.0,0.4630469899604321
153.0,14.0,0.4601569735859645
154.0,14.0,0.45726695721149696
155.0,14.0,0.45437694083702934
156.0,14.0,0.4514869244625618
157.0,14.0,0.44859690808809427
158.0,14.0,0.44570689171362665
159.0,14.0,0.44281687533915914
160.0,14.0,0.4399268589646915
161.0,14.0,0.4370368425902239
162.0,14.0,0.4341468262157564
163.0,14.0,0.4312568098412888
164.0,14.0,0.42836679346682127
165.0,14.0,0.4254767770923537
166.0,14.0,0.4225867607178862
167.0,14.0,0.4196967443434185
168.0,14.0,0.416806727968951
169.0,14.0,0.4139167115944835
170.0,14.0,0.4110266952200159
171.0,14.0,0.4081366788455483
172.0,14.0,0.40524666247108077
173.0,14.0,0.4023566460966132
174.0,14.0,0.3994666297221456
175.0,14.0,0.396576613347678
176.0,14.0,0.3936865969732105
177.0,14.0,0.3907965805987429
178.0,14.0,0.3879065642242754
179.0,14.0,0.3850165478498079
180.0,14.0,0.38212653147534026
181.0,14.0,0.37923651510087264
182.0,14.0,0.3763464987264051
183.0,14.0,0.3734564823519375
184.0,14.0,0.37056646597747
185.0,14.0,0.36767644960300244
186.0,14.0,0.3647864332285349
187.0,14.0,0.36189641685406726
188.0,14.0,0.35900640047959975
189.0,14.0,0.35611638410513213
190.0,14.0,0.3532263677306646
191.0,14.0,0.35033635135619706
192.0,14.0,0.3474463349817295
193.0,14.0,0.34455631860726194
194.0,14.0,0.34166630223279437
195.0,14.0,0.33877628585832675
196.0,14.0,0.33588626948385925
197.0,14.0,0.3329962531093916
198.0,14.0,0.3301062367349241
199.0,14.0,0.3272162203604565
200.0,14.0,0.32432620398598894
201.0,14.0,0.3214361876115214
202.0,14.0,0.3185461712370538
203.0,14.0,0.3156561548625863
204.0,14.0,0.31276613848811874
205.0,14.0,0.3098761221136511
206.0,14.0,0.3069861057391836
207.0,14.0,0.304096089364716
208.0,14.0,0.30120607299024843
209.0,14.0,0.29831605661578087
210.0,14.0,0.2954260402413133
211.0,14.0,0.2925360238668458
212.0,14.0,0.2896460074923782
213.0,14.0,0.2867559911179106
214.0,14.0,0.28386597474344305
215.0,14.0,0.2809759583689755
216.0,14.0,0.2780859419945079
217.0,14.0,0.27519592562004036
218.0,14.0,0.2723059092455728
219.0,14.0,0.26941589287110523
220.0,14.0,0.26652587649663767
221.0,14.0,0.2636358601221701
222.0,14.0,0.2607458437477026
223.0,14.0,0.257855827373235
224.0,14.0,0.2549658109987675
225.0,14.0,0.25207579462429985
226.0,14.0,0.24918577824983226
227.0,14.0,0.24629576187536473
228.0,14.0,0.2450311954842453
229.0,14.0,0.2440375374236839
230.0,14.0,0.2430438793631225
231.0,14.0,0.2420502213025611
232.0,14.0,0.2410565632419997
233.0,14.0,0.2400629051814383
234.0,14.0,0.23906924712087693
235.0,14.0,0.23807558906031553
236.0,14.0,0.2370819309997541
237.0,14.0,0.2360882729391927
238.0,14.0,0.23509461487863137
239.0,14.0,0.23410095681806994
240.0,14.0,0.23310729875750855
241.0,14.0,0.23211364069694715
242.0,14.0,0.23111998263638572
243.0,14.0,0.23012632457582435
244.0,14.0,0.22913266651526293
245.0,14.0,0.22813900845470153
246.0,14.0,0.22714535039414013
247.0,14.0,0.2261516923335787
248.0,14.0,0.22515803427301734
249.0,14.0,0.22416437621245594
250.0,14.0,0.21989941286622902
251.0,14.0,0.2009135757345071
252.0,14.0,0.14494799411351386
253.0,14.0,0.19463790344360218
254.0,14.0,0.2788050504649472
255.0,14.0,0.27692424757400985
256.0,14.0,0.23532592178106587
257.0,14.0,0.20798266416552608
258.0,14.0,0.20185143655733032
259.0,14.0,0.19572020894913456
260.0,14.0,0.24955340488589928
261.0,14.0,0.303386600822664
262.0,14.0,0.3441707602703114
263.0,14.0,0.3849549197179588
264.0,14.0,0.35178008036008634
265.0,14.0,0.3186052410022138
266.0,14.0,0.412573031417648
267.0,14.0,0.4074710097163837
268.0,14.0,0.39904656698288704
269.0,14.0,0.2625476620622307
270.0,14.0,0.41947796307468527
271.0,14.0,0.3937050361489261
272.0,14.0,0.3679321092231668
273.0,14.0,0.34172834559414045
274.0,14.0,0.2542555942287794
275.0,14.0,0.2396150447763332
276.0,14.0,0.22497449532388694
277.0,14.0,0.18121364589925443
278.0,14.0,0.13745279647462189
279.0,14.0,0.21416974723783672
280.0,14.0,0.12056011972234655
281.0,14.0,0.3096971359333813
282.0,14.0,0.3096971359333813
283.0,14.0,0.10429729192284437
284.0,14.0,0.10429729192284437
285.0,14.0,0.10429729192284437
286.0,14.0,0.10429729192284437
287.0,14.0,0.10414948144107866
71.0,15.0,1.0
72.0,15.0,1.0
73.0,15.0,1.0
74.0,15.0,1.0
75.0,15.0,1.0
76.0,15.0,1.0
77.0,15.0,1.0
78.0,15.0,1.0
79.0,15.0,1.0
80.0,15.0,1.0
81.0,15.0,1.0
82.0,15.0,1.0
83.0,15.0,1.0
84.0,15.0,1.0
85.0,15.0,1.0
86.0,15.0,1.0
87.0,15.0,1.0
88.0,15.0,1.0
89.0,15.0,1.0
90.0,15.0,1.0
91.0,15.0,1.0
92.0,15.0,0.9548288774497582
93.0,15.0,0.9096577548995165
94.0,15.0,0.9548288774497582
95.0,15.0,1.0
96.0,15.0,1.0
97.0,15.0,1.0
98.0,15.0,1.0
99.0,15.0,1.0
100.0,15.0,1.0
101.0,15.0,1.0
102.0,15.0,1.0
103.0,15.0,1.0
104.0,15.0,1.0
105.0,15.0,1.0
106.0,15.0,1.0
107.0,15.0,1.0
108.0,15.0,0.9181597276727137
109.0,15.0,0.8363194553454274
110.0,15.0,0.7326573296392017
111.0,15.0,0.5772168941057361
112.0,15.0,0.5743268777312684
113.0,15.0,0.5714368613568008
114.0,15.0,0.5685468449823334
115.0,15.0,0.5656568286078658
116.0,15.0,0.5627668122333982
117.0,15.0,0.5598767958589307
118.0,15.0,0.5569867794844631
119.0,15.0,0.5540967631099956
120.0,15.0,0.5512067467355279
121.0,15.0,0.5483167303610603
122.0,15.0,0.5454267139865928
123.0,15.0,0.5425366976121253
124.0,15.0,0.5396466812376577
125.0,15.0,0.5367566648631901
126.0,15.0,0.5338666484887226
127.0,15.0,0.530976632114255
128.0,15.0,0.5280866157397874
129.0,15.0,0.5251965993653198
130.0,15.0,0.5223065829908523
131.0,15.0,0.5194165666163847
132.0,15.0,0.5165265502419172
133.0,15.0,0.5136365338674496
134.0,15.0,0.5107465174929819
135.0,15.0,0.5078565011185145
136.0,15.0,0.5049664847440469
137.0,15.0,0.5020764683695794
138.0,15.0,0.4991864519951118
139.0,15.0,0.49629643562064424
140.0,15.0,0.4934064192461767
141.0,15.0,0.49051640287170906
142.0,15.0,0.48762638649724155
143.0,15.0,0.48473637012277393
144.0,15.0,0.4818463537483064
145.0,15.0,0.47895633737383886
146.0,15.0,0.4760663209993713
147.0,15.0,0.4731763046249037
148.0,15.0,0.47028628825043617
149.0,15.0,0.46739627187596855
150.0,15.0,0.464506255501501
151.0,15.0,0.4616162391270334
152.0,15.0,0.45872622275256586
153.0,15.0,0.45583620637809835
154.0,15.0,0.45294619000363073
155.0,15.0,0.45005617362916317
156.0,15.0,0.44716615725469566
157.0,15.0,0.44427614088022804
158.0,15.0,0.4413861245057605
159.0,15.0,0.4384961081312929
160.0,15.0,0.43560609175682535
161.0,15.0,0.4327160753823578
162.0,15.0,0.4298260590078902
163.0,15.0,0.42693604263342266
164.0,15.0,0.42404602625895504
165.0,15.0,0.42115600988448754
166.0,15.0,0.41826599351002003
167.0,15.0,0.41537597713555235
168.0,15.0,0.41248596076108485
169.0,15.0,0.40959594438661734
170.0,15.0,0.4067059280121497
171.0,15.0,0.40381591163768216
172.0,15.0,0.4009258952632146
173.0,15.0,0.39803587888874703
174.0,15.0,0.3951458625142794
175.0,15.0,0.3922558461398119
176.0,15.0,0.38936582976534434
177.0,15.0,0.3864758133908767
178.0,15.0,0.38358579701640916
179.0,15.0,0.38069578064194165
180.0,15.0,0.37780576426747403
181.0,15.0,0.3749157478930065
182.0,15.0,0.3720257315185389
183.0,15.0,0.3691357151440714
184.0,15.0,0.3662456987696038
185.0,15.0,0.36335568239513627
186.0,15.0,0.36046566602066865
187.0,15.0,0.3575756496462011
188.0,15.0,0.3546856332717335
189.0,15.0,0.351795616897266
190.0,15.0,0.34890560052279845
191.0,15.0,0.3460155841483309
192.0,15.0,0.34312556777386327
193.0,15.0,0.3402355513993957
194.0,15.0,0.33734553502492814
195.0,15.0,0.3344555186504606
196.0,15.0,0.331565502275993
197.0,15.0,0.32867548590152545
198.0,15.0,0.3257854695270579
199.0,15.0,0.32289545315259033
200.0,15.0,0.32000543677812276
201.0,15.0,0.3171154204036552
202.0,15.0,0.31422540402918764
203.0,15.0,0.31133538765472013
204.0,15.0,0.3084453712802525
205.0,15.0,0.3055553549057849
206.0,15.0,0.3026653385313174
207.0,15.0,0.29977532215684977
208.0,15.0,0.29688530578238226
209.0,15.0,0.2939952894079147
210.0,15.0,0.29110527303344713
211.0,15.0,0.28821525665897957
212.0,15.0,0.285325240284512
213.0,15.0,0.28243522391004444
214.0,15.0,0.2795452075355769
215.0,15.0,0.2766551911611093
216.0,15.0,0.2737651747866417
217.0,15.0,0.2708751584121742
218.0,15.0,0.2682560503682647
219.0,15.0,0.26726239230770327
220.0,15.0,0.2662687342471419
221.0,15.0,0.26527507618658047
222.0,15.0,0.2642814181260191
223.0,15.0,0.2632877600654577
224.0,15.0,0.2622941020048963
225.0,15.0,0.2613004439443348
226.0,15.0,0.26030678588377343
227.0,15.0,0.25931312782321203
228.0,15.0,0.2583194697626507
229.0,15.0,0.2573258117020893
230.0,15.0,0.2563321536415279
231.0,15.0,0.2553384955809665
232.0,15.0,0.2543448375204051
233.0,15.0,0.2533511794598437
234.0,15.0,0.2523575213992823
235.0,15.0,0.2513638633387209
236.0,15.0,0.2503702052781595
237.0,15.0,0.2493765472175981
238.0,15.0,0.2483828891570367
239.0,15.0,0.24738923109647526
240.0,15.0,0.2463955730359139
241.0,15.0,0.24540191497535252
242.0,15.0,0.24440825691479107
243.0,15.0,0.2434145988542297
244.0,15.0,0.24242094079366827
245.0,15.0,0.24142728273310687
246.0,15.0,0.24043362467254548
247.0,15.0,0.2394399666119841
248.0,15.0,0.2384463085514227
249.0,15.0,0.22109612406253357
250.0,15.0,0.15810005453751047
251.0,15.0,0.19718542560714938
252.0,15.0,0.22915253929148266
253.0,15.0,0.296565244267326
254.0,15.0,0.2946844413763887
255.0,15.0,0.2928036384854513
256.0,15.0,0.25120531269250734
257.0,15.0,0.20960698689956334
258.0,15.0,0.2634401828363281
259.0,15.0,0.3172733787730928
260.0,15.0,0.37110657470985753
261.0,15.0,0.42493977064662225
262.0,15.0,0.3917649312887498
263.0,15.0,0.35859009193087726
264.0,15.0,0.32541525257300474
265.0,15.0,0.2922404132151323
266.0,15.0,0.38620820363056646
267.0,15.0,0.48017599404600064
268.0,15.0,0.34367708912534434
269.0,15.0,0.20717818420468798
270.0,15.0,0.36410848521714256
271.0,15.0,0.5210387862295971
272.0,15.0,0.4948350226005707
273.0,15.0,0.46863125897154434
274.0,15.0,0.3811585076061833
275.0,15.0,0.29368575624082227
276.0,15.0,0.24992490681618976
277.0,15.0,0.20616405739155724
278.0,15.0,0.1624032079669247
279.0,15.0,0.11864235854229219
280.0,15.0,0.11864235854229219
281.0,15.0,0.11864235854229219
282.0,15.0,0.11864235854229219
283.0,15.0,0.11864235854229219
284.0,15.0,0.11864235854229219
285.0,15.0,0.10429729192284437
286.0,15.0,0.10429729192284437
287.0,15.0,0.10429729192284437
71.0,16.0,1.0
72.0,16.0,1.0
73.0,16.0,1.0
74.0,16.0,1.0
75.0,16.0,1.0
76.0,16.0,1.0
77.0,16.0,1.0
78.0,16.0,1.0
79.0,16.0,1.0
80.0,16.0,1.0
81.0,16.0,1.0
82.0,16.0,1.0
83.0,16.0,1.0
84.0,16.0,1.0
85.0,16.0,1.0
86.0,16.0,1.0
87.0,16.0,1.0
88.0,16.0,1.0
89.0,16.0,1.0
90.0,16.0,1.0
91.0,16.0,1.0
92.0,16.0,0.9548288774497582
93.0,16.0,0.9548288774497582
94.0,16.0,1.0
95.0,16.0,1.0
96.0,16.0,1.0
97.0,16.0,1.0
98.0,16.0,1.0
99.0,16.0,1.0
100.0,16.0,1.0
101.0,16.0,1.0
102.0,16.0,0.9276662901343895
103.0,16.0,0.9276662901343895
104.0,16.0,1.0
105.0,16.0,1.0
106.0,16.0,1.0
107.0,16.0,0.995728904212527
108.0,16.0,1.0
109.0,16.0,0.974279576213069
110.0,16.0,0.8924393038857827
111.0,16.0,0.7887771781795567
112.0,16.0,0.6005161943552018
113.0,16.0,0.5671160941489348
114.0,16.0,0.5642260777744672
115.0,16.0,0.5613360613999996
116.0,16.0,0.5584460450255321
117.0,16.0,0.5555560286510645
118.0,16.0,0.552666012276597
119.0,16.0,0.5497759959021293
120.0,16.0,0.5468859795276617
121.0,16.0,0.5439959631531942
122.0,16.0,0.5411059467787267
123.0,16.0,0.5382159304042591
124.0,16.0,0.5353259140297916
125.0,16.0,0.532435897655324
126.0,16.0,0.5295458812808563
127.0,16.0,0.5266558649063888
128.0,16.0,0.5237658485319212
129.0,16.0,0.5208758321574537
130.0,16.0,0.5179858157829861
131.0,16.0,0.5150957994085186
132.0,16.0,0.512205783034051
133.0,16.0,0.5093157666595834
134.0,16.0,0.5064257502851159
135.0,16.0,0.5035357339106483
136.0,16.0,0.5006457175361807
137.0,16.0,0.4977557011617132
138.0,16.0,0.4948656847872456
139.0,16.0,0.491975668412778
140.0,16.0,0.4890856520383105
141.0,16.0,0.4861956356638429
142.0,16.0,0.48330561928937543
143.0,16.0,0.4804156029149078
144.0,16.0,0.4775255865404403
145.0,16.0,0.4746355701659727
146.0,16.0,0.47174555379150507
147.0,16.0,0.46885553741703756
148.0,16.0,0.46596552104256994
149.0,16.0,0.4630755046681024
150.0,16.0,0.4601854882936348
151.0,16.0,0.4572954719191673
152.0,16.0,0.4544054555446997
153.0,16.0,0.4515154391702322
154.0,16.0,0.4486254227957646
155.0,16.0,0.44573540642129694
156.0,16.0,0.44284539004682943
157.0,16.0,0.4399553736723619
158.0,16.0,0.4370653572978943
159.0,16.0,0.43417534092342674
160.0,16.0,0.4312853245489592
161.0,16.0,0.4283953081744916
162.0,16.0,0.42550529180002405
163.0,16.0,0.42261527542555655
164.0,16.0,0.41972525905108893
165.0,16.0,0.4168352426766213
166.0,16.0,0.4139452263021538
167.0,16.0,0.4110552099276862
168.0,16.0,0.4081651935532187
169.0,16.0,0.4052751771787511
170.0,16.0,0.4023851608042836
171.0,16.0,0.39949514442981604
172.0,16.0,0.3966051280553484
173.0,16.0,0.3937151116808809
174.0,16.0,0.3908250953064133
175.0,16.0,0.38793507893194573
176.0,16.0,0.38504506255747817
177.0,16.0,0.3821550461830106
178.0,16.0,0.379265029808543
179.0,16.0,0.3763750134340755
180.0,16.0,0.3734849970596079
181.0,16.0,0.3705949806851403
182.0,16.0,0.3677049643106728
183.0,16.0,0.3648149479362053
184.0,16.0,0.3619249315617376
185.0,16.0,0.35903491518727004
186.0,16.0,0.35614489881280254
187.0,16.0,0.3532548824383349
188.0,16.0,0.35036486606386735
189.0,16.0,0.34747484968939985
190.0,16.0,0.3445848333149323
191.0,16.0,0.34169481694046466
192.0,16.0,0.33880480056599716
193.0,16.0,0.3359147841915296
194.0,16.0,0.333024767817062
195.0,16.0,0.3301347514425944
196.0,16.0,0.3272447350681269
197.0,16.0,0.3243547186936593
198.0,16.0,0.3214647023191917
199.0,16.0,0.3185746859447242
200.0,16.0,0.3156846695702566
201.0,16.0,0.31279465319578903
202.0,16.0,0.30990463682132147
203.0,16.0,0.307014620446854
204.0,16.0,0.30412460407238634
205.0,16.0,0.3012345876979188
206.0,16.0,0.29834457132345127
207.0,16.0,0.2954545549489836
208.0,16.0,0.29256453857451614
209.0,16.0,0.29048724719172264
210.0,16.0,0.28949358913116124
211.0,16.0,0.28849993107059985
212.0,16.0,0.28750627301003845
213.0,16.0,0.28651261494947705
214.0,16.0,0.2855189568889157
215.0,16.0,0.2845252988283542
216.0,16.0,0.2835316407677928
217.0,16.0,0.2825379827072314
218.0,16.0,0.28154432464667
219.0,16.0,0.2805506665861086
220.0,16.0,0.2795570085255472
221.0,16.0,0.2785633504649858
222.0,16.0,0.2775696924044244
223.0,16.0,0.276576034343863
224.0,16.0,0.2755823762833017
225.0,16.0,0.2745887182227402
226.0,16.0,0.2735950601621788
227.0,16.0,0.27260140210161743
228.0,16.0,0.27160774404105603
229.0,16.0,0.27061408598049463
230.0,16.0,0.26962042791993324
231.0,16.0,0.2686267698593719
232.0,16.0,0.2676331117988105
233.0,16.0,0.26663945373824904
234.0,16.0,0.26564579567768765
235.0,16.0,0.26465213761712625
236.0,16.0,0.26365847955656485
237.0,16.0,0.26266482149600345
238.0,16.0,0.26167116343544206
239.0,16.0,0.26067750537488066
240.0,16.0,0.25968384731431926
241.0,16.0,0.25869018925375786
242.0,16.0,0.2576965311931964
243.0,16.0,0.25670287313263507
244.0,16.0,0.25570921507207367
245.0,16.0,0.2547155570115123
246.0,16.0,0.2537218989509509
247.0,16.0,0.24127867239056
248.0,16.0,0.22229283525883808
249.0,16.0,0.16187166775499467
250.0,16.0,0.24942285710078488
251.0,16.0,0.2813899707851181
252.0,16.0,0.3310798801152065
253.0,16.0,0.2911595824743098
254.0,16.0,0.31056383228783013
255.0,16.0,0.30868302939689285
256.0,16.0,0.2670847036039488
257.0,16.0,0.19357057058318822
258.0,16.0,0.31006084927378613
259.0,16.0,0.36389404521055085
260.0,16.0,0.41772724114731563
261.0,16.0,0.4224786223606299
262.0,16.0,0.42723000357394414
263.0,16.0,0.3940551642160716
264.0,16.0,0.3608803248581991
265.0,16.0,0.3646873094592215
266.0,16.0,0.3684942940602438
267.0,16.0,0.46246208447567805
268.0,16.0,0.3259631795550217
269.0,16.0,0.30605120044182066
270.0,16.0,0.2861392213286197
271.0,16.0,0.4430695223410742
272.0,16.0,0.41686575871204784
273.0,16.0,0.4535813813857391
274.0,16.0,0.3661086300203781
275.0,16.0,0.3137359018042277
276.0,16.0,0.2699750523795952
277.0,16.0,0.2262142029549627
278.0,16.0,0.11864235854229219
279.0,16.0,0.11864235854229219
280.0,16.0,0.11864235854229219
281.0,16.0,0.11864235854229219
282.0,16.0,0.11864235854229219
283.0,16.0,0.11864235854229219
284.0,16.0,0.11864235854229219
285.0,16.0,0.11864235854229219
286.0,16.0,0.11864235854229219
287.0,16.0,0.10429729192284437
71.0,17.0,1.0
72.0,17.0,1.0
73.0,17.0,1.0
74.0,17.0,1.0
75.0,17.0,1.0
76.0,17.0,1.0
77.0,17.0,1.0
78.0,17.0,1.0
79.0,17.0,1.0
80.0,17.0,1.0
81.0,17.0,1.0
82.0,17.0,1.0
83.0,17.0,1.0
84.0,17.0,1.0
85.0,17.0,1.0
86.0,17.0,1.0
87.0,17.0,1.0
88.0,17.0,1.0
89.0,17.0,1.0
90.0,17.0,1.0
91.0,17.0,1.0
92.0,17.0,1.0
93.0,17.0,1.0
94.0,17.0,1.0
95.0,17.0,1.0
96.0,17.0,1.0
97.0,17.0,1.0
98.0,17.0,1.0
99.0,17.0,1.0
100.0,17.0,1.0
101.0,17.0,1.0
102.0,17.0,0.9276662901343895
103.0,17.0,0.8553325802687789
104.0,17.0,0.9276662901343895
105.0,17.0,1.0
106.0,17.0,0.995728904212527
107.0,17.0,0.9914578084250542
108.0,17.0,0.995728904212527
109.0,17.0,1.0
110.0,17.0,0.974279576213069
111.0,17.0,0.9485591524261381
112.0,17.0,0.8448970267199123
113.0,17.0,0.6848356622682669
114.0,17.0,0.559905310566601
115.0,17.0,0.5570152941921334
116.0,17.0,0.554125277817666
117.0,17.0,0.5512352614431982
118.0,17.0,0.5483452450687307
119.0,17.0,0.5454552286942631
120.0,17.0,0.5425652123197955
121.0,17.0,0.539675195945328
122.0,17.0,0.5367851795708605
123.0,17.0,0.533895163196393
124.0,17.0,0.5310051468219252
125.0,17.0,0.5281151304474578
126.0,17.0,0.5252251140729902
127.0,17.0,0.5223350976985226
128.0,17.0,0.5194450813240551
129.0,17.0,0.5165550649495876
130.0,17.0,0.51366504857512
131.0,17.0,0.5107750322006523
132.0,17.0,0.5078850158261847
133.0,17.0,0.5049949994517172
134.0,17.0,0.5021049830772497
135.0,17.0,0.4992149667027821
136.0,17.0,0.49632495032831453
137.0,17.0,0.493434933953847
138.0,17.0,0.49054491757937946
139.0,17.0,0.4876549012049119
140.0,17.0,0.48476488483044433
141.0,17.0,0.48187486845597677
142.0,17.0,0.4789848520815092
143.0,17.0,0.4760948357070416
144.0,17.0,0.4732048193325741
145.0,17.0,0.47031480295810646
146.0,17.0,0.46742478658363884
147.0,17.0,0.4645347702091714
148.0,17.0,0.4616447538347038
149.0,17.0,0.45875473746023626
150.0,17.0,0.45586472108576864
151.0,17.0,0.4529747047113011
152.0,17.0,0.4500846883368335
153.0,17.0,0.44719467196236595
154.0,17.0,0.44430465558789844
155.0,17.0,0.4414146392134308
156.0,17.0,0.43852462283896326
157.0,17.0,0.4356346064644957
158.0,17.0,0.4327445900900281
159.0,17.0,0.4298545737155606
160.0,17.0,0.42696455734109295
161.0,17.0,0.42407454096662545
162.0,17.0,0.42118452459215794
163.0,17.0,0.4182945082176903
164.0,17.0,0.4154044918432227
165.0,17.0,0.4125144754687552
166.0,17.0,0.40962445909428763
167.0,17.0,0.40673444271982007
168.0,17.0,0.4038444263453525
169.0,17.0,0.40095440997088494
170.0,17.0,0.3980643935964174
171.0,17.0,0.3951743772219498
172.0,17.0,0.3922843608474822
173.0,17.0,0.3893943444730147
174.0,17.0,0.3865043280985471
175.0,17.0,0.38361431172407956
176.0,17.0,0.380724295349612
177.0,17.0,0.3778342789751444
178.0,17.0,0.3749442626006768
179.0,17.0,0.37205424622620925
180.0,17.0,0.3691642298517418
181.0,17.0,0.3662742134772742
182.0,17.0,0.36338419710280656
183.0,17.0,0.36049418072833905
184.0,17.0,0.35760416435387143
185.0,17.0,0.3547141479794039
186.0,17.0,0.3518241316049363
187.0,17.0,0.3489341152304688
188.0,17.0,0.34604409885600124
189.0,17.0,0.3431540824815336
190.0,17.0,0.3402640661070661
191.0,17.0,0.3373740497325985
192.0,17.0,0.334484033358131
193.0,17.0,0.33159401698366336
194.0,17.0,0.32870400060919586
195.0,17.0,0.32581398423472824
196.0,17.0,0.32292396786026073
197.0,17.0,0.3200339514857931
198.0,17.0,0.31714393511132555
199.0,17.0,0.31425391873685804
200.0,17.0,0.31271844401518056
201.0,17.0,0.31172478595461917
202.0,17.0,0.31073112789405777
203.0,17.0,0.30973746983349637
204.0,17.0,0.308743811772935
205.0,17.0,0.3077501537123736
206.0,17.0,0.3067564956518122
207.0,17.0,0.3057628375912508
208.0,17.0,0.3047691795306894
209.0,17.0,0.303775521470128
210.0,17.0,0.30278186340956653
211.0,17.0,0.3017882053490052
212.0,17.0,0.3007945472884438
213.0,17.0,0.2998008892278824
214.0,17.0,0.298807231167321
215.0,17.0,0.2978135731067596
216.0,17.0,0.2968199150461982
217.0,17.0,0.2958262569856368
218.0,17.0,0.2948325989250754
219.0,17.0,0.293838940864514
220.0,17.0,0.2928452828039526
221.0,17.0,0.2918516247433912
222.0,17.0,0.2908579666828298
223.0,17.0,0.2898643086222684
224.0,17.0,0.28887065056170697
225.0,17.0,0.28787699250114557
226.0,17.0,0.2868833344405842
227.0,17.0,0.28588967638002283
228.0,17.0,0.2848960183194614
229.0,17.0,0.2839023602589
230.0,17.0,0.2829087021983386
231.0,17.0,0.2819150441377772
232.0,17.0,0.2809213860772158
233.0,17.0,0.27992772801665444
234.0,17.0,0.27893406995609304
235.0,17.0,0.27794041189553165
236.0,17.0,0.2769467538349702
237.0,17.0,0.2759530957744088
238.0,17.0,0.2749594377138474
239.0,17.0,0.273965779653286
240.0,17.0,0.2729721215927246
241.0,17.0,0.27197846353216326
242.0,17.0,0.2709848054716018
243.0,17.0,0.2699911474110404
244.0,17.0,0.268997489350479
245.0,17.0,0.2614612207185865
246.0,17.0,0.2424753835868646
247.0,17.0,0.22348954645514263
248.0,17.0,0.2122284153869597
249.0,17.0,0.3016602885944204
250.0,17.0,0.33362740227875365
251.0,17.0,0.36559451596308695
252.0,17.0,0.32567421832219023
253.0,17.0,0.28575392068129357
254.0,17.0,0.305158170494814
255.0,17.0,0.3245624203083343
256.0,17.0,0.2510482872875737
257.0,17.0,0.1775341542668131
258.0,17.0,0.29402443295741104
259.0,17.0,0.41051471164800896
260.0,17.0,0.4152660928613232
261.0,17.0,0.42001747407463746
262.0,17.0,0.4247688552879517
263.0,17.0,0.429520236501266
264.0,17.0,0.43332722110228833
265.0,17.0,0.4371342057033107
266.0,17.0,0.44094119030433304
267.0,17.0,0.4447481749053554
268.0,17.0,0.42483619579215437
269.0,17.0,0.4049242166789534
270.0,17.0,0.38501223756575237
271.0,17.0,0.36510025845255134
272.0,17.0,0.4018158811262426
273.0,17.0,0.4385315037999339
274.0,17.0,0.38615877558378353
275.0,17.0,0.3337860473676332
276.0,17.0,0.24468120591968073
277.0,17.0,0.3337860473676332
278.0,17.0,0.11864235854229219
279.0,17.0,0.11864235854229219
280.0,17.0,0.11864235854229219
281.0,17.0,0.11864235854229219
282.0,17.0,0.11864235854229219
283.0,17.0,0.11864235854229219
284.0,17.0,0.11864235854229219
285.0,17.0,0.11864235854229219
286.0,17.0,0.11864235854229219
287.0,17.0,0.11864235854229219
71.0,18.0,1.0
72.0,18.0,1.0
73.0,18.0,1.0
74.0,18.0,1.0
75.0,18.0,1.0
76.0,18.0,1.0
77.0,18.0,1.0
78.0,18.0,1.0
79.0,18.0,1.0
80.0,18.0,1.0
81.0,18.0,1.0
82.0,18.0,1.0
83.0,18.0,1.0
84.0,18.0,1.0
85.0,18.0,1.0
86.0,18.0,1.0
87.0,18.0,1.0
88.0,18.0,1.0
89.0,18.0,1.0
90.0,18.0,1.0
91.0,18.0,0.9602047144825202
92.0,18.0,0.8285374419395037
93.0,18.0,0.8285374419395037
94.0,18.0,1.0
95.0,18.0,1.0
96.0,18.0,1.0
97.0,18.0,1.0
98.0,18.0,1.0
99.0,18.0,1.0
100.0,18.0,1.0
101.0,18.0,1.0
102.0,18.0,0.9276662901343895
103.0,18.0,0.9276662901343895
104.0,18.0,1.0
105.0,18.0,0.995728904212527
106.0,18.0,0.9914578084250542
107.0,18.0,0.9871867126375813
108.0,18.0,0.9914578084250542
109.0,18.0,1.0
110.0,18.0,0.974279576213069
111.0,18.0,0.974279576213069
112.0,18.0,0.974279576213069
113.0,18.0,0.9010168752602676
114.0,18.0,0.7691551301813317
115.0,18.0,0.552694526984267
116.0,18.0,0.5498045106097996
117.0,18.0,0.5469144942353321
118.0,18.0,0.5440244778608645
119.0,18.0,0.5411344614863971
120.0,18.0,0.5382444451119295
121.0,18.0,0.5353544287374619
122.0,18.0,0.5324644123629942
123.0,18.0,0.5295743959885266
124.0,18.0,0.5266843796140591
125.0,18.0,0.5237943632395916
126.0,18.0,0.520904346865124
127.0,18.0,0.5180143304906565
128.0,18.0,0.515124314116189
129.0,18.0,0.5122342977417214
130.0,18.0,0.5093442813672537
131.0,18.0,0.5064542649927862
132.0,18.0,0.5035642486183186
133.0,18.0,0.5006742322438511
134.0,18.0,0.4977842158693835
135.0,18.0,0.494894199494916
136.0,18.0,0.49200418312044836
137.0,18.0,0.48911416674598074
138.0,18.0,0.4862241503715133
139.0,18.0,0.4833341339970457
140.0,18.0,0.4804441176225781
141.0,18.0,0.4775541012481106
142.0,18.0,0.47466408487364303
143.0,18.0,0.47177406849917536
144.0,18.0,0.46888405212470785
145.0,18.0,0.46599403575024034
146.0,18.0,0.4631040193757727
147.0,18.0,0.46021400300130516
148.0,18.0,0.4573239866268376
149.0,18.0,0.45443397025237003
150.0,18.0,0.45154395387790247
151.0,18.0,0.44865393750343496
152.0,18.0,0.44576392112896734
153.0,18.0,0.4428739047544997
154.0,18.0,0.4399838883800322
155.0,18.0,0.4370938720055646
156.0,18.0,0.43420385563109704
157.0,18.0,0.4313138392566296
158.0,18.0,0.428423822882162
159.0,18.0,0.42553380650769435
160.0,18.0,0.42264379013322684
161.0,18.0,0.4197537737587593
162.0,18.0,0.4168637573842917
163.0,18.0,0.4139737410098241
164.0,18.0,0.4110837246353566
165.0,18.0,0.408193708260889
166.0,18.0,0.4053036918864214
167.0,18.0,0.4024136755119539
168.0,18.0,0.3995236591374863
169.0,18.0,0.3966336427630187
170.0,18.0,0.39374362638855115
171.0,18.0,0.3908536100140837
172.0,18.0,0.387963593639616
173.0,18.0,0.38507357726514846
174.0,18.0,0.38218356089068095
175.0,18.0,0.37929354451621333
176.0,18.0,0.3764035281417458
177.0,18.0,0.37351351176727826
178.0,18.0,0.3706234953928107
179.0,18.0,0.3677334790183431
180.0,18.0,0.36484346264387557
181.0,18.0,0.36195344626940795
182.0,18.0,0.35906342989494033
183.0,18.0,0.3561734135204729
184.0,18.0,0.35328339714600526
185.0,18.0,0.35039338077153775
186.0,18.0,0.34750336439707014
187.0,18.0,0.3446133480226026
188.0,18.0,0.341723331648135
189.0,18.0,0.3388333152736674
190.0,18.0,0.33594329889919994
191.0,18.0,0.33494964083863854
192.0,18.0,0.33395598277807714
193.0,18.0,0.33296232471751575
194.0,18.0,0.33196866665695435
195.0,18.0,0.3309750085963929
196.0,18.0,0.3299813505358315
197.0,18.0,0.3289876924752701
198.0,18.0,0.3279940344147087
199.0,18.0,0.3270003763541473
200.0,18.0,0.32600671829358596
201.0,18.0,0.3250130602330245
202.0,18.0,0.32401940217246306
203.0,18.0,0.32302574411190166
204.0,18.0,0.3220320860513403
205.0,18.0,0.3210384279907789
206.0,18.0,0.3200447699302175
207.0,18.0,0.3190511118696561
208.0,18.0,0.3180574538090948
209.0,18.0,0.31706379574853333
210.0,18.0,0.31607013768797193
211.0,18.0,0.31507647962741053
212.0,18.0,0.31408282156684914
213.0,18.0,0.3130891635062878
214.0,18.0,0.3120955054457264
215.0,18.0,0.31110184738516494
216.0,18.0,0.31010818932460354
217.0,18.0,0.30911453126404215
218.0,18.0,0.30812087320348075
219.0,18.0,0.3071272151429193
220.0,18.0,0.3061335570823579
221.0,18.0,0.3051398990217965
222.0,18.0,0.3041462409612351
223.0,18.0,0.30315258290067376
224.0,18.0,0.30215892484011236
225.0,18.0,0.30116526677955097
226.0,18.0,0.3001716087189895
227.0,18.0,0.2991779506584281
228.0,18.0,0.2981842925978667
229.0,18.0,0.2971906345373054
230.0,18.0,0.296196976476744
231.0,18.0,0.2952033184161826
232.0,18.0,0.2942096603556212
233.0,18.0,0.29321600229505973
234.0,18.0,0.29222234423449833
235.0,18.0,0.291228686173937
236.0,18.0,0.2902350281133756
237.0,18.0,0.2892413700528142
238.0,18.0,0.28824771199225274
239.0,18.0,0.28725405393169134
240.0,18.0,0.28626039587112995
241.0,18.0,0.2852667378105686
242.0,18.0,0.28427307975000715
243.0,18.0,0.28164376904661304
244.0,18.0,0.26265793191489106
245.0,18.0,0.2436720947831691
246.0,18.0,0.18067602525814605
247.0,18.0,0.26446584688059516
248.0,18.0,0.32188343374961026
249.0,18.0,0.30250364127567936
250.0,18.0,0.28312384880174846
251.0,18.0,0.3150909624860817
252.0,18.0,0.27517066484518504
253.0,18.0,0.36094311239918336
254.0,18.0,0.33101676871648106
255.0,18.0,0.3504210185300014
256.0,18.0,0.2769068855092408
257.0,18.0,0.31867392270103384
258.0,18.0,0.3604409598928268
259.0,18.0,0.4769312385834248
260.0,18.0,0.468060825424038
261.0,18.0,0.4591904122646512
262.0,18.0,0.4639417934779655
263.0,18.0,0.4686931746912797
264.0,18.0,0.3855318130847842
265.0,18.0,0.38933879768580654
266.0,18.0,0.3931457822868289
267.0,18.0,0.39800576050543857
268.0,18.0,0.39041662943091426
269.0,18.0,0.37050465031771324
270.0,18.0,0.3505926712045122
271.0,18.0,0.4315696188575153
272.0,18.0,0.3679101558748103
273.0,18.0,0.40462577854850157
274.0,18.0,0.3522530503323512
275.0,18.0,0.37481002930734975
276.0,18.0,0.3337860473676332
277.0,18.0,0.3337860473676332
278.0,18.0,0.11864235854229219
279.0,18.0,0.11864235854229219
280.0,18.0,0.11864235854229219
281.0,18.0,0.11864235854229219
282.0,18.0,0.11864235854229219
283.0,18.0,0.11864235854229219
284.0,18.0,0.11864235854229219
285.0,18.0,0.11864235854229219
286.0,18.0,0.11864235854229219
287.0,18.0,0.11864235854229219
71.0,19.0,1.0
72.0,19.0,1.0
73.0,19.0,1.0
74.0,19.0,1.0
75.0,19.0,1.0
76.0,19.0,1.0
77.0,19.0,1.0
78.0,19.0,1.0
79.0,19.0,1.0
80.0,19.0,1.0
81.0,19.0,1.0
82.0,19.0,1.0
83.0,19.0,1.0
84.0,19.0,1.0
85.0,19.0,1.0
86.0,19.0,1.0
87.0,19.0,1.0
88.0,19.0,1.0
89.0,19.0,1.0
90.0,19.0,0.9602047144825202
91.0,19.0,0.9204094289650404
92.0,19.0,0.788742156422024
93.0,19.0,0.6570748838790076
94.0,19.0,0.8285374419395037
95.0,19.0,1.0
96.0,19.0,1.0
97.0,19.0,1.0
98.0,19.0,1.0
99.0,19.0,1.0
100.0,19.0,1.0
101.0,19.0,1.0
102.0,19.0,1.0
103.0,19.0,1.0
104.0,19.0,0.995728904212527
105.0,19.0,0.9914578084250542
106.0,19.0,0.9871867126375813
107.0,19.0,0.9829156168501083
108.0,19.0,0.9914578084250542
109.0,19.0,1.0
110.0,19.0,1.0
111.0,19.0,1.0
112.0,19.0,1.0
113.0,19.0,1.0
114.0,19.0,0.9267372990471985
115.0,19.0,0.8534745980943971
116.0,19.0,0.637013994897332
117.0,19.0,0.5425937270274659
118.0,19.0,0.5397037106529983
119.0,19.0,0.5368136942785309
120.0,19.0,0.5339236779040633
121.0,19.0,0.5310336615295956
122.0,19.0,0.5281436451551281
123.0,19.0,0.5252536287806605
124.0,19.0,0.522363612406193
125.0,19.0,0.5194735960317254
126.0,19.0,0.5165835796572579
127.0,19.0,0.5136935632827904
128.0,19.0,0.5108035469083227
129.0,19.0,0.5079135305338551
130.0,19.0,0.5050235141593876
131.0,19.0,0.50213349778492
132.0,19.0,0.4992434814104525
133.0,19.0,0.4963534650359849
134.0,19.0,0.4934634486615173
135.0,19.0,0.49057343228704975
136.0,19.0,0.4876834159125822
137.0,19.0,0.48479339953811457
138.0,19.0,0.4819033831636471
139.0,19.0,0.4790133667891796
140.0,19.0,0.476123350414712
141.0,19.0,0.47323333404024437
142.0,19.0,0.47034331766577686
143.0,19.0,0.46745330129130924
144.0,19.0,0.4645632849168416
145.0,19.0,0.46167326854237417
146.0,19.0,0.4587832521679066
147.0,19.0,0.455893235793439
148.0,19.0,0.4530032194189714
149.0,19.0,0.4501132030445039
150.0,19.0,0.44722318667003624
151.0,19.0,0.44433317029556874
152.0,19.0,0.44144315392110123
153.0,19.0,0.4385531375466336
154.0,19.0,0.43566312117216605
155.0,19.0,0.4327731047976985
156.0,19.0,0.4298830884232309
157.0,19.0,0.4269930720487633
158.0,19.0,0.4241030556742958
159.0,19.0,0.42121303929982823
160.0,19.0,0.4183230229253606
161.0,19.0,0.4154330065508931
162.0,19.0,0.4125429901764256
163.0,19.0,0.4096529738019579
164.0,19.0,0.4067629574274904
165.0,19.0,0.4038729410530229
166.0,19.0,0.4009829246785553
167.0,19.0,0.3980929083040877
168.0,19.0,0.39520289192962016
169.0,19.0,0.3923128755551526
170.0,19.0,0.389422859180685
171.0,19.0,0.38653284280621747
172.0,19.0,0.3836428264317499
173.0,19.0,0.3807528100572823
174.0,19.0,0.3778627936828148
175.0,19.0,0.3749727773083472
176.0,19.0,0.3720827609338796
177.0,19.0,0.36919274455941203
178.0,19.0,0.3663027281849446
179.0,19.0,0.36341271181047696
180.0,19.0,0.36052269543600934
181.0,19.0,0.3581744957226578
182.0,19.0,0.35718083766209646
183.0,19.0,0.3561871796015351
184.0,19.0,0.3551935215409737
185.0,19.0,0.3541998634804123
186.0,19.0,0.35320620541985087
187.0,19.0,0.35221254735928953
188.0,19.0,0.3512188892987281
189.0,19.0,0.35022523123816673
190.0,19.0,0.34923157317760534
191.0,19.0,0.3482379151170439
192.0,19.0,0.3472442570564825
193.0,19.0,0.3462505989959211
194.0,19.0,0.34525694093535964
195.0,19.0,0.34426328287479824
196.0,19.0,0.3432696248142369
197.0,19.0,0.34227596675367544
198.0,19.0,0.34128230869311404
199.0,19.0,0.34028865063255265
200.0,19.0,0.33929499257199125
201.0,19.0,0.33830133451142985
202.0,19.0,0.33730767645086845
203.0,19.0,0.33631401839030706
204.0,19.0,0.33532036032974566
205.0,19.0,0.33432670226918426
206.0,19.0,0.3333330442086229
207.0,19.0,0.3323393861480615
208.0,19.0,0.3313457280875001
209.0,19.0,0.33035207002693867
210.0,19.0,0.3293584119663773
211.0,19.0,0.3283647539058159
212.0,19.0,0.3273710958452545
213.0,19.0,0.3263774377846931
214.0,19.0,0.3253837797241317
215.0,19.0,0.3243901216635703
216.0,19.0,0.3233964636030089
217.0,19.0,0.3224028055424475
218.0,19.0,0.3214091474818861
219.0,19.0,0.3204154894213247
220.0,19.0,0.3194218313607633
221.0,19.0,0.3184281733002019
222.0,19.0,0.3174345152396405
223.0,19.0,0.3164408571790791
224.0,19.0,0.31544719911851776
225.0,19.0,0.3144535410579563
226.0,19.0,0.3134598829973949
227.0,19.0,0.3124662249368335
228.0,19.0,0.3114725668762721
229.0,19.0,0.3104789088157107
230.0,19.0,0.3094852507551493
231.0,19.0,0.3084915926945879
232.0,19.0,0.3074979346340265
233.0,19.0,0.3065042765734651
234.0,19.0,0.3055106185129037
235.0,19.0,0.3045169604523423
236.0,19.0,0.30352330239178094
237.0,19.0,0.30252964433121954
238.0,19.0,0.30153598627065814
239.0,19.0,0.30054232821009674
240.0,19.0,0.29954867014953535
241.0,19.0,0.29855501208897395
242.0,19.0,0.2828404802429175
243.0,19.0,0.26385464311119555
244.0,19.0,0.24486880597947364
245.0,19.0,0.2310327728901111
246.0,19.0,0.31670327837423073
247.0,19.0,0.3421065789048002
248.0,19.0,0.3227267864308693
249.0,19.0,0.3033469939569383
250.0,19.0,0.28396720148300736
251.0,19.0,0.26458740900907646
252.0,19.0,0.3503598565630748
253.0,19.0,0.43613230411707316
254.0,19.0,0.40620596043437085
255.0,19.0,0.37627961675166854
256.0,19.0,0.4180466539434615
257.0,19.0,0.45981369113525455
258.0,19.0,0.5015807283270476
259.0,19.0,0.5433477655188406
260.0,19.0,0.5344773523594538
261.0,19.0,0.5256069392000671
262.0,19.0,0.5167365260406802
263.0,19.0,0.5078661128812935
264.0,19.0,0.4247047512747979
265.0,19.0,0.3415433896683024
266.0,19.0,0.34640336788691206
267.0,19.0,0.3512633461055217
268.0,19.0,0.3436742150309974
269.0,19.0,0.3360850839564731
270.0,19.0,0.4170620316094762
271.0,19.0,0.4980389792624793
272.0,19.0,0.4343795162797743
273.0,19.0,0.37072005329706925
274.0,19.0,0.34799551984422183
275.0,19.0,0.37072005329706925
276.0,19.0,0.3337860473676332
277.0,19.0,0.3337860473676332
278.0,19.0,0.3337860473676332
279.0,19.0,0.11864235854229219
280.0,19.0,0.11864235854229219
281.0,19.0,0.11864235854229219
282.0,19.0,0.11864235854229219
283.0,19.0,0.11864235854229219
284.0,19.0,0.11864235854229219
285.0,19.0,0.11864235854229219
286.0,19.0,0.11864235854229219
287.0,19.0,0.11864235854229219
71.0,20.0,1.0
72.0,20.0,1.0
73.0,20.0,1.0
74.0,20.0,1.0
75.0,20.0,1.0
76.0,20.0,1.0
77.0,20.0,1.0
78.0,20.0,1.0
79.0,20.0,1.0
80.0,20.0,1.0
81.0,20.0,1.0
82.0,20.0,1.0
83.0,20.0,1.0
84.0,20.0,1.0
85.0,20.0,1.0
86.0,20.0,1.0
87.0,20.0,1.0
88.0,20.0,1.0
89.0,20.0,1.0
90.0,20.0,1.0
91.0,20.0,0.9602047144825202
92.0,20.0,0.8285374419395037
93.0,20.0,0.8285374419395037
94.0,20.0,1.0
95.0,20.0,0.9787586604530596
96.0,20.0,0.9575173209061193
97.0,20.0,0.9575173209061193
98.0,20.0,1.0
99.0,20.0,1.0
100.0,20.0,1.0
101.0,20.0,1.0
102.0,20.0,1.0
103.0,20.0,0.9702788700117879
104.0,20.0,1.0
105.0,20.0,0.995728904212527
106.0,20.0,0.9914578084250542
107.0,20.0,0.9846169829470253
108.0,20.0,0.9931591745219711
109.0,20.0,0.9965795872609855
110.0,20.0,1.0
111.0,20.0,1.0
112.0,20.0,1.0
113.0,20.0,1.0
114.0,20.0,0.9267372990471985
115.0,20.0,0.8901059485707978
116.0,20.0,0.8974210093705043
117.0,20.0,0.7213334628103971
118.0,20.0,0.5353829434451323
119.0,20.0,0.5324929270706646
120.0,20.0,0.529602910696197
121.0,20.0,0.5267128943217295
122.0,20.0,0.5238228779472619
123.0,20.0,0.5209328615727944
124.0,20.0,0.5180428451983268
125.0,20.0,0.5151528288238592
126.0,20.0,0.5122628124493918
127.0,20.0,0.5093727960749241
128.0,20.0,0.5064827797004565
129.0,20.0,0.503592763325989
130.0,20.0,0.5007027469515214
131.0,20.0,0.4978127305770539
132.0,20.0,0.4949227142025863
133.0,20.0,0.4920326978281187
134.0,20.0,0.4891426814536512
135.0,20.0,0.4862526650791836
136.0,20.0,0.483362648704716
137.0,20.0,0.48047263233024845
138.0,20.0,0.4775826159557809
139.0,20.0,0.4746925995813134
140.0,20.0,0.47180258320684576
141.0,20.0,0.4689125668323782
142.0,20.0,0.46602255045791063
143.0,20.0,0.46313253408344307
144.0,20.0,0.46024251770897545
145.0,20.0,0.457352501334508
146.0,20.0,0.4544624849600404
147.0,20.0,0.45157246858557276
148.0,20.0,0.44868245221110525
149.0,20.0,0.44579243583663775
150.0,20.0,0.4429024194621701
151.0,20.0,0.4400124030877025
152.0,20.0,0.43712238671323506
153.0,20.0,0.43423237033876744
154.0,20.0,0.4313423539642999
155.0,20.0,0.4284523375898323
156.0,20.0,0.42556232121536475
157.0,20.0,0.42267230484089713
158.0,20.0,0.41978228846642957
159.0,20.0,0.41689227209196206
160.0,20.0,0.41400225571749444
161.0,20.0,0.41111223934302693
162.0,20.0,0.40822222296855937
163.0,20.0,0.4053322065940917
164.0,20.0,0.40244219021962424
165.0,20.0,0.3995521738451567
166.0,20.0,0.3966621574706891
167.0,20.0,0.3937721410962215
168.0,20.0,0.390882124721754
169.0,20.0,0.38799210834728637
170.0,20.0,0.38510209197281875
171.0,20.0,0.3822120755983513
172.0,20.0,0.3804056925461158
173.0,20.0,0.3794120344855544
174.0,20.0,0.378418376424993
175.0,20.0,0.37742471836443164
176.0,20.0,0.37643106030387025
177.0,20.0,0.3754374022433088
178.0,20.0,0.3744437441827474
179.0,20.0,0.37345008612218605
180.0,20.0,0.3724564280616246
181.0,20.0,0.3714627700010632
182.0,20.0,0.3704691119405018
183.0,20.0,0.3694754538799404
184.0,20.0,0.368481795819379
185.0,20.0,0.3674881377588176
186.0,20.0,0.3664944796982562
187.0,20.0,0.3655008216376948
188.0,20.0,0.3645071635771334
189.0,20.0,0.363513505516572
190.0,20.0,0.3625198474560106
191.0,20.0,0.3615261893954492
192.0,20.0,0.36053253133488783
193.0,20.0,0.35953887327432643
194.0,20.0,0.35854521521376503
195.0,20.0,0.35755155715320364
196.0,20.0,0.35655789909264224
197.0,20.0,0.35556424103208084
198.0,20.0,0.35457058297151944
199.0,20.0,0.35357692491095805
200.0,20.0,0.35258326685039665
201.0,20.0,0.35158960878983525
202.0,20.0,0.35059595072927385
203.0,20.0,0.34960229266871246
204.0,20.0,0.34860863460815106
205.0,20.0,0.34761497654758966
206.0,20.0,0.34662131848702826
207.0,20.0,0.34562766042646687
208.0,20.0,0.34463400236590547
209.0,20.0,0.34364034430534407
210.0,20.0,0.3426466862447826
211.0,20.0,0.3416530281842213
212.0,20.0,0.3406593701236599
213.0,20.0,0.3396657120630985
214.0,20.0,0.3386720540025371
215.0,20.0,0.33767839594197563
216.0,20.0,0.3366847378814143
217.0,20.0,0.33569107982085283
218.0,20.0,0.3346974217602915
219.0,20.0,0.33370376369973004
220.0,20.0,0.33271010563916864
221.0,20.0,0.33171644757860724
222.0,20.0,0.3307227895180459
223.0,20.0,0.32972913145748445
224.0,20.0,0.3287354733969231
225.0,20.0,0.3277418153363617
226.0,20.0,0.3267481572758003
227.0,20.0,0.3257544992152389
228.0,20.0,0.3247608411546774
229.0,20.0,0.32376718309411606
230.0,20.0,0.32277352503355466
231.0,20.0,0.32177986697299327
232.0,20.0,0.32078620891243187
233.0,20.0,0.31979255085187047
234.0,20.0,0.3187988927913091
235.0,20.0,0.3178052347307477
236.0,20.0,0.3168115766701863
237.0,20.0,0.31581791860962494
238.0,20.0,0.3148242605490635
239.0,20.0,0.3138306024885021
240.0,20.0,0.30302302857094404
241.0,20.0,0.28403719143922207
242.0,20.0,0.26505135430750015
243.0,20.0,0.24606551717577818
244.0,20.0,0.2813895205220761
245.0,20.0,0.33692642352942065
246.0,20.0,0.3442360659577487
247.0,20.0,0.3515457083860768
248.0,20.0,0.3321659159121459
249.0,20.0,0.31278612343821494
250.0,20.0,0.2883744956683911
251.0,20.0,0.2639628678985672
252.0,20.0,0.4255490482809646
253.0,20.0,0.511321495834963
254.0,20.0,0.48139515215226064
255.0,20.0,0.455997323059773
256.0,20.0,0.45310760197620487
257.0,20.0,0.4948746391679979
258.0,20.0,0.5366416763597909
259.0,20.0,0.5363984472353958
260.0,20.0,0.5361552181110005
261.0,20.0,0.5272848049516138
262.0,20.0,0.518414391792227
263.0,20.0,0.49127785081095426
264.0,20.0,0.4641413098296816
265.0,20.0,0.38097994822318604
266.0,20.0,0.38583992644179566
267.0,20.0,0.43238880833367493
268.0,20.0,0.4693844122108059
269.0,20.0,0.4617952811362816
270.0,20.0,0.4835313920144402
271.0,20.0,0.5645083396674433
272.0,20.0,0.5008488766847383
273.0,20.0,0.3211810103810936
274.0,20.0,0.37072005329706925
275.0,20.0,0.37072005329706925
276.0,20.0,0.37072005329706925
277.0,20.0,0.3337860473676332
278.0,20.0,0.3337860473676332
279.0,20.0,0.11864235854229219
280.0,20.0,0.11864235854229219
281.0,20.0,0.11864235854229219
282.0,20.0,0.11864235854229219
283.0,20.0,0.11864235854229219
284.0,20.0,0.11864235854229219
285.0,20.0,0.11864235854229219
286.0,20.0,0.11864235854229219
287.0,20.0,0.11864235854229219
71.0,21.0,1.0
72.0,21.0,1.0
73.0,21.0,1.0
74.0,21.0,1.0
75.0,21.0,1.0
76.0,21.0,1.0
77.0,21.0,1.0
78.0,21.0,1.0
79.0,21.0,1.0
80.0,21.0,1.0
81.0,21.0,1.0
82.0,21.0,1.0
83.0,21.0,1.0
84.0,21.0,1.0
85.0,21.0,1.0
86.0,21.0,1.0
87.0,21.0,1.0
88.0,21.0,1.0
89.0,21.0,1.0
90.0,21.0,1.0
91.0,21.0,1.0
92.0,21.0,1.0
93.0,21.0,1.0
94.0,21.0,0.9787586604530596
95.0,21.0,0.9575173209061193
96.0,21.0,0.936275981359179
97.0,21.0,0.9150346418122386
98.0,21.0,0.9575173209061193
99.0,21.0,1.0
100.0,21.0,1.0
101.0,21.0,1.0
102.0,21.0,0.9702788700117879
103.0,21.0,0.9405577400235758
104.0,21.0,0.9702788700117879
105.0,21.0,1.0
106.0,21.0,0.9931591745219711
107.0,21.0,0.9863183490439422
108.0,21.0,0.9897387617829567
109.0,21.0,0.9931591745219711
110.0,21.0,0.9965795872609855
111.0,21.0,1.0
112.0,21.0,1.0
113.0,21.0,1.0
114.0,21.0,0.9633686495235992
115.0,21.0,0.9267372990471985
116.0,21.0,0.9340523598469049
117.0,21.0,0.9413674206466115
118.0,21.0,0.9096846577850961
119.0,21.0,0.5891923275263975
120.0,21.0,0.5252821434883309
121.0,21.0,0.5223921271138634
122.0,21.0,0.5195021107393958
123.0,21.0,0.5166120943649282
124.0,21.0,0.5137220779904605
125.0,21.0,0.510832061615993
126.0,21.0,0.5079420452415255
127.0,21.0,0.505052028867058
128.0,21.0,0.5021620124925904
129.0,21.0,0.4992719961181228
130.0,21.0,0.4963819797436553
131.0,21.0,0.49349196336918766
132.0,21.0,0.49060194699472004
133.0,21.0,0.4877119306202526
134.0,21.0,0.484821914245785
135.0,21.0,0.4819318978713174
136.0,21.0,0.4790418814968499
137.0,21.0,0.4761518651223823
138.0,21.0,0.4732618487479147
139.0,21.0,0.47037183237344715
140.0,21.0,0.46748181599897964
141.0,21.0,0.464591799624512
142.0,21.0,0.46170178325004446
143.0,21.0,0.4588117668755769
144.0,21.0,0.45592175050110934
145.0,21.0,0.4530317341266417
146.0,21.0,0.45014171775217426
147.0,21.0,0.44725170137770665
148.0,21.0,0.444361685003239
149.0,21.0,0.4414716686287715
150.0,21.0,0.4385816522543039
151.0,21.0,0.43569163587983634
152.0,21.0,0.43280161950536883
153.0,21.0,0.4299116031309013
154.0,21.0,0.4270215867564337
155.0,21.0,0.42413157038196614
156.0,21.0,0.4212415540074986
157.0,21.0,0.418351537633031
158.0,21.0,0.4154615212585634
159.0,21.0,0.41257150488409594
160.0,21.0,0.4096814885096283
161.0,21.0,0.4067914721351607
162.0,21.0,0.4039014557606932
163.0,21.0,0.40263688936957376
164.0,21.0,0.40164323130901236
165.0,21.0,0.40064957324845096
166.0,21.0,0.3996559151878895
167.0,21.0,0.39866225712732817
168.0,21.0,0.39766859906676677
169.0,21.0,0.3966749410062054
170.0,21.0,0.395681282945644
171.0,21.0,0.3946876248850826
172.0,21.0,0.3936939668245212
173.0,21.0,0.3927003087639598
174.0,21.0,0.3917066507033984
175.0,21.0,0.39071299264283704
176.0,21.0,0.3897193345822756
177.0,21.0,0.38872567652171414
178.0,21.0,0.38773201846115274
179.0,21.0,0.3867383604005914
180.0,21.0,0.38574470234003
181.0,21.0,0.3847510442794686
182.0,21.0,0.3837573862189072
183.0,21.0,0.3827637281583458
184.0,21.0,0.38177007009778435
185.0,21.0,0.38077641203722296
186.0,21.0,0.3797827539766616
187.0,21.0,0.3787890959161002
188.0,21.0,0.3777954378555388
189.0,21.0,0.3768017797949774
190.0,21.0,0.375808121734416
191.0,21.0,0.3748144636738546
192.0,21.0,0.37382080561329323
193.0,21.0,0.37282714755273183
194.0,21.0,0.37183348949217043
195.0,21.0,0.370839831431609
196.0,21.0,0.3698461733710476
197.0,21.0,0.3688525153104862
198.0,21.0,0.36785885724992484
199.0,21.0,0.3668651991893634
200.0,21.0,0.36587154112880205
201.0,21.0,0.3648778830682406
202.0,21.0,0.36388422500767914
203.0,21.0,0.36289056694711774
204.0,21.0,0.36189690888655635
205.0,21.0,0.36090325082599495
206.0,21.0,0.3599095927654336
207.0,21.0,0.3589159347048722
208.0,21.0,0.3579222766443108
209.0,21.0,0.35692861858374947
210.0,21.0,0.355934960523188
211.0,21.0,0.3549413024626266
212.0,21.0,0.3539476444020653
213.0,21.0,0.3529539863415038
214.0,21.0,0.3519603282809425
215.0,21.0,0.350966670220381
216.0,21.0,0.34997301215981963
217.0,21.0,0.34897935409925823
218.0,21.0,0.34798569603869683
219.0,21.0,0.34699203797813544
220.0,21.0,0.345998379917574
221.0,21.0,0.3450047218570126
222.0,21.0,0.3440110637964512
223.0,21.0,0.3430174057358898
224.0,21.0,0.3420237476753284
225.0,21.0,0.34103008961476705
226.0,21.0,0.3400364315542056
227.0,21.0,0.33904277349364426
228.0,21.0,0.33804911543308286
229.0,21.0,0.3370554573725214
230.0,21.0,0.33606179931196006
231.0,21.0,0.33506814125139867
232.0,21.0,0.33407448319083727
233.0,21.0,0.33308082513027587
234.0,21.0,0.3320871670697144
235.0,21.0,0.3310935090091531
236.0,21.0,0.3300998509485916
237.0,21.0,0.3291061928880302
238.0,21.0,0.3232055768989705
239.0,21.0,0.3042197397672486
240.0,21.0,0.2852339026355266
241.0,21.0,0.26624806550380464
242.0,21.0,0.2498371303932624
243.0,21.0,0.3317462681540411
244.0,21.0,0.3390559105823692
245.0,21.0,0.34636555301069727
246.0,21.0,0.3536751954390253
247.0,21.0,0.3609848378673534
248.0,21.0,0.33657321009752955
249.0,21.0,0.3121615823277057
250.0,21.0,0.2877499545578818
251.0,21.0,0.26333832678805796
252.0,21.0,0.4249245071704554
253.0,21.0,0.5865106875528527
254.0,21.0,0.5611128584603651
255.0,21.0,0.5357150293678774
256.0,21.0,0.5328253082843093
257.0,21.0,0.5299355872007412
258.0,21.0,0.529692358076346
259.0,21.0,0.5294491289519508
260.0,21.0,0.5292058998275557
261.0,21.0,0.5289626707031605
262.0,21.0,0.5018261297218878
263.0,21.0,0.47468958874061506
264.0,21.0,0.4475530477593424
265.0,21.0,0.4204165067780697
266.0,21.0,0.46696538866994897
267.0,21.0,0.5135142705618282
268.0,21.0,0.5505098744389592
269.0,21.0,0.5875054783160901
270.0,21.0,0.6092415891942486
271.0,21.0,0.6309777000724073
272.0,21.0,0.2943665009179653
273.0,21.0,0.37072005329706925
274.0,21.0,0.37072005329706925
275.0,21.0,0.37072005329706925
276.0,21.0,0.37072005329706925
277.0,21.0,0.37072005329706925
278.0,21.0,0.3337860473676332
279.0,21.0,0.3337860473676332
280.0,21.0,0.11864235854229219
281.0,21.0,0.11864235854229219
282.0,21.0,0.11864235854229219
283.0,21.0,0.11864235854229219
284.0,21.0,0.11864235854229219
285.0,21.0,0.11864235854229219
286.0,21.0,0.11864235854229219
287.0,21.0,0.11864235854229219
71.0,22.0,1.0
72.0,22.0,1.0
73.0,22.0,1.0
74.0,22.0,1.0
75.0,22.0,1.0
76.0,22.0,1.0
77.0,22.0,1.0
78.0,22.0,1.0
79.0,22.0,1.0
80.0,22.0,1.0
81.0,22.0,1.0
82.0,22.0,1.0
83.0,22.0,1.0
84.0,22.0,1.0
85.0,22.0,1.0
86.0,22.0,1.0
87.0,22.0,1.0
88.0,22.0,1.0
89.0,22.0,1.0
90.0,22.0,1.0
91.0,22.0,1.0
92.0,22.0,1.0
93.0,22.0,1.0
94.0,22.0,1.0
95.0,22.0,0.9787586604530596
96.0,22.0,0.9575173209061193
97.0,22.0,0.9575173209061193
98.0,22.0,1.0
99.0,22.0,1.0
100.0,22.0,1.0
101.0,22.0,1.0
102.0,22.0,1.0
103.0,22.0,0.9702788700117879
104.0,22.0,1.0
105.0,22.0,1.0
106.0,22.0,0.865662404153619
107.0,22.0,0.8588215786755901
108.0,22.0,0.9931591745219711
109.0,22.0,0.9965795872609855
110.0,22.0,1.0
111.0,22.0,0.9728461058551051
112.0,22.0,0.9456922117102102
113.0,22.0,0.9456922117102102
114.0,22.0,1.0
115.0,22.0,0.9633686495235992
116.0,22.0,0.9706837103233057
117.0,22.0,0.9706837103233057
118.0,22.0,0.9621573896922544
119.0,22.0,0.9536310690612033
120.0,22.0,0.6735117954394627
121.0,22.0,0.5180713599059972
122.0,22.0,0.5151813435315296
123.0,22.0,0.5122913271570619
124.0,22.0,0.5094013107825944
125.0,22.0,0.5065112944081269
126.0,22.0,0.5036212780336593
127.0,22.0,0.5007312616591918
128.0,22.0,0.4978412452847242
129.0,22.0,0.4949512289102566
130.0,22.0,0.49206121253578905
131.0,22.0,0.48917119616132143
132.0,22.0,0.48628117978685387
133.0,22.0,0.4833911634123864
134.0,22.0,0.4805011470379188
135.0,22.0,0.4776111306634513
136.0,22.0,0.47472111428898367
137.0,22.0,0.47183109791451616
138.0,22.0,0.46894108154004854
139.0,22.0,0.4660510651655809
140.0,22.0,0.46316104879111347
141.0,22.0,0.46027103241664585
142.0,22.0,0.45738101604217823
143.0,22.0,0.4544909996677107
144.0,22.0,0.4516009832932431
145.0,22.0,0.4487109669187756
146.0,22.0,0.44582095054430804
147.0,22.0,0.4429309341698405
148.0,22.0,0.4400409177953729
149.0,22.0,0.43715090142090535
150.0,22.0,0.43426088504643773
151.0,22.0,0.43137086867197016
152.0,22.0,0.4284808522975026
153.0,22.0,0.42586174425359313
154.0,22.0,0.4248680861930317
155.0,22.0,0.4238744281324703
156.0,22.0,0.4228807700719089
157.0,22.0,0.4218871120113475
158.0,22.0,0.4208934539507861
159.0,22.0,0.4198997958902247
160.0,22.0,0.4189061378296633
161.0,22.0,0.41791247976910184
162.0,22.0,0.4169188217085405
163.0,22.0,0.4159251636479791
164.0,22.0,0.41493150558741776
165.0,22.0,0.41393784752685636
166.0,22.0,0.41294418946629496
167.0,22.0,0.41195053140573357
168.0,22.0,0.41095687334517217
169.0,22.0,0.4099632152846107
170.0,22.0,0.4089695572240493
171.0,22.0,0.4079758991634879
172.0,22.0,0.40698224110292647
173.0,22.0,0.40598858304236507
174.0,22.0,0.40499492498180373
175.0,22.0,0.40400126692124233
176.0,22.0,0.403007608860681
177.0,22.0,0.4020139508001195
178.0,22.0,0.4010202927395581
179.0,22.0,0.4000266346789967
180.0,22.0,0.39903297661843534
181.0,22.0,0.398039318557874
182.0,22.0,0.3970456604973126
183.0,22.0,0.3960520024367511
184.0,22.0,0.3950583443761897
185.0,22.0,0.39406468631562835
186.0,22.0,0.393071028255067
187.0,22.0,0.3920773701945056
188.0,22.0,0.3910837121339441
189.0,22.0,0.3900900540733827
190.0,22.0,0.3890963960128213
191.0,22.0,0.38810273795225997
192.0,22.0,0.38710907989169857
193.0,22.0,0.3861154218311372
194.0,22.0,0.3851217637705757
195.0,22.0,0.3841281057100143
196.0,22.0,0.3831344476494529
197.0,22.0,0.3821407895888915
198.0,22.0,0.38114713152833013
199.0,22.0,0.38015347346776873
200.0,22.0,0.37915981540720733
201.0,22.0,0.37816615734664594
202.0,22.0,0.37717249928608454
203.0,22.0,0.37617884122552314
204.0,22.0,0.37518518316496174
205.0,22.0,0.37419152510440035
206.0,22.0,0.37319786704383895
207.0,22.0,0.37220420898327755
208.0,22.0,0.37121055092271615
209.0,22.0,0.37021689286215476
210.0,22.0,0.36922323480159336
211.0,22.0,0.36822957674103196
212.0,22.0,0.36723591868047056
213.0,22.0,0.36624226061990917
214.0,22.0,0.36524860255934777
215.0,22.0,0.36425494449878637
216.0,22.0,0.363261286438225
217.0,22.0,0.3622676283776636
218.0,22.0,0.3612739703171022
219.0,22.0,0.3602803122565408
220.0,22.0,0.3592866541959794
221.0,22.0,0.358292996135418
222.0,22.0,0.3572993380748566
223.0,22.0,0.3563056800142952
224.0,22.0,0.3553120219537338
225.0,22.0,0.3543183638931724
226.0,22.0,0.353324705832611
227.0,22.0,0.3523310477720496
228.0,22.0,0.3513373897114882
229.0,22.0,0.3503437316509268
230.0,22.0,0.34935007359036535
231.0,22.0,0.348356415529804
232.0,22.0,0.3473627574692426
233.0,22.0,0.34636909940868116
234.0,22.0,0.34537544134811976
235.0,22.0,0.3443817832875584
236.0,22.0,0.343388125226997
237.0,22.0,0.32440228809527505
238.0,22.0,0.3054164509635531
239.0,22.0,0.28643061383183116
240.0,22.0,0.26744477670010924
241.0,22.0,0.30019387802522746
242.0,22.0,0.3433452998427787
243.0,22.0,0.4236689224196766
244.0,22.0,0.3627743147916441
245.0,22.0,0.3700839572199722
246.0,22.0,0.3773935996483003
247.0,22.0,0.36484667369036194
248.0,22.0,0.35229974773242356
249.0,22.0,0.3278881199625997
250.0,22.0,0.30347649219277584
251.0,22.0,0.38627574833549194
252.0,22.0,0.4054276484415582
253.0,22.0,0.5670138288239556
254.0,22.0,0.5416159997314679
255.0,22.0,0.5402350979470305
256.0,22.0,0.5348900617283507
257.0,22.0,0.5320003406447826
258.0,22.0,0.5078700557757789
259.0,22.0,0.4837397709067753
260.0,22.0,0.4834965417823801
261.0,22.0,0.48325331265798493
262.0,22.0,0.4956333607076452
263.0,22.0,0.46849681972637247
264.0,22.0,0.44136027874509975
265.0,22.0,0.3565275759007105
266.0,22.0,0.5480908508981022
267.0,22.0,0.5946397327899815
268.0,22.0,0.6316353366671124
269.0,22.0,0.653371447545271
270.0,22.0,0.6041631906092791
271.0,22.0,0.6309777000724073
272.0,22.0,0.6309777000724073
273.0,22.0,0.6309777000724073
274.0,22.0,0.37072005329706925
275.0,22.0,0.37072005329706925
276.0,22.0,0.37072005329706925
277.0,22.0,0.37072005329706925
278.0,22.0,0.37072005329706925
279.0,22.0,0.3337860473676332
280.0,22.0,0.11864235854229219
281.0,22.0,0.11864235854229219
282.0,22.0,0.11864235854229219
283.0,22.0,0.11864235854229219
284.0,22.0,0.11864235854229219
285.0,22.0,0.11864235854229219
286.0,22.0,0.11864235854229219
287.0,22.0,0.11864235854229219
71.0,23.0,1.0
72.0,23.0,1.0
73.0,23.0,1.0
74.0,23.0,1.0
75.0,23.0,1.0
76.0,23.0,1.0
77.0,23.0,1.0
78.0,23.0,1.0
79.0,23.0,1.0
80.0,23.0,1.0
81.0,23.0,1.0
82.0,23.0,1.0
83.0,23.0,1.0
84.0,23.0,1.0
85.0,23.0,1.0
86.0,23.0,1.0
87.0,23.0,1.0
88.0,23.0,1.0
89.0,23.0,1.0
90.0,23.0,1.0
91.0,23.0,1.0
92.0,23.0,1.0
93.0,23.0,1.0
94.0,23.0,1.0
95.0,23.0,1.0
96.0,23.0,1.0
97.0,23.0,1.0
98.0,23.0,1.0
99.0,23.0,1.0
100.0,23.0,1.0
101.0,23.0,1.0
102.0,23.0,1.0
103.0,23.0,1.0
104.0,23.0,1.0
105.0,23.0,1.0
106.0,23.0,0.865662404153619
107.0,23.0,0.7313248083072379
108.0,23.0,0.865662404153619
109.0,23.0,1.0
110.0,23.0,0.9728461058551051
111.0,23.0,0.9456922117102102
112.0,23.0,0.9185383175653155
113.0,23.0,0.8913844234204206
114.0,23.0,0.9456922117102102
115.0,23.0,1.0
116.0,23.0,1.0
117.0,23.0,1.0
118.0,23.0,0.9914736793689487
119.0,23.0,0.9829473587378975
120.0,23.0,0.9744210381068463
121.0,23.0,0.965894717475795
122.0,23.0,0.5413706601554629
123.0,23.0,0.5079705599491958
124.0,23.0,0.5050805435747283
125.0,23.0,0.5021905272002607
126.0,23.0,0.4993005108257931
127.0,23.0,0.49641049445132557
128.0,23.0,0.493520478076858
129.0,23.0,0.49063046170239044
130.0,23.0,0.4877404453279229
131.0,23.0,0.4848504289534553
132.0,23.0,0.48196041257898775
133.0,23.0,0.47907039620452013
134.0,23.0,0.4761803798300527
135.0,23.0,0.47329036345558506
136.0,23.0,0.47040034708111744
137.0,23.0,0.46751033070664993
138.0,23.0,0.4646203143321823
139.0,23.0,0.46173029795771475
140.0,23.0,0.4588402815832472
141.0,23.0,0.4559502652087797
142.0,23.0,0.4530602488343121
143.0,23.0,0.45017023245984455
144.0,23.0,0.4480929410770511
145.0,23.0,0.44709928301648966
146.0,23.0,0.44610562495592826
147.0,23.0,0.4451119668953668
148.0,23.0,0.4441183088348054
149.0,23.0,0.44312465077424407
150.0,23.0,0.44213099271368267
151.0,23.0,0.4411373346531212
152.0,23.0,0.4401436765925598
153.0,23.0,0.4391500185319984
154.0,23.0,0.438156360471437
155.0,23.0,0.4371627024108756
156.0,23.0,0.4361690443503143
157.0,23.0,0.43517538628975294
158.0,23.0,0.4341817282291915
159.0,23.0,0.4331880701686301
160.0,23.0,0.43219441210806875
161.0,23.0,0.43120075404750735
162.0,23.0,0.43020709598694584
163.0,23.0,0.42921343792638444
164.0,23.0,0.42821977986582305
165.0,23.0,0.42722612180526165
166.0,23.0,0.42623246374470025
167.0,23.0,0.42523880568413885
168.0,23.0,0.42424514762357746
169.0,23.0,0.42325148956301606
170.0,23.0,0.42225783150245466
171.0,23.0,0.42126417344189326
172.0,23.0,0.42027051538133187
173.0,23.0,0.41927685732077047
174.0,23.0,0.41828319926020907
175.0,23.0,0.41728954119964773
176.0,23.0,0.41629588313908633
177.0,23.0,0.4153022250785249
178.0,23.0,0.4143085670179635
179.0,23.0,0.41331490895740214
180.0,23.0,0.4123212508968407
181.0,23.0,0.4113275928362793
182.0,23.0,0.4103339347757179
183.0,23.0,0.4093402767151565
184.0,23.0,0.4083466186545951
185.0,23.0,0.4073529605940337
186.0,23.0,0.4063593025334723
187.0,23.0,0.4053656444729109
188.0,23.0,0.40437198641234945
189.0,23.0,0.40337832835178805
190.0,23.0,0.4023846702912267
191.0,23.0,0.4013910122306653
192.0,23.0,0.4003973541701039
193.0,23.0,0.3994036961095425
194.0,23.0,0.3984100380489811
195.0,23.0,0.3974163799884197
196.0,23.0,0.3964227219278583
197.0,23.0,0.3954290638672969
198.0,23.0,0.39443540580673553
199.0,23.0,0.39344174774617413
200.0,23.0,0.39244808968561273
201.0,23.0,0.39145443162505134
202.0,23.0,0.39046077356448994
203.0,23.0,0.38946711550392854
204.0,23.0,0.3884734574433671
205.0,23.0,0.3874797993828057
206.0,23.0,0.3864861413222443
207.0,23.0,0.38549248326168295
208.0,23.0,0.38449882520112155
209.0,23.0,0.3835051671405601
210.0,23.0,0.38251150907999876
211.0,23.0,0.38151785101943736
212.0,23.0,0.38052419295887596
213.0,23.0,0.37953053489831456
214.0,23.0,0.37853687683775317
215.0,23.0,0.37754321877719177
216.0,23.0,0.37654956071663037
217.0,23.0,0.375555902656069
218.0,23.0,0.3745622445955076
219.0,23.0,0.3735685865349461
220.0,23.0,0.3725749284743847
221.0,23.0,0.37158127041382333
222.0,23.0,0.370587612353262
223.0,23.0,0.36959395429270053
224.0,23.0,0.36860029623213914
225.0,23.0,0.36760663817157774
226.0,23.0,0.36661298011101634
227.0,23.0,0.3656193220504549
228.0,23.0,0.36462566398989354
229.0,23.0,0.36363200592933215
230.0,23.0,0.36263834786877075
231.0,23.0,0.3616446898082094
232.0,23.0,0.36065103174764795
233.0,23.0,0.35965737368708656
234.0,23.0,0.3586637156265252
235.0,23.0,0.34458483642330157
236.0,23.0,0.3255989992915796
237.0,23.0,0.3066131621598577
238.0,23.0,0.2876273250281357
239.0,23.0,0.26864148789641373
240.0,23.0,0.311792909713965
241.0,23.0,0.3549443315315162
242.0,23.0,0.4352679541084141
243.0,23.0,0.515591576685312
244.0,23.0,0.4546969690572796
245.0,23.0,0.3938023614292472
246.0,23.0,0.3812554354713088
247.0,23.0,0.3687085095133705
248.0,23.0,0.3561615835554321
249.0,23.0,0.34361465759749377
250.0,23.0,0.42641391374020987
251.0,23.0,0.509213169882926
252.0,23.0,0.5283650699889921
253.0,23.0,0.5475169700950584
254.0,23.0,0.546136068310621
255.0,23.0,0.5447551665261836
256.0,23.0,0.5394101303075038
257.0,23.0,0.5340650940888241
258.0,23.0,0.5099348092198204
259.0,23.0,0.4858045243508167
260.0,23.0,0.461674239481813
261.0,23.0,0.43754395461280937
262.0,23.0,0.4499240026624696
263.0,23.0,0.4623040507121299
264.0,23.0,0.3774713478677406
265.0,23.0,0.29263864502335135
266.0,23.0,0.484201920020743
267.0,23.0,0.6757651950181347
268.0,23.0,0.6265569380821429
269.0,23.0,0.577348681146151
270.0,23.0,0.5875054783160901
271.0,23.0,0.6309777000724073
272.0,23.0,0.6309777000724073
273.0,23.0,0.6309777000724073
274.0,23.0,0.6309777000724073
275.0,23.0,0.37072005329706925
276.0,23.0,0.37072005329706925
277.0,23.0,0.37072005329706925
278.0,23.0,0.37072005329706925
279.0,23.0,0.37072005329706925
280.0,23.0,0.3337860473676332
281.0,23.0,0.11864235854229219
282.0,23.0,0.11864235854229219
283.0,23.0,0.11864235854229219
284.0,23.0,0.11864235854229219
285.0,23.0,0.11864235854229219
286.0,23.0,0.11864235854229219
287.0,23.0,0.11864235854229219
71.0,24.0,1.0
72.0,24.0,1.0
73.0,24.0,1.0
74.0,24.0,1.0
75.0,24.0,1.0
76.0,24.0,1.0
77.0,24.0,1.0
78.0,24.0,1.0
79.0,24.0,1.0
80.0,24.0,1.0
81.0,24.0,1.0
82.0,24.0,1.0
83.0,24.0,1.0
84.0,24.0,1.0
85.0,24.0,1.0
86.0,24.0,1.0
87.0,24.0,1.0
88.0,24.0,1.0
89.0,24.0,1.0
90.0,24.0,1.0
91.0,24.0,1.0
92.0,24.0,1.0
93.0,24.0,1.0
94.0,24.0,1.0
95.0,24.0,1.0
96.0,24.0,1.0
97.0,24.0,1.0
98.0,24.0,1.0
99.0,24.0,1.0
100.0,24.0,1.0
101.0,24.0,0.9523078890167498
102.0,24.0,0.9523078890167498
103.0,24.0,1.0
104.0,24.0,1.0
105.0,24.0,1.0
106.0,24.0,0.865662404153619
107.0,24.0,0.865662404153619
108.0,24.0,1.0
109.0,24.0,1.0
110.0,24.0,1.0
111.0,24.0,0.9728461058551051
112.0,24.0,0.9456922117102102
113.0,24.0,0.9456922117102102
114.0,24.0,1.0
115.0,24.0,1.0
116.0,24.0,1.0
117.0,24.0,1.0
118.0,24.0,1.0
119.0,24.0,0.9914736793689487
120.0,24.0,0.9829473587378975
121.0,24.0,0.9744210381068463
122.0,24.0,0.9829473587378975
123.0,24.0,0.7297218551301616
124.0,24.0,0.5007597763668621
125.0,24.0,0.4978697599923946
126.0,24.0,0.49497974361792696
127.0,24.0,0.49208972724345934
128.0,24.0,0.4891997108689919
129.0,24.0,0.48630969449452427
130.0,24.0,0.4834196781200567
131.0,24.0,0.48052966174558914
132.0,24.0,0.4776396453711216
133.0,24.0,0.474749628996654
134.0,24.0,0.47185961262218645
135.0,24.0,0.47032413790050903
136.0,24.0,0.46933047983994763
137.0,24.0,0.4683368217793863
138.0,24.0,0.4673431637188248
139.0,24.0,0.4663495056582634
140.0,24.0,0.465355847597702
141.0,24.0,0.4643621895371406
142.0,24.0,0.46336853147657925
143.0,24.0,0.4623748734160178
144.0,24.0,0.4613812153554564
145.0,24.0,0.460387557294895
146.0,24.0,0.4593938992343336
147.0,24.0,0.4584002411737722
148.0,24.0,0.4574065831132108
149.0,24.0,0.4564129250526494
150.0,24.0,0.455419266992088
151.0,24.0,0.4544256089315266
152.0,24.0,0.4534319508709653
153.0,24.0,0.4524382928104038
154.0,24.0,0.4514446347498425
155.0,24.0,0.450450976689281
156.0,24.0,0.4494573186287196
157.0,24.0,0.44846366056815823
158.0,24.0,0.4474700025075968
159.0,24.0,0.44647634444703543
160.0,24.0,0.44548268638647404
161.0,24.0,0.44448902832591264
162.0,24.0,0.44349537026535124
163.0,24.0,0.44250171220478984
164.0,24.0,0.4415080541442284
165.0,24.0,0.44051439608366705
166.0,24.0,0.43952073802310565
167.0,24.0,0.43852707996254425
168.0,24.0,0.43753342190198286
169.0,24.0,0.43653976384142146
170.0,24.0,0.43554610578086
171.0,24.0,0.43455244772029866
172.0,24.0,0.43355878965973726
173.0,24.0,0.43256513159917587
174.0,24.0,0.43157147353861447
175.0,24.0,0.430577815478053
176.0,24.0,0.4295841574174916
177.0,24.0,0.4285904993569303
178.0,24.0,0.4275968412963689
179.0,24.0,0.4266031832358075
180.0,24.0,0.4256095251752461
181.0,24.0,0.4246158671146847
182.0,24.0,0.4236222090541232
183.0,24.0,0.42262855099356184
184.0,24.0,0.42163489293300044
185.0,24.0,0.42064123487243904
186.0,24.0,0.4196475768118777
187.0,24.0,0.4186539187513163
188.0,24.0,0.4176602606907549
189.0,24.0,0.41666660263019345
190.0,24.0,0.41567294456963205
191.0,24.0,0.4146792865090707
192.0,24.0,0.4136856284485093
193.0,24.0,0.41269197038794786
194.0,24.0,0.4116983123273865
195.0,24.0,0.41070465426682506
196.0,24.0,0.40971099620626367
197.0,24.0,0.4087173381457022
198.0,24.0,0.40772368008514087
199.0,24.0,0.40673002202457953
200.0,24.0,0.40573636396401813
201.0,24.0,0.4047427059034566
202.0,24.0,0.40374904784289534
203.0,24.0,0.40275538978233383
204.0,24.0,0.4017617317217725
205.0,24.0,0.4007680736612111
206.0,24.0,0.3997744156006497
207.0,24.0,0.3987807575400883
208.0,24.0,0.3977870994795269
209.0,24.0,0.3967934414189655
210.0,24.0,0.3957997833584041
211.0,24.0,0.3948061252978427
212.0,24.0,0.3938124672372813
213.0,24.0,0.39281880917671985
214.0,24.0,0.39182515111615845
215.0,24.0,0.39083149305559706
216.0,24.0,0.38983783499503566
217.0,24.0,0.38884417693447426
218.0,24.0,0.3878505188739129
219.0,24.0,0.38685686081335147
220.0,24.0,0.38586320275279007
221.0,24.0,0.3848695446922287
222.0,24.0,0.3838758866316673
223.0,24.0,0.3828822285711059
224.0,24.0,0.38188857051054453
225.0,24.0,0.38089491244998314
226.0,24.0,0.37990125438942174
227.0,24.0,0.3789075963288604
228.0,24.0,0.3779139382682989
229.0,24.0,0.3769202802077375
230.0,24.0,0.37592662214717604
231.0,24.0,0.3749329640866147
232.0,24.0,0.3739393060260533
233.0,24.0,0.364767384751328
234.0,24.0,0.3457815476196061
235.0,24.0,0.32679571048788414
236.0,24.0,0.30780987335616217
237.0,24.0,0.29243116111160367
238.0,24.0,0.2992962025678718
239.0,24.0,0.3240614071565554
240.0,24.0,0.34882661174523893
241.0,24.0,0.39197803356279015
242.0,24.0,0.47230165613968805
243.0,24.0,0.4506916722703793
244.0,24.0,0.3898946696204807
245.0,24.0,0.32900006199244825
246.0,24.0,0.3906684438877121
247.0,24.0,0.45233682578297596
248.0,24.0,0.4397898998250376
249.0,24.0,0.42724297386709925
250.0,24.0,0.5493513352876438
251.0,24.0,0.63215059143036
252.0,24.0,0.6513024915364262
253.0,24.0,0.40589917724149305
254.0,24.0,0.5506561368897742
255.0,24.0,0.5492752351053367
256.0,24.0,0.543930198886657
257.0,24.0,0.480134173119151
258.0,24.0,0.4917417483568076
259.0,24.0,0.4676114634878039
260.0,24.0,0.4434811786188002
261.0,24.0,0.5126526504277071
262.0,24.0,0.567824265538072
263.0,24.0,0.5802043135877322
264.0,24.0,0.49537161074334296
265.0,24.0,0.3370016445909231
266.0,24.0,0.5285649195883148
267.0,24.0,0.5997424286190147
268.0,24.0,0.5505341716830228
269.0,24.0,0.6757651950181347
270.0,24.0,0.5875054783160901
271.0,24.0,0.6309777000724073
272.0,24.0,0.6309777000724073
273.0,24.0,0.6309777000724073
274.0,24.0,0.6309777000724073
275.0,24.0,0.6309777000724073
276.0,24.0,0.37072005329706925
277.0,24.0,0.37072005329706925
278.0,24.0,0.37072005329706925
279.0,24.0,0.37072005329706925
280.0,24.0,0.37072005329706925
281.0,24.0,0.11864235854229219
282.0,24.0,0.11864235854229219
283.0,24.0,0.11864235854229219
284.0,24.0,0.11864235854229219
285.0,24.0,0.11864235854229219
286.0,24.0,0.11864235854229219
287.0,24.0,0.11864235854229219
71.0,25.0,1.0
72.0,25.0,1.0
73.0,25.0,1.0
74.0,25.0,1.0
75.0,25.0,1.0
76.0,25.0,1.0
77.0,25.0,1.0
78.0,25.0,1.0
79.0,25.0,1.0
80.0,25.0,1.0
81.0,25.0,1.0
82.0,25.0,1.0
83.0,25.0,1.0
84.0,25.0,1.0
85.0,25.0,1.0
86.0,25.0,1.0
87.0,25.0,1.0
88.0,25.0,1.0
89.0,25.0,1.0
90.0,25.0,1.0
91.0,25.0,1.0
92.0,25.0,1.0
93.0,25.0,1.0
94.0,25.0,1.0
95.0,25.0,1.0
96.0,25.0,1.0
97.0,25.0,1.0
98.0,25.0,1.0
99.0,25.0,1.0
100.0,25.0,0.9523078890167498
101.0,25.0,0.9046157780334995
102.0,25.0,0.9523078890167498
103.0,25.0,1.0
104.0,25.0,1.0
105.0,25.0,1.0
106.0,25.0,1.0
107.0,25.0,1.0
108.0,25.0,1.0
109.0,25.0,1.0
110.0,25.0,1.0
111.0,25.0,1.0
112.0,25.0,1.0
113.0,25.0,1.0
114.0,25.0,1.0
115.0,25.0,1.0
116.0,25.0,1.0
117.0,25.0,1.0
118.0,25.0,1.0
119.0,25.0,1.0
120.0,25.0,0.9914736793689487
121.0,25.0,0.9829473587378975
122.0,25.0,0.9914736793689487
123.0,25.0,1.0
124.0,25.0,0.7467744963922642
125.0,25.0,0.49354899278452835
126.0,25.0,0.49255533472396695
127.0,25.0,0.4915616766634056
128.0,25.0,0.49056801860284416
129.0,25.0,0.48957436054228276
130.0,25.0,0.48858070248172136
131.0,25.0,0.48758704442115997
132.0,25.0,0.48659338636059857
133.0,25.0,0.48559972830003717
134.0,25.0,0.4846060702394757
135.0,25.0,0.4836124121789143
136.0,25.0,0.482618754118353
137.0,25.0,0.4816250960577916
138.0,25.0,0.4806314379972302
139.0,25.0,0.47963777993666873
140.0,25.0,0.47864412187610733
141.0,25.0,0.477650463815546
142.0,25.0,0.4766568057549846
143.0,25.0,0.4756631476944232
144.0,25.0,0.4746694896338618
145.0,25.0,0.4736758315733004
146.0,25.0,0.472682173512739
147.0,25.0,0.4716885154521776
148.0,25.0,0.4706948573916162
149.0,25.0,0.4697011993310547
150.0,25.0,0.4687075412704933
151.0,25.0,0.46771388320993196
152.0,25.0,0.46672022514937056
153.0,25.0,0.4657265670888092
154.0,25.0,0.4647329090282478
155.0,25.0,0.4637392509676864
156.0,25.0,0.462745592907125
157.0,25.0,0.46175193484656357
158.0,25.0,0.4607582767860022
159.0,25.0,0.45976461872544083
160.0,25.0,0.45877096066487943
161.0,25.0,0.45777730260431804
162.0,25.0,0.45678364454375664
163.0,25.0,0.4557899864831952
164.0,25.0,0.4547963284226338
165.0,25.0,0.45380267036207234
166.0,25.0,0.452809012301511
167.0,25.0,0.45181535424094965
168.0,25.0,0.45082169618038814
169.0,25.0,0.44982803811982675
170.0,25.0,0.44883438005926535
171.0,25.0,0.44784072199870395
172.0,25.0,0.4468470639381426
173.0,25.0,0.44585340587758127
174.0,25.0,0.4448597478170198
175.0,25.0,0.44386608975645836
176.0,25.0,0.44287243169589696
177.0,25.0,0.4418787736353356
178.0,25.0,0.44088511557477417
179.0,25.0,0.4398914575142128
180.0,25.0,0.4388977994536514
181.0,25.0,0.43790414139309
182.0,25.0,0.4369104833325286
183.0,25.0,0.43591682527196723
184.0,25.0,0.43492316721140584
185.0,25.0,0.43392950915084444
186.0,25.0,0.432935851090283
187.0,25.0,0.4319421930297216
188.0,25.0,0.4309485349691602
189.0,25.0,0.4299548769085988
190.0,25.0,0.4289612188480374
191.0,25.0,0.427967560787476
192.0,25.0,0.42697390272691466
193.0,25.0,0.4259802446663532
194.0,25.0,0.4249865866057918
195.0,25.0,0.4239929285452304
196.0,25.0,0.422999270484669
197.0,25.0,0.4220056124241076
198.0,25.0,0.4210119543635462
199.0,25.0,0.4200182963029848
200.0,25.0,0.4190246382424234
201.0,25.0,0.4180309801818621
202.0,25.0,0.4170373221213006
203.0,25.0,0.4160436640607392
204.0,25.0,0.41505000600017783
205.0,25.0,0.41405634793961643
206.0,25.0,0.41306268987905503
207.0,25.0,0.41206903181849364
208.0,25.0,0.41107537375793224
209.0,25.0,0.41008171569737084
210.0,25.0,0.4090880576368094
211.0,25.0,0.408094399576248
212.0,25.0,0.4071007415156866
213.0,25.0,0.4061070834551252
214.0,25.0,0.40511342539456385
215.0,25.0,0.40411976733400246
216.0,25.0,0.40312610927344106
217.0,25.0,0.40213245121287966
218.0,25.0,0.40113879315231826
219.0,25.0,0.40014513509175687
220.0,25.0,0.3991514770311955
221.0,25.0,0.39815781897063407
222.0,25.0,0.39716416091007267
223.0,25.0,0.3961705028495112
224.0,25.0,0.3951768447889498
225.0,25.0,0.3941831867283884
226.0,25.0,0.393189528667827
227.0,25.0,0.3921958706072657
228.0,25.0,0.39120221254670423
229.0,25.0,0.39020855448614283
230.0,25.0,0.3892148964255815
231.0,25.0,0.3849499330793545
232.0,25.0,0.3659640959476326
233.0,25.0,0.3469782588159106
234.0,25.0,0.32799242168418863
235.0,25.0,0.31622083432679354
236.0,25.0,0.307742247935739
237.0,25.0,0.32995091723932995
238.0,25.0,0.3547161218280135
239.0,25.0,0.3794813264166971
240.0,25.0,0.4042465310053806
241.0,25.0,0.42901173559406414
242.0,25.0,0.40740175172475546
243.0,25.0,0.3857917678554468
244.0,25.0,0.32499476520554804
245.0,25.0,0.26419776255564936
246.0,25.0,0.3258661444509132
247.0,25.0,0.387534526346177
248.0,25.0,0.4492029082414409
249.0,25.0,0.5108712901367047
250.0,25.0,0.6329796515572493
251.0,25.0,0.7550880129777939
252.0,25.0,0.5096846986828608
253.0,25.0,0.2642813843879277
254.0,25.0,0.4090383440362088
255.0,25.0,0.5537953036844899
256.0,25.0,0.48999927791698394
257.0,25.0,0.42620325214947796
258.0,25.0,0.4378108273871345
259.0,25.0,0.4494184026247911
260.0,25.0,0.518589874433698
261.0,25.0,0.5877613462426048
262.0,25.0,0.6429329613529697
263.0,25.0,0.6981045764633346
264.0,25.0,0.5397346103109147
265.0,25.0,0.38136464415849486
266.0,25.0,0.5729279191558865
267.0,25.0,0.5237196622198947
268.0,25.0,0.6757651950181347
269.0,25.0,0.6757651950181347
270.0,25.0,0.6757651950181347
271.0,25.0,0.6309777000724073
272.0,25.0,0.6309777000724073
273.0,25.0,0.6309777000724073
274.0,25.0,0.6309777000724073
275.0,25.0,0.6309777000724073
276.0,25.0,0.6309777000724073
277.0,25.0,0.37072005329706925
278.0,25.0,0.37072005329706925
279.0,25.0,0.37072005329706925
280.0,25.0,0.37072005329706925
281.0,25.0,0.37072005329706925
282.0,25.0,0.11864235854229219
283.0,25.0,0.11864235854229219
284.0,25.0,0.11864235854229219
285.0,25.0,0.11864235854229219
286.0,25.0,0.11864235854229219
287.0,25.0,0.11864235854229219
71.0,26.0,1.0
72.0,26.0,1.0
73.0,26.0,1.0
74.0,26.0,1.0
75.0,26.0,1.0
76.0,26.0,1.0
77.0,26.0,1.0
78.0,26.0,1.0
79.0,26.0,1.0
80.0,26.0,1.0
81.0,26.0,1.0
82.0,26.0,1.0
83.0,26.0,1.0
84.0,26.0,1.0
85.0,26.0,1.0
86.0,26.0,1.0
87.0,26.0,1.0
88.0,26.0,1.0
89.0,26.0,1.0
90.0,26.0,1.0
91.0,26.0,1.0
92.0,26.0,1.0
93.0,26.0,1.0
94.0,26.0,1.0
95.0,26.0,1.0
96.0,26.0,1.0
97.0,26.0,1.0
98.0,26.0,1.0
99.0,26.0,1.0
100.0,26.0,0.9523078890167498
101.0,26.0,0.9523078890167498
102.0,26.0,0.9523078890167498
103.0,26.0,1.0
104.0,26.0,1.0
105.0,26.0,1.0
106.0,26.0,1.0
107.0,26.0,1.0
108.0,26.0,1.0
109.0,26.0,1.0
110.0,26.0,1.0
111.0,26.0,1.0
112.0,26.0,1.0
113.0,26.0,1.0
114.0,26.0,1.0
115.0,26.0,1.0
116.0,26.0,1.0
117.0,26.0,1.0
118.0,26.0,1.0
119.0,26.0,1.0
120.0,26.0,1.0
121.0,26.0,0.9914736793689487
122.0,26.0,1.0
123.0,26.0,1.0
124.0,26.0,0.7467744963922642
125.0,26.0,0.6201617445883962
126.0,26.0,0.7121740034662427
127.0,26.0,0.5261981837739651
128.0,26.0,0.5037648659319641
129.0,26.0,0.5125688552712173
130.0,26.0,0.5102810344839188
131.0,26.0,0.5079932136966201
132.0,26.0,0.5057053929093215
133.0,26.0,0.5034175721220228
134.0,26.0,0.5011297513347243
135.0,26.0,0.4988419305474256
136.0,26.0,0.4965541097601269
137.0,26.0,0.494913370336197
138.0,26.0,0.4939197122756356
139.0,26.0,0.4929260542150742
140.0,26.0,0.4919323961545128
141.0,26.0,0.49093873809395133
142.0,26.0,0.4899450800333899
143.0,26.0,0.4889514219728285
144.0,26.0,0.4879577639122671
145.0,26.0,0.48696410585170574
146.0,26.0,0.4859704477911443
147.0,26.0,0.4849767897305829
148.0,26.0,0.48398313167002155
149.0,26.0,0.4829894736094602
150.0,26.0,0.48199581554889875
151.0,26.0,0.4810021574883373
152.0,26.0,0.4800084994277759
153.0,26.0,0.47901484136721456
154.0,26.0,0.47802118330665316
155.0,26.0,0.4770275252460918
156.0,26.0,0.4760338671855303
157.0,26.0,0.4750402091249689
158.0,26.0,0.4740465510644075
159.0,26.0,0.4730528930038461
160.0,26.0,0.4720592349432847
161.0,26.0,0.4710655768827233
162.0,26.0,0.4700719188221619
163.0,26.0,0.46907826076160053
164.0,26.0,0.46808460270103913
165.0,26.0,0.46709094464047773
166.0,26.0,0.46609728657991645
167.0,26.0,0.46510362851935494
168.0,26.0,0.46410997045879354
169.0,26.0,0.46311631239823214
170.0,26.0,0.46212265433767075
171.0,26.0,0.46112899627710935
172.0,26.0,0.46013533821654795
173.0,26.0,0.45914168015598655
174.0,26.0,0.45814802209542516
175.0,26.0,0.45715436403486376
176.0,26.0,0.45616070597430236
177.0,26.0,0.45516704791374096
178.0,26.0,0.45417338985317957
179.0,26.0,0.45317973179261817
180.0,26.0,0.45218607373205677
181.0,26.0,0.4511924156714954
182.0,26.0,0.450198757610934
183.0,26.0,0.4492050995503726
184.0,26.0,0.4482114414898112
185.0,26.0,0.4472177834292498
186.0,26.0,0.44622412536868833
187.0,26.0,0.445230467308127
188.0,26.0,0.4442368092475656
189.0,26.0,0.44324315118700414
190.0,26.0,0.44224949312644274
191.0,26.0,0.44125583506588134
192.0,26.0,0.44026217700532
193.0,26.0,0.4392685189447586
194.0,26.0,0.4382748608841972
195.0,26.0,0.4372812028236358
196.0,26.0,0.4362875447630744
197.0,26.0,0.435293886702513
198.0,26.0,0.4343002286419516
199.0,26.0,0.4333065705813902
200.0,26.0,0.4323129125208287
201.0,26.0,0.4313192544602674
202.0,26.0,0.430325596399706
203.0,26.0,0.42933193833914457
204.0,26.0,0.4283382802785832
205.0,26.0,0.4273446222180218
206.0,26.0,0.4263509641574604
207.0,26.0,0.425357306096899
208.0,26.0,0.4243636480363376
209.0,26.0,0.4233699899757762
210.0,26.0,0.42237633191521484
211.0,26.0,0.42138267385465344
212.0,26.0,0.42038901579409205
213.0,26.0,0.41939535773353065
214.0,26.0,0.41840169967296925
215.0,26.0,0.41740804161240774
216.0,26.0,0.41641438355184635
217.0,26.0,0.415420725491285
218.0,26.0,0.4144270674307236
219.0,26.0,0.41343340937016215
220.0,26.0,0.4124397513096008
221.0,26.0,0.4114460932490394
222.0,26.0,0.410452435188478
223.0,26.0,0.4094587771279167
224.0,26.0,0.4084651190673552
225.0,26.0,0.4074714610067938
226.0,26.0,0.4064778029462324
227.0,26.0,0.405484144885671
228.0,26.0,0.40449048682510963
229.0,26.0,0.4034968287645483
230.0,26.0,0.38614664427565903
231.0,26.0,0.3671608071439371
232.0,26.0,0.34817497001221515
233.0,26.0,0.3400105075419835
234.0,26.0,0.3390602948460786
235.0,26.0,0.3383969626071972
236.0,26.0,0.3919194175893391
237.0,26.0,0.44544187257148116
238.0,26.0,0.4702070771601647
239.0,26.0,0.4949722817488482
240.0,26.0,0.4499190967806919
241.0,26.0,0.4048659118125356
242.0,26.0,0.3425018473098228
243.0,26.0,0.3208918634405141
244.0,26.0,0.26009486079061545
245.0,26.0,0.3596935225861741
246.0,26.0,0.37761415435036116
247.0,26.0,0.439282536245625
248.0,26.0,0.5009509181408889
249.0,26.0,0.46799861418764144
250.0,26.0,0.435046310234394
251.0,26.0,0.5571546716549386
252.0,26.0,0.3117513573600055
253.0,26.0,0.3416231689575525
254.0,26.0,0.37149498055509955
255.0,26.0,0.5162519402033806
256.0,26.0,0.45245591443587463
257.0,26.0,0.43818751834025343
258.0,26.0,0.4225568079101935
259.0,26.0,0.4341643831478501
260.0,26.0,0.5936985702485957
261.0,26.0,0.6628700420575026
262.0,26.0,0.7180416571678674
263.0,26.0,0.6510696335231769
264.0,26.0,0.5840976098784865
265.0,26.0,0.42572764372606664
266.0,26.0,0.49690515275676655
267.0,26.0,0.47009064329363837
268.0,26.0,0.6757651950181347
269.0,26.0,0.6757651950181347
270.0,26.0,0.6757651950181347
271.0,26.0,0.6757651950181347
272.0,26.0,0.6309777000724073
273.0,26.0,0.6309777000724073
274.0,26.0,0.6309777000724073
275.0,26.0,0.6309777000724073
276.0,26.0,0.6309777000724073
277.0,26.0,0.6309777000724073
278.0,26.0,0.37072005329706925
279.0,26.0,0.37072005329706925
280.0,26.0,0.37072005329706925
281.0,26.0,0.37072005329706925
282.0,26.0,0.11864235854229219
283.0,26.0,0.11864235854229219
284.0,26.0,0.11864235854229219
285.0,26.0,0.11864235854229219
286.0,26.0,0.11864235854229219
287.0,26.0,0.11864235854229219
71.0,27.0,1.0
72.0,27.0,1.0
73.0,27.0,1.0
74.0,27.0,1.0
75.0,27.0,1.0
76.0,27.0,1.0
77.0,27.0,1.0
78.0,27.0,1.0
79.0,27.0,1.0
80.0,27.0,1.0
81.0,27.0,1.0
82.0,27.0,1.0
83.0,27.0,1.0
84.0,27.0,1.0
85.0,27.0,1.0
86.0,27.0,1.0
87.0,27.0,1.0
88.0,27.0,1.0
89.0,27.0,1.0
90.0,27.0,1.0
91.0,27.0,1.0
92.0,27.0,1.0
93.0,27.0,1.0
94.0,27.0,1.0
95.0,27.0,1.0
96.0,27.0,1.0
97.0,27.0,1.0
98.0,27.0,1.0
99.0,27.0,1.0
100.0,27.0,1.0
101.0,27.0,1.0
102.0,27.0,1.0
103.0,27.0,1.0
104.0,27.0,1.0
105.0,27.0,1.0
106.0,27.0,1.0
107.0,27.0,1.0
108.0,27.0,1.0
109.0,27.0,1.0
110.0,27.0,1.0
111.0,27.0,1.0
112.0,27.0,1.0
113.0,27.0,1.0
114.0,27.0,1.0
115.0,27.0,1.0
116.0,27.0,1.0
117.0,27.0,1.0
118.0,27.0,1.0
119.0,27.0,1.0
120.0,27.0,1.0
121.0,27.0,1.0
122.0,27.0,1.0
123.0,27.0,1.0
124.0,27.0,0.8733872481961321
125.0,27.0,0.7467744963922642
126.0,27.0,0.8387867552701107
127.0,27.0,0.9307990141479572
128.0,27.0,0.7467744963922642
129.0,27.0,0.5588473747634017
130.0,27.0,0.5135273958392628
131.0,27.0,0.5139807390793999
132.0,27.0,0.5338765385452051
133.0,27.0,0.5315887177579064
134.0,27.0,0.5293008969706078
135.0,27.0,0.5270130761833092
136.0,27.0,0.5247252553960104
137.0,27.0,0.522437434608712
138.0,27.0,0.5201496138214132
139.0,27.0,0.5178617930341146
140.0,27.0,0.5155739722468159
141.0,27.0,0.5132861514595174
142.0,27.0,0.5109983306722187
143.0,27.0,0.5087105098849201
144.0,27.0,0.5064226890976213
145.0,27.0,0.5041348683103227
146.0,27.0,0.5018470475230242
147.0,27.0,0.49955922673572556
148.0,27.0,0.49727140594842684
149.0,27.0,0.4962777478878655
150.0,27.0,0.4952840898273041
151.0,27.0,0.4942904317667427
152.0,27.0,0.4932967737061813
153.0,27.0,0.4923031156456199
154.0,27.0,0.4913094575850585
155.0,27.0,0.4903157995244971
156.0,27.0,0.4893221414639357
157.0,27.0,0.4883284834033743
158.0,27.0,0.4873348253428129
159.0,27.0,0.4863411672822515
160.0,27.0,0.4853475092216901
161.0,27.0,0.4843538511611287
162.0,27.0,0.4833601931005673
163.0,27.0,0.4823665350400059
164.0,27.0,0.4813728769794445
165.0,27.0,0.48037921891888313
166.0,27.0,0.4793855608583217
167.0,27.0,0.4783919027977603
168.0,27.0,0.4773982447371989
169.0,27.0,0.4764045866766375
170.0,27.0,0.47541092861607614
171.0,27.0,0.47441727055551475
172.0,27.0,0.4734236124949533
173.0,27.0,0.4724299544343919
174.0,27.0,0.4714362963738305
175.0,27.0,0.47044263831326916
176.0,27.0,0.4694489802527077
177.0,27.0,0.46845532219214636
178.0,27.0,0.46746166413158496
179.0,27.0,0.46646800607102346
180.0,27.0,0.4654743480104621
181.0,27.0,0.46448068994990077
182.0,27.0,0.4634870318893393
183.0,27.0,0.46249337382877787
184.0,27.0,0.46149971576821647
185.0,27.0,0.4605060577076552
186.0,27.0,0.45951239964709373
187.0,27.0,0.45851874158653233
188.0,27.0,0.457525083525971
189.0,27.0,0.45653142546540953
190.0,27.0,0.4555377674048482
191.0,27.0,0.4545441093442867
192.0,27.0,0.4535504512837253
193.0,27.0,0.4525567932231639
194.0,27.0,0.4515631351626026
195.0,27.0,0.4505694771020412
196.0,27.0,0.4495758190414797
197.0,27.0,0.4485821609809183
198.0,27.0,0.4475885029203569
199.0,27.0,0.4465948448597955
200.0,27.0,0.44560118679923416
201.0,27.0,0.44460752873867276
202.0,27.0,0.44361387067811137
203.0,27.0,0.44262021261754997
204.0,27.0,0.44162655455698857
205.0,27.0,0.4406328964964272
206.0,27.0,0.43963923843586583
207.0,27.0,0.43864558037530443
208.0,27.0,0.43765192231474304
209.0,27.0,0.4366582642541815
210.0,27.0,0.43566460619362013
211.0,27.0,0.43467094813305873
212.0,27.0,0.43367729007249733
213.0,27.0,0.432683632011936
214.0,27.0,0.4316899739513746
215.0,27.0,0.4306963158908131
216.0,27.0,0.42970265783025174
217.0,27.0,0.42870899976969035
218.0,27.0,0.42771534170912895
219.0,27.0,0.4267216836485676
220.0,27.0,0.4257280255880062
221.0,27.0,0.4247343675274448
222.0,27.0,0.4237407094668834
223.0,27.0,0.42274705140632196
224.0,27.0,0.42175339334576056
225.0,27.0,0.42075973528519917
226.0,27.0,0.4197660772246378
227.0,27.0,0.41877241916407637
228.0,27.0,0.4063291926036855
229.0,27.0,0.3873433554719635
230.0,27.0,0.36835751834024166
231.0,27.0,0.36380018075717335
232.0,27.0,0.36284996806126846
233.0,27.0,0.34684300797506434
234.0,27.0,0.4003654629572065
235.0,27.0,0.4538879179393484
236.0,27.0,0.5074103729214904
237.0,27.0,0.5609328279036323
238.0,27.0,0.515879642935476
239.0,27.0,0.4708264579673197
240.0,27.0,0.4257732729991634
241.0,27.0,0.3807200880310071
242.0,27.0,0.3183560235282943
243.0,27.0,0.25599195902558153
244.0,27.0,0.3555906208211402
245.0,27.0,0.45518928261669883
246.0,27.0,0.4731099143808859
247.0,27.0,0.491030546145073
248.0,27.0,0.4580782421918256
249.0,27.0,0.42512593823857814
250.0,27.0,0.3921736342853307
251.0,27.0,0.35922133033208326
252.0,27.0,0.3890931419296303
253.0,27.0,0.41896495352717733
254.0,27.0,0.4488367651247243
255.0,27.0,0.47870857672227135
256.0,27.0,0.46444018062665005
257.0,27.0,0.4501717845310288
258.0,27.0,0.434541074100969
259.0,27.0,0.41891036367090906
260.0,27.0,0.5784445507716547
261.0,27.0,0.7379787378724003
262.0,27.0,0.6710067142277097
263.0,27.0,0.6040346905830194
264.0,27.0,0.5370626669383289
265.0,27.0,0.47009064329363837
266.0,27.0,0.47009064329363837
267.0,27.0,0.47009064329363837
268.0,27.0,0.47009064329363837
269.0,27.0,0.47009064329363837
270.0,27.0,0.6757651950181347
271.0,27.0,0.6757651950181347
272.0,27.0,0.6309777000724073
273.0,27.0,0.6309777000724073
274.0,27.0,0.6309777000724073
275.0,27.0,0.6309777000724073
276.0,27.0,0.6309777000724073
277.0,27.0,0.6309777000724073
278.0,27.0,0.6309777000724073
279.0,27.0,0.37072005329706925
280.0,27.0,0.37072005329706925
281.0,27.0,0.37072005329706925
282.0,27.0,0.37072005329706925
283.0,27.0,0.11864235854229219
284.0,27.0,0.11864235854229219
285.0,27.0,0.11864235854229219
286.0,27.0,0.11864235854229219
287.0,27.0,0.11864235854229219
71.0,28.0,1.0
72.0,28.0,1.0
73.0,28.0,1.0
74.0,28.0,1.0
75.0,28.0,1.0
76.0,28.0,1.0
77.0,28.0,1.0
78.0,28.0,1.0
79.0,28.0,1.0
80.0,28.0,1.0
81.0,28.0,1.0
82.0,28.0,1.0
83.0,28.0,1.0
84.0,28.0,1.0
85.0,28.0,1.0
86.0,28.0,1.0
87.0,28.0,1.0
88.0,28.0,1.0
89.0,28.0,1.0
90.0,28.0,1.0
91.0,28.0,1.0
92.0,28.0,1.0
93.0,28.0,1.0
94.0,28.0,1.0
95.0,28.0,1.0
96.0,28.0,1.0
97.0,28.0,1.0
98.0,28.0,1.0
99.0,28.0,1.0
100.0,28.0,1.0
101.0,28.0,1.0
102.0,28.0,1.0
103.0,28.0,1.0
104.0,28.0,1.0
105.0,28.0,1.0
106.0,28.0,1.0
107.0,28.0,1.0
108.0,28.0,1.0
109.0,28.0,1.0
110.0,28.0,1.0
111.0,28.0,1.0
112.0,28.0,1.0
113.0,28.0,1.0
114.0,28.0,1.0
115.0,28.0,1.0
116.0,28.0,1.0
117.0,28.0,0.994030857679221
118.0,28.0,1.0
119.0,28.0,1.0
120.0,28.0,1.0
121.0,28.0,1.0
122.0,28.0,1.0
123.0,28.0,1.0
124.0,28.0,1.0
125.0,28.0,0.8733872481961321
126.0,28.0,0.9653995070739786
127.0,28.0,0.9653995070739786
128.0,28.0,0.9653995070739786
129.0,28.0,0.9653995070739786
130.0,28.0,0.5972360136769055
131.0,28.0,0.5914965657528385
132.0,28.0,0.559370097162057
133.0,28.0,0.4876630975712031
134.0,28.0,0.5241966122268358
135.0,28.0,0.5551842218191927
136.0,28.0,0.5528964010318941
137.0,28.0,0.5506085802445955
138.0,28.0,0.5483207594572967
139.0,28.0,0.5460329386699981
140.0,28.0,0.5437451178826995
141.0,28.0,0.5414572970954008
142.0,28.0,0.5391694763081023
143.0,28.0,0.5368816555208036
144.0,28.0,0.5345938347335051
145.0,28.0,0.5323060139462064
146.0,28.0,0.5300181931589077
147.0,28.0,0.5277303723716091
148.0,28.0,0.5254425515843104
149.0,28.0,0.5231547307970118
150.0,28.0,0.5208669100097132
151.0,28.0,0.5185790892224145
152.0,28.0,0.5162912684351159
153.0,28.0,0.5140034476478172
154.0,28.0,0.5117156268605187
155.0,28.0,0.5094278060732201
156.0,28.0,0.5071399852859214
157.0,28.0,0.5048521644986227
158.0,28.0,0.5025643437113241
159.0,28.0,0.5002765229240256
160.0,28.0,0.49863578350009546
161.0,28.0,0.49764212543953407
162.0,28.0,0.49664846737897267
163.0,28.0,0.4956548093184113
164.0,28.0,0.49466115125784993
165.0,28.0,0.4936674931972884
166.0,28.0,0.4926738351367271
167.0,28.0,0.4916801770761657
168.0,28.0,0.4906865190156043
169.0,28.0,0.4896928609550429
170.0,28.0,0.48869920289448154
171.0,28.0,0.48770554483392003
172.0,28.0,0.48671188677335864
173.0,28.0,0.48571822871279724
174.0,28.0,0.48472457065223584
175.0,28.0,0.48373091259167444
176.0,28.0,0.48273725453111305
177.0,28.0,0.48174359647055165
178.0,28.0,0.4807499384099903
179.0,28.0,0.47975628034942885
180.0,28.0,0.4787626222888675
181.0,28.0,0.4777689642283061
182.0,28.0,0.47677530616774466
183.0,28.0,0.4757816481071834
184.0,28.0,0.47478799004662187
185.0,28.0,0.47379433198606047
186.0,28.0,0.47280067392549907
187.0,28.0,0.4718070158649377
188.0,28.0,0.4708133578043763
189.0,28.0,0.4698196997438149
190.0,28.0,0.46882604168325354
191.0,28.0,0.4678323836226921
192.0,28.0,0.46683872556213063
193.0,28.0,0.4658450675015693
194.0,28.0,0.4648514094410079
195.0,28.0,0.4638577513804465
196.0,28.0,0.46286409331988515
197.0,28.0,0.4618704352593237
198.0,28.0,0.4608767771987623
199.0,28.0,0.4598831191382009
200.0,28.0,0.4588894610776395
201.0,28.0,0.4578958030170781
202.0,28.0,0.4569021449565167
203.0,28.0,0.4559084868959553
204.0,28.0,0.45491482883539386
205.0,28.0,0.45392117077483246
206.0,28.0,0.4529275127142711
207.0,28.0,0.4519338546537097
208.0,28.0,0.4509401965931483
209.0,28.0,0.449946538532587
210.0,28.0,0.44895288047202553
211.0,28.0,0.4479592224114641
212.0,28.0,0.44696556435090273
213.0,28.0,0.44597190629034134
214.0,28.0,0.44497824822977994
215.0,28.0,0.44398459016921854
216.0,28.0,0.44299093210865714
217.0,28.0,0.4419972740480957
218.0,28.0,0.4410036159875343
219.0,28.0,0.4400099579269729
220.0,28.0,0.4390162998664115
221.0,28.0,0.4380226418058501
222.0,28.0,0.43702898374528876
223.0,28.0,0.4360353256847273
224.0,28.0,0.4350416676241659
225.0,28.0,0.43404800956360456
226.0,28.0,0.42651174093171207
227.0,28.0,0.4075259037999901
228.0,28.0,0.3885400666682681
229.0,28.0,0.3875898539723633
230.0,28.0,0.38663964127645833
231.0,28.0,0.3781610548854039
232.0,28.0,0.40706567076238476
233.0,28.0,0.43597028663936566
234.0,28.0,0.5652022757477715
235.0,28.0,0.6187247307299134
236.0,28.0,0.6722471857120553
237.0,28.0,0.4109699281866225
238.0,28.0,0.5040438104879484
239.0,28.0,0.4589906255197921
240.0,28.0,0.41393744055163584
241.0,28.0,0.4226234260996833
242.0,28.0,0.43130941164773073
243.0,28.0,0.3689453471450179
244.0,28.0,0.4685440089405766
245.0,28.0,0.4410620226914661
246.0,28.0,0.41358003644235575
247.0,28.0,0.4315006682065428
248.0,28.0,0.4713358421302689
249.0,28.0,0.511171016053995
250.0,28.0,0.4782187121007475
251.0,28.0,0.44526640814750007
252.0,28.0,0.407301822050871
253.0,28.0,0.43717363364841805
254.0,28.0,0.46704544524596503
255.0,28.0,0.4717349460316953
256.0,28.0,0.4764244468174255
257.0,28.0,0.4621560507218042
258.0,28.0,0.4465253402917444
259.0,28.0,0.5025459170698598
260.0,28.0,0.5585664938479753
261.0,28.0,0.7181006809487209
262.0,28.0,0.6511286573040305
263.0,28.0,0.58415663365934
264.0,28.0,0.47009064329363837
265.0,28.0,0.47009064329363837
266.0,28.0,0.47009064329363837
267.0,28.0,0.47009064329363837
268.0,28.0,0.47009064329363837
269.0,28.0,0.47009064329363837
270.0,28.0,0.47009064329363837
271.0,28.0,0.47009064329363837
272.0,28.0,0.6757651950181347
273.0,28.0,0.6309777000724073
274.0,28.0,0.6309777000724073
275.0,28.0,0.6309777000724073
276.0,28.0,0.6309777000724073
277.0,28.0,0.6309777000724073
278.0,28.0,0.6309777000724073
279.0,28.0,0.6309777000724073
280.0,28.0,0.37072005329706925
281.0,28.0,0.37072005329706925
282.0,28.0,0.37072005329706925
283.0,28.0,0.37072005329706925
284.0,28.0,0.11864235854229219
285.0,28.0,0.11864235854229219
286.0,28.0,0.11864235854229219
287.0,28.0,0.11864235854229219
71.0,29.0,1.0
72.0,29.0,1.0
73.0,29.0,1.0
74.0,29.0,1.0
75.0,29.0,1.0
76.0,29.0,1.0
77.0,29.0,1.0
78.0,29.0,1.0
79.0,29.0,1.0
80.0,29.0,1.0
81.0,29.0,1.0
82.0,29.0,1.0
83.0,29.0,1.0
84.0,29.0,1.0
85.0,29.0,1.0
86.0,29.0,1.0
87.0,29.0,1.0
88.0,29.0,1.0
89.0,29.0,1.0
90.0,29.0,1.0
91.0,29.0,1.0
92.0,29.0,1.0
93.0,29.0,1.0
94.0,29.0,1.0
95.0,29.0,1.0
96.0,29.0,1.0
97.0,29.0,1.0
98.0,29.0,1.0
99.0,29.0,1.0
100.0,29.0,1.0
101.0,29.0,1.0
102.0,29.0,1.0
103.0,29.0,1.0
104.0,29.0,1.0
105.0,29.0,1.0
106.0,29.0,1.0
107.0,29.0,1.0
108.0,29.0,1.0
109.0,29.0,1.0
110.0,29.0,1.0
111.0,29.0,1.0
112.0,29.0,1.0
113.0,29.0,1.0
114.0,29.0,1.0
115.0,29.0,1.0
116.0,29.0,0.994030857679221
117.0,29.0,0.9880617153584419
118.0,29.0,0.994030857679221
119.0,29.0,1.0
120.0,29.0,1.0
121.0,29.0,1.0
122.0,29.0,1.0
123.0,29.0,1.0
124.0,29.0,1.0
125.0,29.0,1.0
126.0,29.0,1.0
127.0,29.0,1.0
128.0,29.0,1.0
129.0,29.0,1.0
130.0,29.0,1.0
131.0,29.0,1.0
132.0,29.0,0.6298852046663419
133.0,29.0,0.6241457567422752
134.0,29.0,0.6052127984848511
135.0,29.0,0.5335057988939972
136.0,29.0,0.49787897071863874
137.0,29.0,0.5344124853742716
138.0,29.0,0.5709460000299044
139.0,29.0,0.5742040843058818
140.0,29.0,0.571916263518583
141.0,29.0,0.5696284427312844
142.0,29.0,0.5673406219439858
143.0,29.0,0.5650528011566871
144.0,29.0,0.5627649803693886
145.0,29.0,0.5604771595820899
146.0,29.0,0.5581893387947914
147.0,29.0,0.5559015180074927
148.0,29.0,0.553613697220194
149.0,29.0,0.5513258764328954
150.0,29.0,0.5490380556455967
151.0,29.0,0.5467502348582982
152.0,29.0,0.5444624140709995
153.0,29.0,0.5421745932837009
154.0,29.0,0.5398867724964023
155.0,29.0,0.5375989517091035
156.0,29.0,0.535311130921805
157.0,29.0,0.5330233101345063
158.0,29.0,0.5307354893472077
159.0,29.0,0.528447668559909
160.0,29.0,0.5261598477726104
161.0,29.0,0.5238720269853118
162.0,29.0,0.5215842061980132
163.0,29.0,0.5192963854107144
164.0,29.0,0.5170085646234158
165.0,29.0,0.5147207438361172
166.0,29.0,0.5124329230488187
167.0,29.0,0.51014510226152
168.0,29.0,0.5078572814742214
169.0,29.0,0.5055694606869227
170.0,29.0,0.503281639899624
171.0,29.0,0.5009938191123253
172.0,29.0,0.500000161051764
173.0,29.0,0.4990065029912027
174.0,29.0,0.49801284493064124
175.0,29.0,0.49701918687007984
176.0,29.0,0.49602552880951845
177.0,29.0,0.49503187074895705
178.0,29.0,0.49403821268839565
179.0,29.0,0.49304455462783425
180.0,29.0,0.49205089656727286
181.0,29.0,0.49105723850671146
182.0,29.0,0.49006358044615006
183.0,29.0,0.48906992238558866
184.0,29.0,0.4880762643250272
185.0,29.0,0.4870826062644658
186.0,29.0,0.48608894820390447
187.0,29.0,0.485095290143343
188.0,29.0,0.4841016320827816
189.0,29.0,0.4831079740222203
190.0,29.0,0.4821143159616589
191.0,29.0,0.4811206579010975
192.0,29.0,0.4801269998405361
193.0,29.0,0.4791333417799747
194.0,29.0,0.4781396837194133
195.0,29.0,0.4771460256588518
196.0,29.0,0.4761523675982905
197.0,29.0,0.47515870953772904
198.0,29.0,0.47416505147716764
199.0,29.0,0.4731713934166063
200.0,29.0,0.47217773535604485
201.0,29.0,0.4711840772954834
202.0,29.0,0.47019041923492205
203.0,29.0,0.46919676117436065
204.0,29.0,0.46820310311379926
205.0,29.0,0.4672094450532379
206.0,29.0,0.4662157869926765
207.0,29.0,0.465222128932115
208.0,29.0,0.4642284708715536
209.0,29.0,0.4632348128109923
210.0,29.0,0.4622411547504309
211.0,29.0,0.4612474966898695
212.0,29.0,0.46025383862930813
213.0,29.0,0.4592601805687467
214.0,29.0,0.4582665225081853
215.0,29.0,0.4572728644476239
216.0,29.0,0.4562792063870625
217.0,29.0,0.4552855483265011
218.0,29.0,0.45429189026593975
219.0,29.0,0.4532982322053783
220.0,29.0,0.45230457414481684
221.0,29.0,0.4513109160842555
222.0,29.0,0.4503172580236941
223.0,29.0,0.44932359996313265
224.0,29.0,0.44669428925973853
225.0,29.0,0.42770845212801656
226.0,29.0,0.4123297398834581
227.0,29.0,0.4113795271875533
228.0,29.0,0.41042931449164827
229.0,29.0,0.4094791017957434
230.0,29.0,0.4383837176727242
231.0,29.0,0.46728833354970506
232.0,29.0,0.49619294942668596
233.0,29.0,0.5250975653036668
234.0,29.0,0.6543295544120726
235.0,29.0,0.7835615435204784
236.0,29.0,0.5222842859950455
237.0,29.0,0.2610070284696126
238.0,29.0,0.35408091077093856
239.0,29.0,0.4471547930722645
240.0,29.0,0.45584077862031197
241.0,29.0,0.4645267641683594
242.0,29.0,0.47321274971640687
243.0,29.0,0.4818987352644543
244.0,29.0,0.4544167490153439
245.0,29.0,0.42693476276623343
246.0,29.0,0.3994527765171231
247.0,29.0,0.3719707902680126
248.0,29.0,0.4118059641917387
249.0,29.0,0.45164113811546475
250.0,29.0,0.49147631203919084
251.0,29.0,0.5313114859629169
252.0,29.0,0.4933468998662878
253.0,29.0,0.45538231376965876
254.0,29.0,0.460071814555389
255.0,29.0,0.4647613153411192
256.0,29.0,0.46945081612684947
257.0,29.0,0.4741403169125797
258.0,29.0,0.5301608936906952
259.0,29.0,0.5861814704688106
260.0,29.0,0.6422020472469261
261.0,29.0,0.6982226240250416
262.0,29.0,0.6093439083954344
263.0,29.0,0.6982226240250416
264.0,29.0,0.47009064329363837
265.0,29.0,0.47009064329363837
266.0,29.0,0.47009064329363837
267.0,29.0,0.47009064329363837
268.0,29.0,0.47009064329363837
269.0,29.0,0.47009064329363837
270.0,29.0,0.47009064329363837
271.0,29.0,0.47009064329363837
272.0,29.0,0.47009064329363837
273.0,29.0,0.6309777000724073
274.0,29.0,0.6309777000724073
275.0,29.0,0.6309777000724073
276.0,29.0,0.6309777000724073
277.0,29.0,0.6309777000724073
278.0,29.0,0.6309777000724073
279.0,29.0,0.6309777000724073
280.0,29.0,0.6309777000724073
281.0,29.0,0.37072005329706925
282.0,29.0,0.37072005329706925
283.0,29.0,0.37072005329706925
284.0,29.0,0.11864235854229219
285.0,29.0,0.11864235854229219
286.0,29.0,0.11864235854229219
287.0,29.0,0.11864235854229219
71.0,30.0,1.0
72.0,30.0,1.0
73.0,30.0,1.0
74.0,30.0,1.0
75.0,30.0,1.0
76.0,30.0,1.0
77.0,30.0,1.0
78.0,30.0,1.0
79.0,30.0,1.0
80.0,30.0,1.0
81.0,30.0,1.0
82.0,30.0,1.0
83.0,30.0,1.0
84.0,30.0,1.0
85.0,30.0,1.0
86.0,30.0,1.0
87.0,30.0,1.0
88.0,30.0,1.0
89.0,30.0,1.0
90.0,30.0,1.0
91.0,30.0,1.0
92.0,30.0,1.0
93.0,30.0,1.0
94.0,30.0,1.0
95.0,30.0,1.0
96.0,30.0,1.0
97.0,30.0,1.0
98.0,30.0,1.0
99.0,30.0,1.0
100.0,30.0,1.0
101.0,30.0,1.0
102.0,30.0,1.0
103.0,30.0,1.0
104.0,30.0,1.0
105.0,30.0,1.0
106.0,30.0,1.0
107.0,30.0,1.0
108.0,30.0,0.9169580408777416
109.0,30.0,0.9169580408777416
110.0,30.0,1.0
111.0,30.0,1.0
112.0,30.0,1.0
113.0,30.0,1.0
114.0,30.0,0.7521078293775796
115.0,30.0,0.7521078293775796
116.0,30.0,0.9880617153584419
117.0,30.0,0.9820925730376628
118.0,30.0,0.9880617153584419
119.0,30.0,1.0
120.0,30.0,1.0
121.0,30.0,1.0
122.0,30.0,1.0
123.0,30.0,1.0
124.0,30.0,1.0
125.0,30.0,1.0
126.0,30.0,1.0
127.0,30.0,1.0
128.0,30.0,1.0
129.0,30.0,1.0
130.0,30.0,1.0
131.0,30.0,0.907632981008851
132.0,30.0,0.879047249146746
133.0,30.0,0.850461517284641
134.0,30.0,0.6625343956557787
135.0,30.0,0.6567949477317119
136.0,30.0,0.6510554998076452
137.0,30.0,0.5793485002167913
138.0,30.0,0.5076415006259374
139.0,30.0,0.5080948438660745
140.0,30.0,0.5446283585217073
141.0,30.0,0.5811618731773401
142.0,30.0,0.5955117675798693
143.0,30.0,0.5932239467925707
144.0,30.0,0.5909361260052721
145.0,30.0,0.5886483052179734
146.0,30.0,0.5863604844306748
147.0,30.0,0.5840726636433762
148.0,30.0,0.5817848428560776
149.0,30.0,0.579497022068779
150.0,30.0,0.5772092012814803
151.0,30.0,0.5749213804941817
152.0,30.0,0.572633559706883
153.0,30.0,0.5703457389195844
154.0,30.0,0.5680579181322858
155.0,30.0,0.5657700973449871
156.0,30.0,0.5634822765576885
157.0,30.0,0.5611944557703898
158.0,30.0,0.5589066349830912
159.0,30.0,0.5566188141957926
160.0,30.0,0.5543309934084939
161.0,30.0,0.5520431726211952
162.0,30.0,0.5497553518338967
163.0,30.0,0.5474675310465981
164.0,30.0,0.5451797102592995
165.0,30.0,0.5428918894720007
166.0,30.0,0.5406040686847022
167.0,30.0,0.5383162478974035
168.0,30.0,0.5360284271101049
169.0,30.0,0.5337406063228063
170.0,30.0,0.5314527855355076
171.0,30.0,0.529164964748209
172.0,30.0,0.5268771439609103
173.0,30.0,0.5245893231736116
174.0,30.0,0.5223015023863131
175.0,30.0,0.5200136815990144
176.0,30.0,0.5177258608117158
177.0,30.0,0.5154380400244172
178.0,30.0,0.5131502192371185
179.0,30.0,0.51086239844982
180.0,30.0,0.5085745776625212
181.0,30.0,0.5062867568752227
182.0,30.0,0.503998936087924
183.0,30.0,0.502358196663994
184.0,30.0,0.5013645386034326
185.0,30.0,0.5003708805428713
186.0,30.0,0.49937722248230987
187.0,30.0,0.49838356442174847
188.0,30.0,0.49738990636118696
189.0,30.0,0.49639624830062556
190.0,30.0,0.49540259024006417
191.0,30.0,0.49440893217950277
192.0,30.0,0.4934152741189414
193.0,30.0,0.49242161605838003
194.0,30.0,0.49142795799781863
195.0,30.0,0.49043429993725723
196.0,30.0,0.4894406418766958
197.0,30.0,0.4884469838161344
198.0,30.0,0.48745332575557304
199.0,30.0,0.48645966769501164
200.0,30.0,0.4854660096344502
201.0,30.0,0.4844723515738888
202.0,30.0,0.4834786935133274
203.0,30.0,0.482485035452766
204.0,30.0,0.4814913773922046
205.0,30.0,0.4804977193316432
206.0,30.0,0.4795040612710818
207.0,30.0,0.4785104032105204
208.0,30.0,0.477516745149959
209.0,30.0,0.4765230870893976
210.0,30.0,0.4755294290288362
211.0,30.0,0.4745357709682749
212.0,30.0,0.4735421129077135
213.0,30.0,0.4725484548471521
214.0,30.0,0.4715547967865907
215.0,30.0,0.4705611387260292
216.0,30.0,0.46956748066546783
217.0,30.0,0.4685738226049064
218.0,30.0,0.46758016454434503
219.0,30.0,0.46658650648378364
220.0,30.0,0.46559284842322224
221.0,30.0,0.46459919036266084
222.0,30.0,0.46360553230209944
223.0,30.0,0.4478910004560431
224.0,30.0,0.4361194130986479
225.0,30.0,0.435169200402743
226.0,30.0,0.4342189877068381
227.0,30.0,0.43518276432834035
228.0,30.0,0.44529868796376537
229.0,30.0,0.4554146115991904
230.0,30.0,0.4821528343948961
231.0,30.0,0.511057450271877
232.0,30.0,0.5399620661488578
233.0,30.0,0.5075624115717059
234.0,30.0,0.47516275699455385
235.0,30.0,0.6043947461029596
236.0,30.0,0.3431174885775268
237.0,30.0,0.3643019502712961
238.0,30.0,0.3854864119650655
239.0,30.0,0.47856029426639146
240.0,30.0,0.4872462798144389
241.0,30.0,0.49593226536248636
242.0,30.0,0.44678376201865533
243.0,30.0,0.3976352586748243
244.0,30.0,0.5242074120127721
245.0,30.0,0.4967254257636617
246.0,30.0,0.4692434395145513
247.0,30.0,0.4607820972825394
248.0,30.0,0.5524050374030092
249.0,30.0,0.5922402113267353
250.0,30.0,0.6320753852504614
251.0,30.0,0.5984443831593887
252.0,30.0,0.5648133810683161
253.0,30.0,0.5268487949716871
254.0,30.0,0.5413210159089568
255.0,30.0,0.5557932368462264
256.0,30.0,0.5604827376319566
257.0,30.0,0.5651722384176868
258.0,30.0,0.611368745204905
259.0,30.0,0.6673893219830205
260.0,30.0,0.723409898761136
261.0,30.0,0.5310470947151985
262.0,30.0,0.6982226240250416
263.0,30.0,0.6982226240250416
264.0,30.0,0.6982226240250416
265.0,30.0,0.47009064329363837
266.0,30.0,0.47009064329363837
267.0,30.0,0.47009064329363837
268.0,30.0,0.47009064329363837
269.0,30.0,0.47009064329363837
270.0,30.0,0.47009064329363837
271.0,30.0,0.47009064329363837
272.0,30.0,0.47009064329363837
273.0,30.0,0.47009064329363837
274.0,30.0,0.6309777000724073
275.0,30.0,0.6309777000724073
276.0,30.0,0.6309777000724073
277.0,30.0,0.6309777000724073
278.0,30.0,0.6309777000724073
279.0,30.0,0.6309777000724073
280.0,30.0,0.6309777000724073
281.0,30.0,0.6309777000724073
282.0,30.0,0.37072005329706925
283.0,30.0,0.37072005329706925
284.0,30.0,0.37072005329706925
285.0,30.0,0.11864235854229219
286.0,30.0,0.11864235854229219
287.0,30.0,0.11864235854229219
71.0,31.0,1.0
72.0,31.0,1.0
73.0,31.0,1.0
74.0,31.0,1.0
75.0,31.0,1.0
76.0,31.0,1.0
77.0,31.0,1.0
78.0,31.0,1.0
79.0,31.0,1.0
80.0,31.0,1.0
81.0,31.0,1.0
82.0,31.0,1.0
83.0,31.0,1.0
84.0,31.0,1.0
85.0,31.0,1.0
86.0,31.0,1.0
87.0,31.0,1.0
88.0,31.0,1.0
89.0,31.0,1.0
90.0,31.0,1.0
91.0,31.0,1.0
92.0,31.0,1.0
93.0,31.0,1.0
94.0,31.0,1.0
95.0,31.0,1.0
96.0,31.0,1.0
97.0,31.0,1.0
98.0,31.0,1.0
99.0,31.0,1.0
100.0,31.0,1.0
101.0,31.0,1.0
102.0,31.0,1.0
103.0,31.0,1.0
104.0,31.0,1.0
105.0,31.0,1.0
106.0,31.0,1.0
107.0,31.0,1.0
108.0,31.0,0.9169580408777416
109.0,31.0,0.8339160817554832
110.0,31.0,0.9169580408777416
111.0,31.0,1.0
112.0,31.0,1.0
113.0,31.0,1.0
114.0,31.0,0.7521078293775796
115.0,31.0,0.5042156587551591
116.0,31.0,0.7401695447360215
117.0,31.0,0.9761234307168838
118.0,31.0,0.9880617153584419
119.0,31.0,1.0
120.0,31.0,1.0
121.0,31.0,1.0
122.0,31.0,1.0
123.0,31.0,1.0
124.0,31.0,1.0
125.0,31.0,1.0
126.0,31.0,1.0
127.0,31.0,1.0
128.0,31.0,1.0
129.0,31.0,1.0
130.0,31.0,0.907632981008851
131.0,31.0,0.8152659620177022
132.0,31.0,0.7866802301555972
133.0,31.0,0.7580944982934922
134.0,31.0,0.7295087664313872
135.0,31.0,0.7009230345692822
136.0,31.0,0.6951835866452154
137.0,31.0,0.6894441387211486
138.0,31.0,0.6837046907970818
139.0,31.0,0.6251912015395854
140.0,31.0,0.5534842019487316
141.0,31.0,0.4817772023578777
142.0,31.0,0.5183107170135103
143.0,31.0,0.5548442316691431
144.0,31.0,0.591377746324776
145.0,31.0,0.6168194508538569
146.0,31.0,0.6145316300665584
147.0,31.0,0.6122438092792598
148.0,31.0,0.6099559884919611
149.0,31.0,0.6076681677046625
150.0,31.0,0.605380346917364
151.0,31.0,0.6030925261300653
152.0,31.0,0.6008047053427666
153.0,31.0,0.598516884555468
154.0,31.0,0.5962290637681693
155.0,31.0,0.5939412429808707
156.0,31.0,0.5916534221935721
157.0,31.0,0.5893656014062735
158.0,31.0,0.5870777806189748
159.0,31.0,0.5847899598316761
160.0,31.0,0.5825021390443775
161.0,31.0,0.5802143182570789
162.0,31.0,0.5779264974697802
163.0,31.0,0.5756386766824816
164.0,31.0,0.573350855895183
165.0,31.0,0.5710630351078844
166.0,31.0,0.5687752143205858
167.0,31.0,0.566487393533287
168.0,31.0,0.5641995727459885
169.0,31.0,0.5619117519586898
170.0,31.0,0.5596239311713912
171.0,31.0,0.5573361103840926
172.0,31.0,0.555048289596794
173.0,31.0,0.5527604688094953
174.0,31.0,0.5504726480221966
175.0,31.0,0.548184827234898
176.0,31.0,0.5458970064475994
177.0,31.0,0.5436091856603008
178.0,31.0,0.5413213648730021
179.0,31.0,0.5390335440857035
180.0,31.0,0.5367457232984049
181.0,31.0,0.5344579025111063
182.0,31.0,0.5321700817238075
183.0,31.0,0.5298822609365089
184.0,31.0,0.5275944401492103
185.0,31.0,0.5253066193619117
186.0,31.0,0.5230187985746131
187.0,31.0,0.5207309777873145
188.0,31.0,0.5184431570000158
189.0,31.0,0.5161553362127171
190.0,31.0,0.5138675154254185
191.0,31.0,0.5115796946381199
192.0,31.0,0.5092918738508212
193.0,31.0,0.5070040530635226
194.0,31.0,0.504716232276224
195.0,31.0,0.5037225742156626
196.0,31.0,0.5027289161551012
197.0,31.0,0.5017352580945398
198.0,31.0,0.5007416000339784
199.0,31.0,0.499747941973417
200.0,31.0,0.4987542839128556
201.0,31.0,0.4977606258522942
202.0,31.0,0.4967669677917328
203.0,31.0,0.4957733097311714
204.0,31.0,0.49477965167061
205.0,31.0,0.49378599361004855
206.0,31.0,0.49279233554948715
207.0,31.0,0.4917986774889258
208.0,31.0,0.4908050194283644
209.0,31.0,0.489811361367803
210.0,31.0,0.48881770330724156
211.0,31.0,0.48782404524668016
212.0,31.0,0.48683038718611876
213.0,31.0,0.48583672912555737
214.0,31.0,0.484843071064996
215.0,31.0,0.4838494130044346
216.0,31.0,0.4828557549438732
217.0,31.0,0.48186209688331183
218.0,31.0,0.48086843882275043
219.0,31.0,0.479874780762189
220.0,31.0,0.47888112270162764
221.0,31.0,0.46807354878406954
222.0,31.0,0.4599090863138378
223.0,31.0,0.4589588736179329
224.0,31.0,0.4599226502394351
225.0,31.0,0.4608864268609374
226.0,31.0,0.4710023504963624
227.0,31.0,0.4811182741317874
228.0,31.0,0.49123419776721244
229.0,31.0,0.5013501214026375
230.0,31.0,0.5280883441983432
231.0,31.0,0.5548265669940489
232.0,31.0,0.5224269124168969
233.0,31.0,0.4900272578397449
234.0,31.0,0.4576276032625929
235.0,31.0,0.4252279486854409
236.0,31.0,0.44641241037921026
237.0,31.0,0.4675968720729796
238.0,31.0,0.488781333766749
239.0,31.0,0.5099657954605183
240.0,31.0,0.4608172921166873
241.0,31.0,0.41166878877285634
242.0,31.0,0.36252028542902537
243.0,31.0,0.31337178208519434
244.0,31.0,0.43994393542314214
245.0,31.0,0.5665160887610899
246.0,31.0,0.558054746529078
247.0,31.0,0.5495934042970662
248.0,31.0,0.641216344417536
249.0,31.0,0.7328392845380058
250.0,31.0,0.6992082824469332
251.0,31.0,0.6655772803558606
252.0,31.0,0.631946278264788
253.0,31.0,0.5983152761737154
254.0,31.0,0.612787497110985
255.0,31.0,0.6272597180482546
256.0,31.0,0.6417319389855244
257.0,31.0,0.656204159922794
258.0,31.0,0.7024006667100122
259.0,31.0,0.7485971734972304
260.0,31.0,0.7485971734972304
261.0,31.0,0.7485971734972304
262.0,31.0,0.6982226240250416
263.0,31.0,0.6982226240250416
264.0,31.0,0.6982226240250416
265.0,31.0,0.47009064329363837
266.0,31.0,0.47009064329363837
267.0,31.0,0.47009064329363837
268.0,31.0,0.47009064329363837
269.0,31.0,0.47009064329363837
270.0,31.0,0.47009064329363837
271.0,31.0,0.47009064329363837
272.0,31.0,0.47009064329363837
273.0,31.0,0.47009064329363837
274.0,31.0,0.47009064329363837
275.0,31.0,0.6309777000724073
276.0,31.0,0.6309777000724073
277.0,31.0,0.6309777000724073
278.0,31.0,0.6309777000724073
279.0,31.0,0.6309777000724073
280.0,31.0,0.6309777000724073
281.0,31.0,0.6309777000724073
282.0,31.0,0.6309777000724073
283.0,31.0,0.37072005329706925
284.0,31.0,0.37072005329706925
285.0,31.0,0.37072005329706925
286.0,31.0,0.11864235854229219
287.0,31.0,0.11864235854229219
71.0,32.0,1.0
72.0,32.0,1.0
73.0,32.0,1.0
74.0,32.0,1.0
75.0,32.0,1.0
76.0,32.0,1.0
77.0,32.0,1.0
78.0,32.0,1.0
79.0,32.0,1.0
80.0,32.0,1.0
81.0,32.0,1.0
82.0,32.0,1.0
83.0,32.0,1.0
84.0,32.0,1.0
85.0,32.0,1.0
86.0,32.0,1.0
87.0,32.0,1.0
88.0,32.0,1.0
89.0,32.0,1.0
90.0,32.0,1.0
91.0,32.0,1.0
92.0,32.0,1.0
93.0,32.0,1.0
94.0,32.0,1.0
95.0,32.0,1.0
96.0,32.0,1.0
97.0,32.0,1.0
98.0,32.0,1.0
99.0,32.0,1.0
100.0,32.0,1.0
101.0,32.0,1.0
102.0,32.0,1.0
103.0,32.0,1.0
104.0,32.0,1.0
105.0,32.0,1.0
106.0,32.0,1.0
107.0,32.0,1.0
108.0,32.0,0.9169580408777416
109.0,32.0,0.9169580408777416
110.0,32.0,1.0
111.0,32.0,1.0
112.0,32.0,1.0
113.0,32.0,1.0
114.0,32.0,0.7521078293775796
115.0,32.0,0.7521078293775796
116.0,32.0,0.9880617153584419
117.0,32.0,0.9880617153584419
118.0,32.0,0.9880617153584419
119.0,32.0,1.0
120.0,32.0,1.0
121.0,32.0,1.0
122.0,32.0,1.0
123.0,32.0,1.0
124.0,32.0,1.0
125.0,32.0,1.0
126.0,32.0,1.0
127.0,32.0,1.0
128.0,32.0,1.0
129.0,32.0,1.0
130.0,32.0,0.907632981008851
131.0,32.0,0.8508179359501007
132.0,32.0,0.907632981008851
133.0,32.0,0.879047249146746
134.0,32.0,0.850461517284641
135.0,32.0,0.850461517284641
136.0,32.0,0.850461517284641
137.0,32.0,0.7585120511677155
138.0,32.0,0.727832777634652
139.0,32.0,0.7220933297105854
140.0,32.0,0.7163538817865186
141.0,32.0,0.6710339028623795
142.0,32.0,0.5993269032715257
143.0,32.0,0.5276199036806718
144.0,32.0,0.49199307550531335
145.0,32.0,0.5285265901609462
146.0,32.0,0.565060104816579
147.0,32.0,0.6015936194722118
148.0,32.0,0.6381271341278447
149.0,32.0,0.635839313340546
150.0,32.0,0.6335514925532474
151.0,32.0,0.6312636717659488
152.0,32.0,0.6289758509786502
153.0,32.0,0.6266880301913516
154.0,32.0,0.6244002094040528
155.0,32.0,0.6221123886167543
156.0,32.0,0.6198245678294556
157.0,32.0,0.6175367470421569
158.0,32.0,0.6152489262548584
159.0,32.0,0.6129611054675598
160.0,32.0,0.610673284680261
161.0,32.0,0.6083854638929624
162.0,32.0,0.6060976431056638
163.0,32.0,0.6038098223183652
164.0,32.0,0.6015220015310665
165.0,32.0,0.5992341807437679
166.0,32.0,0.5969463599564693
167.0,32.0,0.5946585391691707
168.0,32.0,0.592370718381872
169.0,32.0,0.5900828975945734
170.0,32.0,0.5877950768072748
171.0,32.0,0.5855072560199761
172.0,32.0,0.5832194352326776
173.0,32.0,0.5809316144453789
174.0,32.0,0.5786437936580802
175.0,32.0,0.5763559728707814
176.0,32.0,0.5740681520834829
177.0,32.0,0.5717803312961843
178.0,32.0,0.5694925105088857
179.0,32.0,0.5672046897215871
180.0,32.0,0.5649168689342884
181.0,32.0,0.5626290481469898
182.0,32.0,0.5603412273596912
183.0,32.0,0.5580534065723926
184.0,32.0,0.5557655857850938
185.0,32.0,0.5534777649977952
186.0,32.0,0.5511899442104966
187.0,32.0,0.548902123423198
188.0,32.0,0.5466143026358994
189.0,32.0,0.5443264818486007
190.0,32.0,0.542038661061302
191.0,32.0,0.5397508402740034
192.0,32.0,0.5374630194867048
193.0,32.0,0.5351751986994061
194.0,32.0,0.5328873779121075
195.0,32.0,0.5305995571248089
196.0,32.0,0.5283117363375103
197.0,32.0,0.5260239155502117
198.0,32.0,0.523736094762913
199.0,32.0,0.5214482739756143
200.0,32.0,0.5191604531883157
201.0,32.0,0.5168726324010171
202.0,32.0,0.5145848116137185
203.0,32.0,0.5122969908264199
204.0,32.0,0.5100091700391212
205.0,32.0,0.5077213492518226
206.0,32.0,0.5060806098278925
207.0,32.0,0.5050869517673312
208.0,32.0,0.5040932937067698
209.0,32.0,0.5030996356462083
210.0,32.0,0.502105977585647
211.0,32.0,0.5011123195250856
212.0,32.0,0.5001186614645241
213.0,32.0,0.4991250034039628
214.0,32.0,0.4981313453434014
215.0,32.0,0.49713768728283997
216.0,32.0,0.49614402922227857
217.0,32.0,0.4951503711617172
218.0,32.0,0.4941567131011557
219.0,32.0,0.48825609711209594
220.0,32.0,0.4836987595290277
221.0,32.0,0.48466253615052995
222.0,32.0,0.5189092072717639
223.0,32.0,0.5531558783929977
224.0,32.0,0.5115615866652534
225.0,32.0,0.4699672949375091
226.0,32.0,0.451957609723956
227.0,32.0,0.462073533359381
228.0,32.0,0.472189456994806
229.0,32.0,0.507999491828861
230.0,32.0,0.5438095266629157
231.0,32.0,0.5705477494586215
232.0,32.0,0.5391122169459749
233.0,32.0,0.5076766844333283
234.0,32.0,0.47527702985617626
235.0,32.0,0.44287737527902427
236.0,32.0,0.46374327611302263
237.0,32.0,0.484609176947021
238.0,32.0,0.5057936386407904
239.0,32.0,0.5269781003345597
240.0,32.0,0.45869412058756065
241.0,32.0,0.4095456172437296
242.0,32.0,0.36039711389989865
243.0,32.0,0.42066664585125274
244.0,32.0,0.48093617780260683
245.0,32.0,0.6075083311405547
246.0,32.0,0.5990469889085428
247.0,32.0,0.5716853901278937
248.0,32.0,0.5443237913472445
249.0,32.0,0.6359467314677143
250.0,32.0,0.5135318487610454
251.0,32.0,0.47990084666997285
252.0,32.0,0.44626984457890023
253.0,32.0,0.6458940208956139
254.0,32.0,0.6604898147549072
255.0,32.0,0.6749620356921768
256.0,32.0,0.6894342566294466
257.0,32.0,0.7356307634166648
258.0,32.0,0.6703003598169944
259.0,32.0,0.7485971734972304
260.0,32.0,0.7485971734972304
261.0,32.0,0.7485971734972304
262.0,32.0,0.7485971734972304
263.0,32.0,0.6982226240250416
264.0,32.0,0.6982226240250416
265.0,32.0,0.6982226240250416
266.0,32.0,0.47009064329363837
267.0,32.0,0.47009064329363837
268.0,32.0,0.47009064329363837
269.0,32.0,0.47009064329363837
270.0,32.0,0.47009064329363837
271.0,32.0,0.47009064329363837
272.0,32.0,0.47009064329363837
273.0,32.0,0.47009064329363837
274.0,32.0,0.47009064329363837
275.0,32.0,0.47009064329363837
276.0,32.0,0.6309777000724073
277.0,32.0,0.6309777000724073
278.0,32.0,0.6309777000724073
279.0,32.0,0.6309777000724073
280.0,32.0,0.6309777000724073
281.0,32.0,0.6309777000724073
282.0,32.0,0.6309777000724073
283.0,32.0,0.6309777000724073
284.0,32.0,0.37072005329706925
285.0,32.0,0.37072005329706925
286.0,32.0,0.11864235854229219
287.0,32.0,0.11864235854229219
71.0,33.0,1.0
72.0,33.0,1.0
73.0,33.0,1.0
74.0,33.0,1.0
75.0,33.0,1.0
76.0,33.0,1.0
77.0,33.0,1.0
78.0,33.0,1.0
79.0,33.0,1.0
80.0,33.0,1.0
81.0,33.0,1.0
82.0,33.0,1.0
83.0,33.0,1.0
84.0,33.0,1.0
85.0,33.0,1.0
86.0,33.0,1.0
87.0,33.0,1.0
88.0,33.0,1.0
89.0,33.0,1.0
90.0,33.0,1.0
91.0,33.0,1.0
92.0,33.0,1.0
93.0,33.0,1.0
94.0,33.0,1.0
95.0,33.0,1.0
96.0,33.0,1.0
97.0,33.0,1.0
98.0,33.0,1.0
99.0,33.0,1.0
100.0,33.0,1.0
101.0,33.0,1.0
102.0,33.0,1.0
103.0,33.0,1.0
104.0,33.0,1.0
105.0,33.0,1.0
106.0,33.0,1.0
107.0,33.0,1.0
108.0,33.0,1.0
109.0,33.0,1.0
110.0,33.0,1.0
111.0,33.0,1.0
112.0,33.0,1.0
113.0,33.0,1.0
114.0,33.0,1.0
115.0,33.0,1.0
116.0,33.0,1.0
117.0,33.0,1.0
118.0,33.0,1.0
119.0,33.0,1.0
120.0,33.0,1.0
121.0,33.0,1.0
122.0,33.0,1.0
123.0,33.0,1.0
124.0,33.0,1.0
125.0,33.0,1.0
126.0,33.0,1.0
127.0,33.0,1.0
128.0,33.0,1.0
129.0,33.0,1.0
130.0,33.0,0.9431849549412495
131.0,33.0,0.8863699098824991
132.0,33.0,0.9431849549412495
133.0,33.0,1.0
134.0,33.0,1.0
135.0,33.0,1.0
136.0,33.0,1.0
137.0,33.0,1.0
138.0,33.0,0.9080505338830743
139.0,33.0,0.8161010677661487
140.0,33.0,0.7854217942330853
141.0,33.0,0.754742520700022
142.0,33.0,0.7490030727759553
143.0,33.0,0.7168766041851737
144.0,33.0,0.6451696045943198
145.0,33.0,0.5734626050034659
146.0,33.0,0.501755605412612
147.0,33.0,0.5022089486527491
148.0,33.0,0.5387424633083819
149.0,33.0,0.5752759779640146
150.0,33.0,0.6118094926196476
151.0,33.0,0.6483430072752803
152.0,33.0,0.6571469966145337
153.0,33.0,0.6548591758272351
154.0,33.0,0.6525713550399365
155.0,33.0,0.6502835342526379
156.0,33.0,0.6479957134653391
157.0,33.0,0.6457078926780405
158.0,33.0,0.6434200718907419
159.0,33.0,0.6411322511034433
160.0,33.0,0.6388444303161447
161.0,33.0,0.636556609528846
162.0,33.0,0.6342687887415474
163.0,33.0,0.6319809679542487
164.0,33.0,0.62969314716695
165.0,33.0,0.6274053263796515
166.0,33.0,0.6251175055923528
167.0,33.0,0.6228296848050543
168.0,33.0,0.6205418640177556
169.0,33.0,0.618254043230457
170.0,33.0,0.6159662224431582
171.0,33.0,0.6136784016558596
172.0,33.0,0.611390580868561
173.0,33.0,0.6091027600812624
174.0,33.0,0.6068149392939637
175.0,33.0,0.6045271185066651
176.0,33.0,0.6022392977193665
177.0,33.0,0.599951476932068
178.0,33.0,0.5976636561447692
179.0,33.0,0.5953758353574705
180.0,33.0,0.593088014570172
181.0,33.0,0.5908001937828733
182.0,33.0,0.5885123729955747
183.0,33.0,0.5862245522082761
184.0,33.0,0.5839367314209775
185.0,33.0,0.5816489106336789
186.0,33.0,0.5793610898463801
187.0,33.0,0.5770732690590815
188.0,33.0,0.5747854482717829
189.0,33.0,0.5724976274844843
190.0,33.0,0.5702098066971857
191.0,33.0,0.567921985909887
192.0,33.0,0.5656341651225884
193.0,33.0,0.5633463443352897
194.0,33.0,0.561058523547991
195.0,33.0,0.5587707027606925
196.0,33.0,0.5564828819733938
197.0,33.0,0.5541950611860952
198.0,33.0,0.5519072403987966
199.0,33.0,0.5496194196114979
200.0,33.0,0.5473315988241994
201.0,33.0,0.5450437780369006
202.0,33.0,0.542755957249602
203.0,33.0,0.5404681364623034
204.0,33.0,0.5381803156750048
205.0,33.0,0.5358924948877061
206.0,33.0,0.5336046741004075
207.0,33.0,0.531316853313109
208.0,33.0,0.5290290325258101
209.0,33.0,0.5267412117385116
210.0,33.0,0.524453390951213
211.0,33.0,0.5221655701639144
212.0,33.0,0.5198777493766157
213.0,33.0,0.5175899285893171
214.0,33.0,0.5153021078020185
215.0,33.0,0.5130142870147197
216.0,33.0,0.5107264662274211
217.0,33.0,0.5084386454401224
218.0,33.0,0.5426853165613564
219.0,33.0,0.5769319876825904
220.0,33.0,0.6111786588038243
221.0,33.0,0.6454253299250582
222.0,33.0,0.6038310381973139
223.0,33.0,0.5622367464695696
224.0,33.0,0.5206424547418252
225.0,33.0,0.4790481630140809
226.0,33.0,0.46103847780052776
227.0,33.0,0.4430287925869746
228.0,33.0,0.47883882742102946
229.0,33.0,0.5146488622550843
230.0,33.0,0.5504588970891392
231.0,33.0,0.5862689319231941
232.0,33.0,0.5548333994105474
233.0,33.0,0.5233978668979009
234.0,33.0,0.4919623343852543
235.0,33.0,0.46052680187260764
236.0,33.0,0.481392702706606
237.0,33.0,0.5022586035406044
238.0,33.0,0.5231245043746027
239.0,33.0,0.5439904052086011
240.0,33.0,0.475706425461602
241.0,33.0,0.40742244571460295
242.0,33.0,0.46769197766595705
243.0,33.0,0.5279615096173111
244.0,33.0,0.5882310415686652
245.0,33.0,0.6485005735200193
246.0,33.0,0.6211389747393702
247.0,33.0,0.593777375958721
248.0,33.0,0.566415777178072
249.0,33.0,0.5390541783974229
250.0,33.0,0.416639295690754
251.0,33.0,0.2942244129840851
252.0,33.0,0.4938485893007988
253.0,33.0,0.6934727656175125
254.0,33.0,0.7080685594768058
255.0,33.0,0.7226643533360991
256.0,33.0,0.7341727793572947
257.0,33.0,0.5920035461367585
258.0,33.0,0.7485971734972304
259.0,33.0,0.7485971734972304
260.0,33.0,0.7485971734972304
261.0,33.0,0.7485971734972304
262.0,33.0,0.7485971734972304
263.0,33.0,0.7485971734972304
264.0,33.0,0.6982226240250416
265.0,33.0,0.6982226240250416
266.0,33.0,0.47009064329363837
267.0,33.0,0.47009064329363837
268.0,33.0,0.47009064329363837
269.0,33.0,0.47009064329363837
270.0,33.0,0.47009064329363837
271.0,33.0,0.47009064329363837
272.0,33.0,0.47009064329363837
273.0,33.0,0.47009064329363837
274.0,33.0,0.47009064329363837
275.0,33.0,0.47009064329363837
276.0,33.0,0.47009064329363837
277.0,33.0,0.6309777000724073
278.0,33.0,0.6309777000724073
279.0,33.0,0.6309777000724073
280.0,33.0,0.6309777000724073
281.0,33.0,0.6309777000724073
282.0,33.0,0.6309777000724073
283.0,33.0,0.6309777000724073
284.0,33.0,0.6309777000724073
285.0,33.0,0.37072005329706925
286.0,33.0,0.37072005329706925
287.0,33.0,0.11864235854229219
71.0,34.0,1.0
72.0,34.0,1.0
73.0,34.0,1.0
74.0,34.0,1.0
75.0,34.0,1.0
76.0,34.0,1.0
77.0,34.0,1.0
78.0,34.0,1.0
79.0,34.0,1.0
80.0,34.0,1.0
81.0,34.0,1.0
82.0,34.0,1.0
83.0,34.0,1.0
84.0,34.0,1.0
85.0,34.0,1.0
86.0,34.0,1.0
87.0,34.0,1.0
88.0,34.0,1.0
89.0,34.0,1.0
90.0,34.0,1.0
91.0,34.0,1.0
92.0,34.0,1.0
93.0,34.0,1.0
94.0,34.0,1.0
95.0,34.0,1.0
96.0,34.0,1.0
97.0,34.0,1.0
98.0,34.0,1.0
99.0,34.0,1.0
100.0,34.0,1.0
101.0,34.0,1.0
102.0,34.0,1.0
103.0,34.0,1.0
104.0,34.0,1.0
105.0,34.0,1.0
106.0,34.0,1.0
107.0,34.0,1.0
108.0,34.0,1.0
109.0,34.0,1.0
110.0,34.0,1.0
111.0,34.0,1.0
112.0,34.0,1.0
113.0,34.0,1.0
114.0,34.0,1.0
115.0,34.0,1.0
116.0,34.0,1.0
117.0,34.0,1.0
118.0,34.0,1.0
119.0,34.0,1.0
120.0,34.0,1.0
121.0,34.0,1.0
122.0,34.0,1.0
123.0,34.0,1.0
124.0,34.0,1.0
125.0,34.0,1.0
126.0,34.0,1.0
127.0,34.0,1.0
128.0,34.0,1.0
129.0,34.0,1.0
130.0,34.0,0.978736928873648
131.0,34.0,0.9219218838148976
132.0,34.0,0.978736928873648
133.0,34.0,1.0
134.0,34.0,1.0
135.0,34.0,1.0
136.0,34.0,1.0
137.0,34.0,1.0
138.0,34.0,0.9080505338830743
139.0,34.0,0.8265423621296425
140.0,34.0,0.9080505338830743
141.0,34.0,0.8299628677082451
142.0,34.0,0.8211472025033502
143.0,34.0,0.8123315372984553
144.0,34.0,0.781652263765392
145.0,34.0,0.7627193055079677
146.0,34.0,0.691012305917114
147.0,34.0,0.61930530632626
148.0,34.0,0.5475983067354062
149.0,34.0,0.47589130714455224
150.0,34.0,0.5124248218001848
151.0,34.0,0.5489583364558176
152.0,34.0,0.5854918511114504
153.0,34.0,0.6220253657670833
154.0,34.0,0.658558880422716
155.0,34.0,0.6784546798885214
156.0,34.0,0.6761668591012228
157.0,34.0,0.673879038313924
158.0,34.0,0.6715912175266254
159.0,34.0,0.6693033967393268
160.0,34.0,0.6670155759520281
161.0,34.0,0.6647277551647295
162.0,34.0,0.662439934377431
163.0,34.0,0.6601521135901323
164.0,34.0,0.6578642928028338
165.0,34.0,0.655576472015535
166.0,34.0,0.6532886512282364
167.0,34.0,0.6510008304409377
168.0,34.0,0.6487130096536392
169.0,34.0,0.6464251888663404
170.0,34.0,0.6441373680790418
171.0,34.0,0.6418495472917433
172.0,34.0,0.6395617265044445
173.0,34.0,0.6372739057171458
174.0,34.0,0.6349860849298473
175.0,34.0,0.6326982641425487
176.0,34.0,0.63041044335525
177.0,34.0,0.6281226225679514
178.0,34.0,0.6258348017806528
179.0,34.0,0.6235469809933541
180.0,34.0,0.6212591602060555
181.0,34.0,0.6189713394187568
182.0,34.0,0.6166835186314582
183.0,34.0,0.6143956978441596
184.0,34.0,0.6121078770568611
185.0,34.0,0.6098200562695624
186.0,34.0,0.6075322354822638
187.0,34.0,0.605244414694965
188.0,34.0,0.6029565939076664
189.0,34.0,0.6006687731203678
190.0,34.0,0.5983809523330692
191.0,34.0,0.5960931315457705
192.0,34.0,0.5938053107584719
193.0,34.0,0.5915174899711733
194.0,34.0,0.5892296691838748
195.0,34.0,0.586941848396576
196.0,34.0,0.5846540276092774
197.0,34.0,0.5823662068219787
198.0,34.0,0.5800783860346801
199.0,34.0,0.5777905652473816
200.0,34.0,0.5755027444600828
201.0,34.0,0.5732149236727843
202.0,34.0,0.5709271028854855
203.0,34.0,0.568639282098187
204.0,34.0,0.5663514613108883
205.0,34.0,0.5640636405235897
206.0,34.0,0.561775819736291
207.0,34.0,0.5594879989489924
208.0,34.0,0.5572001781616939
209.0,34.0,0.5549123573743951
210.0,34.0,0.5423405754481925
211.0,34.0,0.5246268129525378
212.0,34.0,0.5069130504568831
213.0,34.0,0.4910100089581824
214.0,34.0,0.47872840945338985
215.0,34.0,0.5722268876690075
216.0,34.0,0.5647366214028315
217.0,34.0,0.5572463551366555
218.0,34.0,0.5914930262578896
219.0,34.0,0.6257396973791234
220.0,34.0,0.6478371678047531
221.0,34.0,0.6713881666774242
222.0,34.0,0.6963926939971365
223.0,34.0,0.6547984022693922
224.0,34.0,0.6132041105416479
225.0,34.0,0.5936325374640468
226.0,34.0,0.5740609643864456
227.0,34.0,0.5560512791728924
228.0,34.0,0.5300188859081831
229.0,34.0,0.5039864926434738
230.0,34.0,0.5397965274775287
231.0,34.0,0.5756065623115836
232.0,34.0,0.544171029798937
233.0,34.0,0.5127354972862903
234.0,34.0,0.531108918210585
235.0,34.0,0.5494823391348799
236.0,34.0,0.5183286391530247
237.0,34.0,0.539194539987023
238.0,34.0,0.5600604408210215
239.0,34.0,0.5696488862108
240.0,34.0,0.5792373316005786
241.0,34.0,0.5109533518535796
242.0,34.0,0.5182584953398996
243.0,34.0,0.5255636388262197
244.0,34.0,0.5858331707775738
245.0,34.0,0.6461027027289279
246.0,34.0,0.6107077249138488
247.0,34.0,0.5833461261331996
248.0,34.0,0.5559845273525506
249.0,34.0,0.5910154559759443
250.0,34.0,0.626046384599338
251.0,34.0,0.5036315018926691
252.0,34.0,0.7032556782093828
253.0,34.0,0.7178514720686762
254.0,34.0,0.721206369276729
255.0,34.0,0.7327147952979247
256.0,34.0,0.7226643533360991
257.0,34.0,0.7226643533360991
258.0,34.0,0.7485971734972304
259.0,34.0,0.7485971734972304
260.0,34.0,0.7485971734972304
261.0,34.0,0.7485971734972304
262.0,34.0,0.7485971734972304
263.0,34.0,0.7485971734972304
264.0,34.0,0.7485971734972304
265.0,34.0,0.6982226240250416
266.0,34.0,0.6982226240250416
267.0,34.0,0.47009064329363837
268.0,34.0,0.47009064329363837
269.0,34.0,0.47009064329363837
270.0,34.0,0.47009064329363837
271.0,34.0,0.47009064329363837
272.0,34.0,0.47009064329363837
273.0,34.0,0.47009064329363837
274.0,34.0,0.47009064329363837
275.0,34.0,0.47009064329363837
276.0,34.0,0.47009064329363837
277.0,34.0,0.47009064329363837
278.0,34.0,0.6309777000724073
279.0,34.0,0.6309777000724073
280.0,34.0,0.6309777000724073
281.0,34.0,0.6309777000724073
282.0,34.0,0.6309777000724073
283.0,34.0,0.6309777000724073
284.0,34.0,0.6309777000724073
285.0,34.0,0.6309777000724073
286.0,34.0,0.37072005329706925
287.0,34.0,0.37072005329706925
71.0,35.0,1.0
72.0,35.0,1.0
73.0,35.0,1.0
74.0,35.0,1.0
75.0,35.0,1.0
76.0,35.0,1.0
77.0,35.0,1.0
78.0,35.0,1.0
79.0,35.0,1.0
80.0,35.0,1.0
81.0,35.0,1.0
82.0,35.0,1.0
83.0,35.0,1.0
84.0,35.0,1.0
85.0,35.0,1.0
86.0,35.0,1.0
87.0,35.0,1.0
88.0,35.0,1.0
89.0,35.0,1.0
90.0,35.0,1.0
91.0,35.0,1.0
92.0,35.0,1.0
93.0,35.0,1.0
94.0,35.0,1.0
95.0,35.0,1.0
96.0,35.0,1.0
97.0,35.0,1.0
98.0,35.0,1.0
99.0,35.0,1.0
100.0,35.0,1.0
101.0,35.0,1.0
102.0,35.0,1.0
103.0,35.0,1.0
104.0,35.0,1.0
105.0,35.0,1.0
106.0,35.0,1.0
107.0,35.0,1.0
108.0,35.0,1.0
109.0,35.0,1.0
110.0,35.0,1.0
111.0,35.0,1.0
112.0,35.0,1.0
113.0,35.0,1.0
114.0,35.0,1.0
115.0,35.0,1.0
116.0,35.0,1.0
117.0,35.0,1.0
118.0,35.0,1.0
119.0,35.0,1.0
120.0,35.0,1.0
121.0,35.0,1.0
122.0,35.0,1.0
123.0,35.0,1.0
124.0,35.0,1.0
125.0,35.0,1.0
126.0,35.0,1.0
127.0,35.0,1.0
128.0,35.0,1.0
129.0,35.0,1.0
130.0,35.0,0.978736928873648
131.0,35.0,0.9574738577472961
132.0,35.0,0.978736928873648
133.0,35.0,1.0
134.0,35.0,1.0
135.0,35.0,1.0
136.0,35.0,1.0
137.0,35.0,1.0
138.0,35.0,0.9184918282465682
139.0,35.0,0.8369836564931363
140.0,35.0,0.9184918282465682
141.0,35.0,1.0
142.0,35.0,0.9219123338251708
143.0,35.0,0.8438246676503416
144.0,35.0,0.8350090024454466
145.0,35.0,0.8261933372405518
146.0,35.0,0.8173776720356569
147.0,35.0,0.808562006830762
148.0,35.0,0.7368550072399082
149.0,35.0,0.6651480076490541
150.0,35.0,0.5934410080582004
151.0,35.0,0.5217340084673464
152.0,35.0,0.48610718029198785
153.0,35.0,0.5226406949476207
154.0,35.0,0.5591742096032535
155.0,35.0,0.5957077242588863
156.0,35.0,0.6322412389145192
157.0,35.0,0.668774753570152
158.0,35.0,0.699762363162509
159.0,35.0,0.6974745423752103
160.0,35.0,0.6951867215879117
161.0,35.0,0.6928989008006131
162.0,35.0,0.6906110800133145
163.0,35.0,0.6883232592260158
164.0,35.0,0.6860354384387172
165.0,35.0,0.6837476176514186
166.0,35.0,0.68145979686412
167.0,35.0,0.6791719760768212
168.0,35.0,0.6768841552895227
169.0,35.0,0.674596334502224
170.0,35.0,0.6723085137149254
171.0,35.0,0.6700206929276267
172.0,35.0,0.6677328721403281
173.0,35.0,0.6654450513530296
174.0,35.0,0.6631572305657308
175.0,35.0,0.6608694097784322
176.0,35.0,0.6585815889911335
177.0,35.0,0.656293768203835
178.0,35.0,0.6540059474165363
179.0,35.0,0.6517181266292377
180.0,35.0,0.6494303058419391
181.0,35.0,0.6471424850546404
182.0,35.0,0.6448546642673418
183.0,35.0,0.6425668434800431
184.0,35.0,0.6402790226927445
185.0,35.0,0.6379912019054459
186.0,35.0,0.6357033811181473
187.0,35.0,0.6334155603308486
188.0,35.0,0.63112773954355
189.0,35.0,0.6288399187562513
190.0,35.0,0.6265520979689528
191.0,35.0,0.6242642771816541
192.0,35.0,0.6219764563943555
193.0,35.0,0.6196886356070568
194.0,35.0,0.6174008148197582
195.0,35.0,0.6151129940324596
196.0,35.0,0.6128251732451611
197.0,35.0,0.6105373524578622
198.0,35.0,0.6082495316705636
199.0,35.0,0.605961710883265
200.0,35.0,0.6036738900959664
201.0,35.0,0.6013860693086678
202.0,35.0,0.5939562679519171
203.0,35.0,0.5762425054562623
204.0,35.0,0.5585287429606076
205.0,35.0,0.540814980464953
206.0,35.0,0.5231012179692983
207.0,35.0,0.5053874554736436
208.0,35.0,0.48767369297798885
209.0,35.0,0.4735813724762423
210.0,35.0,0.4612997729714498
211.0,35.0,0.44901817346665723
212.0,35.0,0.5425166516822749
213.0,35.0,0.6360151298978927
214.0,35.0,0.6285248636317167
215.0,35.0,0.6210345973655407
216.0,35.0,0.6135443310993647
217.0,35.0,0.6060540648331887
218.0,35.0,0.6281515352588184
219.0,35.0,0.6502490056844482
220.0,35.0,0.6723464761100778
221.0,35.0,0.6973510034297903
222.0,35.0,0.7223555307495027
223.0,35.0,0.747360058069215
224.0,35.0,0.7277884849916139
225.0,35.0,0.7082169119140127
226.0,35.0,0.6886453388364115
227.0,35.0,0.6690737657588104
228.0,35.0,0.6430413724941011
229.0,35.0,0.6170089792293918
230.0,35.0,0.5909765859646825
231.0,35.0,0.5649441926999731
232.0,35.0,0.5833176136242679
233.0,35.0,0.6016910345485627
234.0,35.0,0.6200644554728574
235.0,35.0,0.6384378763971521
236.0,35.0,0.607284176415297
237.0,35.0,0.5761304764334418
238.0,35.0,0.5857189218232204
239.0,35.0,0.5953073672129989
240.0,35.0,0.6048958126027775
241.0,35.0,0.6144842579925561
242.0,35.0,0.6217894014788762
243.0,35.0,0.6290945449651963
244.0,35.0,0.6363996884515164
245.0,35.0,0.6437048319378365
246.0,35.0,0.6083098541227574
247.0,35.0,0.5729148763076782
248.0,35.0,0.607945804931072
249.0,35.0,0.6429767335544658
250.0,35.0,0.6780076621778596
251.0,35.0,0.7130385908012533
252.0,35.0,0.7163934880093061
253.0,35.0,0.7197483852173591
254.0,35.0,0.7312568112385547
255.0,35.0,0.7226643533360991
256.0,35.0,0.7226643533360991
257.0,35.0,0.7226643533360991
258.0,35.0,0.7226643533360991
259.0,35.0,0.7485971734972304
260.0,35.0,0.7485971734972304
261.0,35.0,0.7485971734972304
262.0,35.0,0.7485971734972304
263.0,35.0,0.7485971734972304
264.0,35.0,0.7485971734972304
265.0,35.0,0.7485971734972304
266.0,35.0,0.6982226240250416
267.0,35.0,0.47009064329363837
268.0,35.0,0.47009064329363837
269.0,35.0,0.47009064329363837
270.0,35.0,0.47009064329363837
271.0,35.0,0.47009064329363837
272.0,35.0,0.47009064329363837
273.0,35.0,0.47009064329363837
274.0,35.0,0.47009064329363837
275.0,35.0,0.47009064329363837
276.0,35.0,0.47009064329363837
277.0,35.0,0.47009064329363837
278.0,35.0,0.47009064329363837
279.0,35.0,0.6309777000724073
280.0,35.0,0.6309777000724073
281.0,35.0,0.6309777000724073
282.0,35.0,0.6309777000724073
283.0,35.0,0.6309777000724073
284.0,35.0,0.6309777000724073
285.0,35.0,0.6309777000724073
286.0,35.0,0.6309777000724073
287.0,35.0,0.37072005329706925
71.0,36.0,1.0
72.0,36.0,1.0
73.0,36.0,1.0
74.0,36.0,1.0
75.0,36.0,1.0
76.0,36.0,1.0
77.0,36.0,1.0
78.0,36.0,1.0
79.0,36.0,1.0
80.0,36.0,1.0
81.0,36.0,1.0
82.0,36.0,1.0
83.0,36.0,1.0
84.0,36.0,1.0
85.0,36.0,1.0
86.0,36.0,1.0
87.0,36.0,1.0
88.0,36.0,1.0
89.0,36.0,1.0
90.0,36.0,1.0
91.0,36.0,1.0
92.0,36.0,1.0
93.0,36.0,1.0
94.0,36.0,1.0
95.0,36.0,1.0
96.0,36.0,1.0
97.0,36.0,1.0
98.0,36.0,1.0
99.0,36.0,1.0
100.0,36.0,1.0
101.0,36.0,1.0
102.0,36.0,1.0
103.0,36.0,1.0
104.0,36.0,1.0
105.0,36.0,1.0
106.0,36.0,1.0
107.0,36.0,1.0
108.0,36.0,1.0
109.0,36.0,1.0
110.0,36.0,1.0
111.0,36.0,1.0
112.0,36.0,1.0
113.0,36.0,1.0
114.0,36.0,1.0
115.0,36.0,1.0
116.0,36.0,1.0
117.0,36.0,1.0
118.0,36.0,1.0
119.0,36.0,1.0
120.0,36.0,1.0
121.0,36.0,1.0
122.0,36.0,1.0
123.0,36.0,0.8724791569857033
124.0,36.0,0.8724791569857033
125.0,36.0,0.9362395784928517
126.0,36.0,1.0
127.0,36.0,1.0
128.0,36.0,1.0
129.0,36.0,1.0
130.0,36.0,0.978736928873648
131.0,36.0,0.978736928873648
132.0,36.0,0.978736928873648
133.0,36.0,1.0
134.0,36.0,1.0
135.0,36.0,1.0
136.0,36.0,1.0
137.0,36.0,0.9644665613050311
138.0,36.0,0.9289331226100621
139.0,36.0,0.8474249508566303
140.0,36.0,0.9289331226100621
141.0,36.0,1.0
142.0,36.0,0.9219123338251708
143.0,36.0,0.8828685007377561
144.0,36.0,0.9219123338251708
145.0,36.0,0.9130966686202759
146.0,36.0,0.904281003415381
147.0,36.0,0.8387030184174958
148.0,36.0,0.8043602692617109
149.0,36.0,0.7700175201059258
150.0,36.0,0.7264395831976154
151.0,36.0,0.6828616462893049
152.0,36.0,0.6392837093809944
153.0,36.0,0.5675767097901406
154.0,36.0,0.4958697101992868
155.0,36.0,0.4963230534394237
156.0,36.0,0.5328565680950564
157.0,36.0,0.5693900827506894
158.0,36.0,0.6059235974063221
159.0,36.0,0.6424571120619549
160.0,36.0,0.6789906267175877
161.0,36.0,0.7155241413732205
162.0,36.0,0.7187822256491981
163.0,36.0,0.7164944048618993
164.0,36.0,0.7142065840746007
165.0,36.0,0.7119187632873021
166.0,36.0,0.7096309425000035
167.0,36.0,0.707343121712705
168.0,36.0,0.7050553009254062
169.0,36.0,0.7027674801381076
170.0,36.0,0.7004796593508089
171.0,36.0,0.6981918385635103
172.0,36.0,0.6959040177762116
173.0,36.0,0.6936161969889131
174.0,36.0,0.6913283762016145
175.0,36.0,0.6890405554143159
176.0,36.0,0.6867527346270171
177.0,36.0,0.6844649138397184
178.0,36.0,0.6821770930524199
179.0,36.0,0.6798892722651212
180.0,36.0,0.6776014514778227
181.0,36.0,0.675313630690524
182.0,36.0,0.6730258099032254
183.0,36.0,0.6707379891159267
184.0,36.0,0.6684501683286281
185.0,36.0,0.6661623475413295
186.0,36.0,0.6638745267540308
187.0,36.0,0.6615867059667322
188.0,36.0,0.6592988851794336
189.0,36.0,0.657011064392135
190.0,36.0,0.6547232436048364
191.0,36.0,0.6524354228175376
192.0,36.0,0.650147602030239
193.0,36.0,0.6478597812429404
194.0,36.0,0.6455719604556418
195.0,36.0,0.627858197959987
196.0,36.0,0.6101444354643323
197.0,36.0,0.5924306729686776
198.0,36.0,0.5747169104730229
199.0,36.0,0.5570031479773682
200.0,36.0,0.5392893854817136
201.0,36.0,0.5215756229860589
202.0,36.0,0.5038618604904042
203.0,36.0,0.4861480979947494
204.0,36.0,0.46843433549909475
205.0,36.0,0.4561527359943022
206.0,36.0,0.4438711364895097
207.0,36.0,0.4315895369847172
208.0,36.0,0.4193079374799247
209.0,36.0,0.5128064156955423
210.0,36.0,0.6468496741562011
211.0,36.0,0.7808929326168599
212.0,36.0,0.7771717737040906
213.0,36.0,0.7734506147913212
214.0,36.0,0.7659603485251452
215.0,36.0,0.7584700822589692
216.0,36.0,0.6726954349748049
217.0,36.0,0.5869207876906404
218.0,36.0,0.6526608435641431
219.0,36.0,0.6747583139897728
220.0,36.0,0.6983093128624438
221.0,36.0,0.7233138401821563
222.0,36.0,0.6753209079950319
223.0,36.0,0.6273279758079076
224.0,36.0,0.6077564027303064
225.0,36.0,0.5881848296527052
226.0,36.0,0.6412110480446764
227.0,36.0,0.6942372664366476
228.0,36.0,0.6682048731719383
229.0,36.0,0.642172479907229
230.0,36.0,0.6629623895399106
231.0,36.0,0.6509502483252314
232.0,36.0,0.6061360562631914
233.0,36.0,0.6245094771874862
234.0,36.0,0.6428828981117809
235.0,36.0,0.6254539372123914
236.0,36.0,0.6080249763130018
237.0,36.0,0.5768712763311467
238.0,36.0,0.6355169122319789
239.0,36.0,0.6941625481328112
240.0,36.0,0.7037509935225899
241.0,36.0,0.7133394389123684
242.0,36.0,0.5263501378043973
243.0,36.0,0.5336552812907174
244.0,36.0,0.5409604247770374
245.0,36.0,0.6081940756644086
246.0,36.0,0.6754277265517799
247.0,36.0,0.6400327487367008
248.0,36.0,0.6750636773600945
249.0,36.0,0.7100946059834883
250.0,36.0,0.7122035722251026
251.0,36.0,0.7149355039499361
252.0,36.0,0.7182904011579889
253.0,36.0,0.6529599975583187
254.0,36.0,0.7130385908012533
255.0,36.0,0.7226643533360991
256.0,36.0,0.7226643533360991
257.0,36.0,0.7226643533360991
258.0,36.0,0.7226643533360991
259.0,36.0,0.7485971734972304
260.0,36.0,0.7485971734972304
261.0,36.0,0.7485971734972304
262.0,36.0,0.7485971734972304
263.0,36.0,0.7485971734972304
264.0,36.0,0.7485971734972304
265.0,36.0,0.7485971734972304
266.0,36.0,0.7485971734972304
267.0,36.0,0.6982226240250416
268.0,36.0,0.47009064329363837
269.0,36.0,0.47009064329363837
270.0,36.0,0.47009064329363837
271.0,36.0,0.47009064329363837
272.0,36.0,0.47009064329363837
273.0,36.0,0.47009064329363837
274.0,36.0,0.47009064329363837
275.0,36.0,0.47009064329363837
276.0,36.0,0.47009064329363837
277.0,36.0,0.47009064329363837
278.0,36.0,0.47009064329363837
279.0,36.0,0.47009064329363837
280.0,36.0,0.6309777000724073
281.0,36.0,0.6309777000724073
282.0,36.0,0.6309777000724073
283.0,36.0,0.6309777000724073
284.0,36.0,0.6309777000724073
285.0,36.0,0.6309777000724073
286.0,36.0,0.6309777000724073
287.0,36.0,0.6309777000724073
71.0,37.0,1.0
72.0,37.0,1.0
73.0,37.0,1.0
74.0,37.0,1.0
75.0,37.0,1.0
76.0,37.0,1.0
77.0,37.0,1.0
78.0,37.0,1.0
79.0,37.0,1.0
80.0,37.0,1.0
81.0,37.0,1.0
82.0,37.0,1.0
83.0,37.0,1.0
84.0,37.0,1.0
85.0,37.0,1.0
86.0,37.0,1.0
87.0,37.0,1.0
88.0,37.0,1.0
89.0,37.0,1.0
90.0,37.0,1.0
91.0,37.0,1.0
92.0,37.0,1.0
93.0,37.0,1.0
94.0,37.0,1.0
95.0,37.0,1.0
96.0,37.0,1.0
97.0,37.0,1.0
98.0,37.0,1.0
99.0,37.0,1.0
100.0,37.0,1.0
101.0,37.0,1.0
102.0,37.0,1.0
103.0,37.0,1.0
104.0,37.0,1.0
105.0,37.0,1.0
106.0,37.0,1.0
107.0,37.0,1.0
108.0,37.0,1.0
109.0,37.0,1.0
110.0,37.0,1.0
111.0,37.0,1.0
112.0,37.0,1.0
113.0,37.0,1.0
114.0,37.0,1.0
115.0,37.0,1.0
116.0,37.0,1.0
117.0,37.0,1.0
118.0,37.0,1.0
119.0,37.0,1.0
120.0,37.0,1.0
121.0,37.0,1.0
122.0,37.0,0.8724791569857033
123.0,37.0,0.7449583139714067
124.0,37.0,0.808718735478555
125.0,37.0,0.8724791569857033
126.0,37.0,0.9362395784928517
127.0,37.0,1.0
128.0,37.0,1.0
129.0,37.0,1.0
130.0,37.0,1.0
131.0,37.0,1.0
132.0,37.0,1.0
133.0,37.0,1.0
134.0,37.0,1.0
135.0,37.0,1.0
136.0,37.0,0.9644665613050311
137.0,37.0,0.9289331226100621
138.0,37.0,0.8933996839150931
139.0,37.0,0.8578662452201241
140.0,37.0,0.9289331226100621
141.0,37.0,1.0
142.0,37.0,0.9609561669125855
143.0,37.0,0.9219123338251708
144.0,37.0,0.9609561669125855
145.0,37.0,1.0
146.0,37.0,0.9344220150021149
147.0,37.0,0.8688440300042297
148.0,37.0,0.8345012808484448
149.0,37.0,0.8001585316926597
150.0,37.0,0.7658157825368748
151.0,37.0,0.7314730333810897
152.0,37.0,0.6878950964727792
153.0,37.0,0.6443171595644688
154.0,37.0,0.6007392226561583
155.0,37.0,0.5571612857478478
156.0,37.0,0.5135833488395373
157.0,37.0,0.4700054119312268
158.0,37.0,0.5065389265868594
159.0,37.0,0.5430724412424922
160.0,37.0,0.579605955898125
161.0,37.0,0.616139470553758
162.0,37.0,0.6526729852093905
163.0,37.0,0.6892064998650236
164.0,37.0,0.7257400145206563
165.0,37.0,0.7400899089231857
166.0,37.0,0.7378020881358871
167.0,37.0,0.7355142673485885
168.0,37.0,0.7332264465612898
169.0,37.0,0.7309386257739913
170.0,37.0,0.7286508049866925
171.0,37.0,0.7263629841993938
172.0,37.0,0.7240751634120952
173.0,37.0,0.7217873426247966
174.0,37.0,0.7194995218374981
175.0,37.0,0.7172117010501995
176.0,37.0,0.7149238802629007
177.0,37.0,0.712636059475602
178.0,37.0,0.7103482386883034
179.0,37.0,0.7080604179010049
180.0,37.0,0.7057725971137062
181.0,37.0,0.7034847763264076
182.0,37.0,0.7011969555391089
183.0,37.0,0.6989091347518103
184.0,37.0,0.6966213139645115
185.0,37.0,0.694333493177213
186.0,37.0,0.6920456723899144
187.0,37.0,0.6794738904637116
188.0,37.0,0.6617601279680569
189.0,37.0,0.6440463654724022
190.0,37.0,0.6263326029767475
191.0,37.0,0.6086188404810928
192.0,37.0,0.5909050779854381
193.0,37.0,0.5731913154897835
194.0,37.0,0.5554775529941287
195.0,37.0,0.5377637904984741
196.0,37.0,0.5200500280028194
197.0,37.0,0.5023362655071647
198.0,37.0,0.48462250301151
199.0,37.0,0.4669087405158553
200.0,37.0,0.4510056990171547
201.0,37.0,0.43872409951236213
202.0,37.0,0.42644250000756956
203.0,37.0,0.41416090050277704
204.0,37.0,0.4018793009979846
205.0,37.0,0.389597701493192
206.0,37.0,0.5236409599538507
207.0,37.0,0.6576842184145095
208.0,37.0,0.7917274768751684
209.0,37.0,0.9257707353358271
210.0,37.0,0.9220495764230578
211.0,37.0,0.9183284175102884
212.0,37.0,0.9146072585975191
213.0,37.0,0.9108860996847498
214.0,37.0,0.8251114524005854
215.0,37.0,0.7393368051164209
216.0,37.0,0.6535621578322565
217.0,37.0,0.5677875105480921
218.0,37.0,0.6335275664215948
219.0,37.0,0.6992676222950975
220.0,37.0,0.6512746901079731
221.0,37.0,0.6032817579208487
222.0,37.0,0.5552888257337244
223.0,37.0,0.5072958935466
224.0,37.0,0.5603221119385713
225.0,37.0,0.6133483303305425
226.0,37.0,0.6663745487225136
227.0,37.0,0.7194007671144849
228.0,37.0,0.7401906767471664
229.0,37.0,0.760980586379848
230.0,37.0,0.7817704960125296
231.0,37.0,0.7369563039504897
232.0,37.0,0.6921421118884497
233.0,37.0,0.6473279198264098
234.0,37.0,0.6298989589270202
235.0,37.0,0.6124699980276307
236.0,37.0,0.5950410371282411
237.0,37.0,0.5776120762288515
238.0,37.0,0.6362577121296837
239.0,37.0,0.694903348030516
240.0,37.0,0.7535489839313483
241.0,37.0,0.8121946198321806
242.0,37.0,0.6252053187242095
243.0,37.0,0.4382160176162384
244.0,37.0,0.5054496685036096
245.0,37.0,0.5726833193909808
246.0,37.0,0.6399169702783521
247.0,37.0,0.7071506211657234
248.0,37.0,0.7092595874073376
249.0,37.0,0.7113685536489518
250.0,37.0,0.7134775198905661
251.0,37.0,0.716832417098619
252.0,37.0,0.7130385908012533
253.0,37.0,0.7130385908012533
254.0,37.0,0.7130385908012533
255.0,37.0,0.7226643533360991
256.0,37.0,0.7226643533360991
257.0,37.0,0.7226643533360991
258.0,37.0,0.7226643533360991
259.0,37.0,0.7226643533360991
260.0,37.0,0.7485971734972304
261.0,37.0,0.7485971734972304
262.0,37.0,0.7485971734972304
263.0,37.0,0.7485971734972304
264.0,37.0,0.7485971734972304
265.0,37.0,0.7485971734972304
266.0,37.0,0.7485971734972304
267.0,37.0,0.7485971734972304
268.0,37.0,0.47009064329363837
269.0,37.0,0.47009064329363837
270.0,37.0,0.47009064329363837
271.0,37.0,0.47009064329363837
272.0,37.0,0.47009064329363837
273.0,37.0,0.47009064329363837
274.0,37.0,0.47009064329363837
275.0,37.0,0.47009064329363837
276.0,37.0,0.47009064329363837
277.0,37.0,0.47009064329363837
278.0,37.0,0.47009064329363837
279.0,37.0,0.47009064329363837
280.0,37.0,0.47009064329363837
281.0,37.0,0.6309777000724073
282.0,37.0,0.6309777000724073
283.0,37.0,0.6309777000724073
284.0,37.0,0.6309777000724073
285.0,37.0,0.6309777000724073
286.0,37.0,0.6309777000724073
287.0,37.0,0.6309777000724073
71.0,38.0,1.0
72.0,38.0,1.0
73.0,38.0,1.0
74.0,38.0,1.0
75.0,38.0,1.0
76.0,38.0,1.0
77.0,38.0,1.0
78.0,38.0,1.0
79.0,38.0,1.0
80.0,38.0,1.0
81.0,38.0,1.0
82.0,38.0,1.0
83.0,38.0,1.0
84.0,38.0,1.0
85.0,38.0,1.0
86.0,38.0,1.0
87.0,38.0,1.0
88.0,38.0,1.0
89.0,38.0,1.0
90.0,38.0,1.0
91.0,38.0,1.0
92.0,38.0,1.0
93.0,38.0,1.0
94.0,38.0,1.0
95.0,38.0,1.0
96.0,38.0,1.0
97.0,38.0,1.0
98.0,38.0,1.0
99.0,38.0,1.0
100.0,38.0,1.0
101.0,38.0,1.0
102.0,38.0,1.0
103.0,38.0,1.0
104.0,38.0,1.0
105.0,38.0,1.0
106.0,38.0,1.0
107.0,38.0,1.0
108.0,38.0,1.0
109.0,38.0,1.0
110.0,38.0,1.0
111.0,38.0,1.0
112.0,38.0,1.0
113.0,38.0,1.0
114.0,38.0,1.0
115.0,38.0,1.0
116.0,38.0,1.0
117.0,38.0,1.0
118.0,38.0,1.0
119.0,38.0,1.0
120.0,38.0,1.0
121.0,38.0,0.8461237622037918
122.0,38.0,0.7186029191894951
123.0,38.0,0.808718735478555
124.0,38.0,0.8724791569857033
125.0,38.0,0.9362395784928517
126.0,38.0,1.0
127.0,38.0,0.9685958283818361
128.0,38.0,0.9685958283818361
129.0,38.0,0.9699901505949029
130.0,38.0,0.9713844728079697
131.0,38.0,0.9713844728079697
132.0,38.0,0.9713844728079697
133.0,38.0,1.0
134.0,38.0,1.0
135.0,38.0,1.0
136.0,38.0,1.0
137.0,38.0,0.9644665613050311
138.0,38.0,0.9289331226100621
139.0,38.0,0.9289331226100621
140.0,38.0,1.0
141.0,38.0,1.0
142.0,38.0,1.0
143.0,38.0,0.9609561669125855
144.0,38.0,1.0
145.0,38.0,0.9881217119704069
146.0,38.0,0.9225437269725216
147.0,38.0,0.89396878892653
148.0,38.0,0.8724870588303342
149.0,38.0,0.8381443096745492
150.0,38.0,0.8038015605187643
151.0,38.0,0.8657365166905449
152.0,38.0,0.8657365166905449
153.0,38.0,0.8657365166905449
154.0,38.0,0.8221585797822344
155.0,38.0,0.7785806428739239
156.0,38.0,0.7350027059656135
157.0,38.0,0.7350027059656135
158.0,38.0,0.6976984454517922
159.0,38.0,0.6603941849379709
160.0,38.0,0.6565136088331983
161.0,38.0,0.6526330327284258
162.0,38.0,0.6438738030526818
163.0,38.0,0.6351145733769379
164.0,38.0,0.626355343701194
165.0,38.0,0.6628888583568266
166.0,38.0,0.6994223730124592
167.0,38.0,0.7359558876680923
168.0,38.0,0.7613975921971733
169.0,38.0,0.7591097714098747
170.0,38.0,0.7568219506225761
171.0,38.0,0.7545341298352775
172.0,38.0,0.7522463090479787
173.0,38.0,0.7499584882606801
174.0,38.0,0.7476706674733815
175.0,38.0,0.7453828466860829
176.0,38.0,0.7430950258987843
177.0,38.0,0.7408072051114856
178.0,38.0,0.7385193843241871
179.0,38.0,0.7310895829674363
180.0,38.0,0.7133758204717816
181.0,38.0,0.6956620579761269
182.0,38.0,0.6779482954804723
183.0,38.0,0.6602345329848175
184.0,38.0,0.6425207704891628
185.0,38.0,0.6248070079935082
186.0,38.0,0.6070932454978535
187.0,38.0,0.5893794830021987
188.0,38.0,0.571665720506544
189.0,38.0,0.5539519580108894
190.0,38.0,0.5362381955152347
191.0,38.0,0.51852443301958
192.0,38.0,0.5008106705239252
193.0,38.0,0.48309690802827054
194.0,38.0,0.46538314553261584
195.0,38.0,0.44766938303696113
196.0,38.0,0.43357706253521455
197.0,38.0,0.42129546303042203
198.0,38.0,0.4090138635256295
199.0,38.0,0.47045285874523746
200.0,38.0,0.5318918539648455
201.0,38.0,0.5506893297721533
202.0,38.0,0.5694868055794611
203.0,38.0,0.6112574873018394
204.0,38.0,0.6530281690242177
205.0,38.0,0.694798850746596
206.0,38.0,0.6296300246108718
207.0,38.0,0.5644611984751475
208.0,38.0,0.6985044569358063
209.0,38.0,0.8325477153964651
210.0,38.0,0.8288265564836959
211.0,38.0,0.8251053975709264
212.0,38.0,0.8308656078501642
213.0,38.0,0.836625818129402
214.0,38.0,0.6651560741249356
215.0,38.0,0.5793814268407712
216.0,38.0,0.4936067795566068
217.0,38.0,0.580273957098125
218.0,38.0,0.6669411346396432
219.0,38.0,0.732681190513146
220.0,38.0,0.738681706476155
221.0,38.0,0.744682222439164
222.0,38.0,0.6966892902520396
223.0,38.0,0.6486963580649152
224.0,38.0,0.7017225764568864
225.0,38.0,0.7547487948488577
226.0,38.0,0.7405116110827634
227.0,38.0,0.7262744273166691
228.0,38.0,0.8589987832197855
229.0,38.0,0.8797886928524671
230.0,38.0,0.8677765516377879
231.0,38.0,0.822962359575748
232.0,38.0,0.7451788282288309
233.0,38.0,0.6673952968819137
234.0,38.0,0.6810481432807132
235.0,38.0,0.6947009896795127
236.0,38.0,0.677272028780123
237.0,38.0,0.6598430678807334
238.0,38.0,0.7424315646440547
239.0,38.0,0.8010772005448871
240.0,38.0,0.8597228364457192
241.0,38.0,0.8095793323736891
242.0,38.0,0.7594358283016588
243.0,38.0,0.5724465271936877
244.0,38.0,0.6457467206122491
245.0,38.0,0.7129803714996203
246.0,38.0,0.7802140223869916
247.0,38.0,0.7453737787298963
248.0,38.0,0.710533535072801
249.0,38.0,0.7126425013144153
250.0,38.0,0.7153744330392489
251.0,38.0,0.7139164489798788
252.0,38.0,0.7139164489798788
253.0,38.0,0.7130385908012533
254.0,38.0,0.7130385908012533
255.0,38.0,0.7130385908012533
256.0,38.0,0.7226643533360991
257.0,38.0,0.7226643533360991
258.0,38.0,0.7226643533360991
259.0,38.0,0.7226643533360991
260.0,38.0,0.7485971734972304
261.0,38.0,0.7485971734972304
262.0,38.0,0.7485971734972304
263.0,38.0,0.7485971734972304
264.0,38.0,0.7485971734972304
265.0,38.0,0.7485971734972304
266.0,38.0,0.7485971734972304
267.0,38.0,0.7485971734972304
268.0,38.0,0.7485971734972304
269.0,38.0,0.47009064329363837
270.0,38.0,0.47009064329363837
271.0,38.0,0.47009064329363837
272.0,38.0,0.47009064329363837
273.0,38.0,0.47009064329363837
274.0,38.0,0.47009064329363837
275.0,38.0,0.47009064329363837
276.0,38.0,0.47009064329363837
277.0,38.0,0.47009064329363837
278.0,38.0,0.47009064329363837
279.0,38.0,0.47009064329363837
280.0,38.0,0.47009064329363837
281.0,38.0,0.47009064329363837
282.0,38.0,0.6309777000724073
283.0,38.0,0.6309777000724073
284.0,38.0,0.6309777000724073
285.0,38.0,0.6309777000724073
286.0,38.0,0.6309777000724073
287.0,38.0,0.6309777000724073
71.0,39.0,1.0
72.0,39.0,1.0
73.0,39.0,1.0
74.0,39.0,1.0
75.0,39.0,1.0
76.0,39.0,1.0
77.0,39.0,1.0
78.0,39.0,1.0
79.0,39.0,1.0
80.0,39.0,1.0
81.0,39.0,1.0
82.0,39.0,1.0
83.0,39.0,1.0
84.0,39.0,1.0
85.0,39.0,1.0
86.0,39.0,1.0
87.0,39.0,1.0
88.0,39.0,1.0
89.0,39.0,1.0
90.0,39.0,1.0
91.0,39.0,1.0
92.0,39.0,1.0
93.0,39.0,1.0
94.0,39.0,1.0
95.0,39.0,1.0
96.0,39.0,1.0
97.0,39.0,1.0
98.0,39.0,1.0
99.0,39.0,1.0
100.0,39.0,1.0
101.0,39.0,1.0
102.0,39.0,1.0
103.0,39.0,1.0
104.0,39.0,1.0
105.0,39.0,1.0
106.0,39.0,1.0
107.0,39.0,1.0
108.0,39.0,1.0
109.0,39.0,1.0
110.0,39.0,1.0
111.0,39.0,1.0
112.0,39.0,1.0
113.0,39.0,1.0
114.0,39.0,1.0
115.0,39.0,1.0
116.0,39.0,1.0
117.0,39.0,1.0
118.0,39.0,1.0
119.0,39.0,1.0
120.0,39.0,0.8461237622037918
121.0,39.0,0.6922475244075835
122.0,39.0,0.7823633406966435
123.0,39.0,0.8724791569857033
124.0,39.0,0.9362395784928517
125.0,39.0,1.0
126.0,39.0,0.9685958283818361
127.0,39.0,0.9371916567636722
128.0,39.0,0.938585978976739
129.0,39.0,0.9399803011898058
130.0,39.0,0.9413746234028725
131.0,39.0,0.9427689456159393
132.0,39.0,0.9713844728079697
133.0,39.0,1.0
134.0,39.0,1.0
135.0,39.0,1.0
136.0,39.0,1.0
137.0,39.0,1.0
138.0,39.0,1.0
139.0,39.0,1.0
140.0,39.0,1.0
141.0,39.0,1.0
142.0,39.0,1.0
143.0,39.0,1.0
144.0,39.0,0.9881217119704069
145.0,39.0,0.9762434239408136
146.0,39.0,0.9476684858948219
147.0,39.0,0.9190935478488302
148.0,39.0,0.8976118177526344
149.0,39.0,0.8761300876564387
150.0,39.0,0.9380650438282194
151.0,39.0,1.0
152.0,39.0,1.0
153.0,39.0,1.0
154.0,39.0,1.0
155.0,39.0,1.0
156.0,39.0,1.0
157.0,39.0,1.0
158.0,39.0,0.9626957394861787
159.0,39.0,0.9253914789723574
160.0,39.0,0.8880872184585361
161.0,39.0,0.8507829579447148
162.0,39.0,0.8469023818399423
163.0,39.0,0.8430218057351697
164.0,39.0,0.8391412296303972
165.0,39.0,0.8352606535256246
166.0,39.0,0.8265014238498807
167.0,39.0,0.8177421941741367
168.0,39.0,0.8089829644983928
169.0,39.0,0.8002237348226489
170.0,39.0,0.7914645051469049
171.0,39.0,0.782705275471161
172.0,39.0,0.7649915129755062
173.0,39.0,0.7472777504798516
174.0,39.0,0.7295639879841969
175.0,39.0,0.7118502254885422
176.0,39.0,0.6941364629928874
177.0,39.0,0.6764227004972327
178.0,39.0,0.658708938001578
179.0,39.0,0.6409951755059233
180.0,39.0,0.6232814130102686
181.0,39.0,0.6055676505146139
182.0,39.0,0.5878538880189592
183.0,39.0,0.5701401255233046
184.0,39.0,0.5524263630276498
185.0,39.0,0.5347126005319951
186.0,39.0,0.5169988380363405
187.0,39.0,0.4992850755406858
188.0,39.0,0.48157131304503104
189.0,39.0,0.4638575505493764
190.0,39.0,0.4461437880537216
191.0,39.0,0.428430025558067
192.0,39.0,0.489869020777675
193.0,39.0,0.551308015997283
194.0,39.0,0.6127470112168909
195.0,39.0,0.674186006436499
196.0,39.0,0.6929834822438068
197.0,39.0,0.7117809580511145
198.0,39.0,0.7305784338584225
199.0,39.0,0.7493759096657302
200.0,39.0,0.7911465913881085
201.0,39.0,0.8329172731104868
202.0,39.0,0.8746879548328651
203.0,39.0,0.9164586365552434
204.0,39.0,0.9582293182776217
205.0,39.0,1.0
206.0,39.0,0.9348311738642758
207.0,39.0,0.8696623477285516
208.0,39.0,0.8044935215928273
209.0,39.0,0.7393246954571031
210.0,39.0,0.7450849057363408
211.0,39.0,0.7508451160155786
212.0,39.0,0.7566053262948162
213.0,39.0,0.762365536574054
214.0,39.0,0.5908957925695878
215.0,39.0,0.4194260485651215
216.0,39.0,0.5060932261066398
217.0,39.0,0.592760403648158
218.0,39.0,0.6794275811896762
219.0,39.0,0.7660947587311944
220.0,39.0,0.7720952746942035
221.0,39.0,0.7780957906572125
222.0,39.0,0.7840963066202216
223.0,39.0,0.7900968225832306
224.0,39.0,0.7758596388171363
225.0,39.0,0.761622455051042
226.0,39.0,0.7473852712849477
227.0,39.0,0.7331480875188534
228.0,39.0,0.8658724434219698
229.0,39.0,0.9985967993250862
230.0,39.0,0.920813267978169
231.0,39.0,0.8430297366312518
232.0,39.0,0.7652462052843346
233.0,39.0,0.6874626739374174
234.0,39.0,0.7011155203362169
235.0,39.0,0.7147683667350164
236.0,39.0,0.7284212131338159
237.0,39.0,0.7420740595326154
238.0,39.0,0.8246625562959367
239.0,39.0,0.907251053059258
240.0,39.0,0.8571075489872277
241.0,39.0,0.8069640449151976
242.0,39.0,0.7568205408431672
243.0,39.0,0.706677036771137
244.0,39.0,0.7799772301896984
245.0,39.0,0.8532774236082599
246.0,39.0,0.8184371799511646
247.0,39.0,0.7835969362940693
248.0,39.0,0.7487566926369741
249.0,39.0,0.7139164489798788
250.0,39.0,0.7139164489798788
251.0,39.0,0.7139164489798788
252.0,39.0,0.7139164489798788
253.0,39.0,0.7139164489798788
254.0,39.0,0.7139164489798788
255.0,39.0,0.7130385908012533
256.0,39.0,0.7226643533360991
257.0,39.0,0.7226643533360991
258.0,39.0,0.7226643533360991
259.0,39.0,0.7226643533360991
260.0,39.0,0.7226643533360991
261.0,39.0,0.7485971734972304
262.0,39.0,0.7485971734972304
263.0,39.0,0.7485971734972304
264.0,39.0,0.7485971734972304
265.0,39.0,0.7485971734972304
266.0,39.0,0.7485971734972304
267.0,39.0,0.7485971734972304
268.0,39.0,0.7485971734972304
269.0,39.0,0.47009064329363837
270.0,39.0,0.47009064329363837
271.0,39.0,0.47009064329363837
272.0,39.0,0.47009064329363837
273.0,39.0,0.47009064329363837
274.0,39.0,0.47009064329363837
275.0,39.0,0.47009064329363837
276.0,39.0,0.47009064329363837
277.0,39.0,0.47009064329363837
278.0,39.0,0.47009064329363837
279.0,39.0,0.47009064329363837
280.0,39.0,0.47009064329363837
281.0,39.0,0.47009064329363837
282.0,39.0,0.47009064329363837
283.0,39.0,0.6309777000724073
284.0,39.0,0.6309777000724073
285.0,39.0,0.6309777000724073
286.0,39.0,0.6309777000724073
287.0,39.0,0.6309777000724073
71.0,40.0,1.0
72.0,40.0,1.0
73.0,40.0,1.0
74.0,40.0,1.0
75.0,40.0,1.0
76.0,40.0,1.0
77.0,40.0,1.0
78.0,40.0,1.0
79.0,40.0,1.0
80.0,40.0,1.0
81.0,40.0,1.0
82.0,40.0,1.0
83.0,40.0,1.0
84.0,40.0,1.0
85.0,40.0,1.0
86.0,40.0,1.0
87.0,40.0,1.0
88.0,40.0,1.0
89.0,40.0,1.0
90.0,40.0,1.0
91.0,40.0,1.0
92.0,40.0,1.0
93.0,40.0,1.0
94.0,40.0,1.0
95.0,40.0,1.0
96.0,40.0,1.0
97.0,40.0,1.0
98.0,40.0,1.0
99.0,40.0,1.0
100.0,40.0,1.0
101.0,40.0,1.0
102.0,40.0,1.0
103.0,40.0,1.0
104.0,40.0,1.0
105.0,40.0,1.0
106.0,40.0,1.0
107.0,40.0,1.0
108.0,40.0,1.0
109.0,40.0,1.0
110.0,40.0,1.0
111.0,40.0,1.0
112.0,40.0,1.0
113.0,40.0,1.0
114.0,40.0,1.0
115.0,40.0,1.0
116.0,40.0,1.0
117.0,40.0,1.0
118.0,40.0,1.0
119.0,40.0,1.0
120.0,40.0,0.8461237622037918
121.0,40.0,0.7691856433056876
122.0,40.0,0.8461237622037918
123.0,40.0,0.9362395784928517
124.0,40.0,1.0
125.0,40.0,0.8810318075441879
126.0,40.0,0.849627635926024
127.0,40.0,0.9528937425727542
128.0,40.0,0.9685958283818361
129.0,40.0,0.9699901505949029
130.0,40.0,0.9713844728079697
131.0,40.0,0.9713844728079697
132.0,40.0,1.0
133.0,40.0,1.0
134.0,40.0,1.0
135.0,40.0,1.0
136.0,40.0,1.0
137.0,40.0,1.0
138.0,40.0,1.0
139.0,40.0,0.8658051029139447
140.0,40.0,1.0
141.0,40.0,1.0
142.0,40.0,1.0
143.0,40.0,1.0
144.0,40.0,0.9881217119704069
145.0,40.0,0.9804574783937645
146.0,40.0,0.9727932448171221
147.0,40.0,0.9442183067711305
148.0,40.0,0.9227365766749347
149.0,40.0,0.9380650438282194
150.0,40.0,1.0
151.0,40.0,0.9714698995902562
152.0,40.0,0.9429397991805124
153.0,40.0,0.9429397991805124
154.0,40.0,0.9429397991805124
155.0,40.0,1.0
156.0,40.0,1.0
157.0,40.0,0.9387412887838857
158.0,40.0,1.0
159.0,40.0,0.9626957394861787
160.0,40.0,0.9253914789723574
161.0,40.0,0.7596617128994199
162.0,40.0,0.8425265959358886
163.0,40.0,0.9253914789723574
164.0,40.0,0.9215109028675849
165.0,40.0,0.9176303267628123
166.0,40.0,0.8765356083254877
167.0,40.0,0.8354408898881631
168.0,40.0,0.8266816602124192
169.0,40.0,0.8179224305366752
170.0,40.0,0.8091632008609313
171.0,40.0,0.8913526377355805
172.0,40.0,0.8913526377355805
173.0,40.0,0.8913526377355805
174.0,40.0,0.8913526377355805
175.0,40.0,0.8913526377355805
176.0,40.0,0.8913526377355805
177.0,40.0,0.8736388752399258
178.0,40.0,0.8559251127442711
179.0,40.0,0.8382113502486164
180.0,40.0,0.8204975877529618
181.0,40.0,0.802783825257307
182.0,40.0,0.7850700627616523
183.0,40.0,0.7673563002659977
184.0,40.0,0.749642537770343
185.0,40.0,0.7319287752746881
186.0,40.0,0.7142150127790334
187.0,40.0,0.7142150127790334
188.0,40.0,0.7142150127790334
189.0,40.0,0.6803164841795014
190.0,40.0,0.6464179555799693
191.0,40.0,0.7142150127790334
192.0,40.0,0.7756540079986415
193.0,40.0,0.8370930032182495
194.0,40.0,0.8370930032182495
195.0,40.0,0.8370930032182495
196.0,40.0,0.8558904790255573
197.0,40.0,0.8746879548328651
198.0,40.0,0.8275449102827259
199.0,40.0,0.7804018657325869
200.0,40.0,0.8221725474549652
201.0,40.0,0.8639432291773435
202.0,40.0,0.9057139108997218
203.0,40.0,0.9371426072664812
204.0,40.0,0.9685713036332406
205.0,40.0,1.0
206.0,40.0,0.9348311738642758
207.0,40.0,0.8696623477285516
208.0,40.0,0.849942045330251
209.0,40.0,0.8302217429319503
210.0,40.0,0.8359819532111881
211.0,40.0,0.8417421634904259
212.0,40.0,0.7710743902710497
213.0,40.0,0.7911339995553757
214.0,40.0,0.8111936088397015
215.0,40.0,0.6397238648352352
216.0,40.0,0.6263233793593092
217.0,40.0,0.6129228938833831
218.0,40.0,0.6995900714249013
219.0,40.0,0.7862572489664195
220.0,40.0,0.7922577649294285
221.0,40.0,0.7982582808924377
222.0,40.0,0.7395239696362766
223.0,40.0,0.6807896583801156
224.0,40.0,0.8737375188142567
225.0,40.0,0.8595003350481624
226.0,40.0,0.8452631512820681
227.0,40.0,0.814104626233313
228.0,40.0,0.782946101184558
229.0,40.0,0.9156704570876744
230.0,40.0,0.9126984608952061
231.0,40.0,0.9097264647027379
232.0,40.0,0.8319429333558207
233.0,40.0,0.7541594020089035
234.0,40.0,0.6031831516374471
235.0,40.0,0.6168359980362466
236.0,40.0,0.630488844435046
237.0,40.0,0.6914242874368862
238.0,40.0,0.7523597304387264
239.0,40.0,0.8349482272020478
240.0,40.0,0.8347137108387492
241.0,40.0,0.7845702067667191
242.0,40.0,0.7344267026946888
243.0,40.0,0.725820118375051
244.0,40.0,0.7172135340554132
245.0,40.0,0.7905137274739746
246.0,40.0,0.7556734838168794
247.0,40.0,0.7208332401597841
248.0,40.0,0.7139164489798788
249.0,40.0,0.7139164489798788
250.0,40.0,0.7139164489798788
251.0,40.0,0.7139164489798788
252.0,40.0,0.7139164489798788
253.0,40.0,0.7139164489798788
254.0,40.0,0.7139164489798788
255.0,40.0,0.7139164489798788
256.0,40.0,0.7139164489798788
257.0,40.0,0.7226643533360991
258.0,40.0,0.7226643533360991
259.0,40.0,0.7226643533360991
260.0,40.0,0.7226643533360991
261.0,40.0,0.7485971734972304
262.0,40.0,0.7485971734972304
263.0,40.0,0.7485971734972304
264.0,40.0,0.7485971734972304
265.0,40.0,0.7485971734972304
266.0,40.0,0.7485971734972304
267.0,40.0,0.7485971734972304
268.0,40.0,0.7485971734972304
269.0,40.0,0.7485971734972304
270.0,40.0,0.47009064329363837
271.0,40.0,0.47009064329363837
272.0,40.0,0.47009064329363837
273.0,40.0,0.47009064329363837
274.0,40.0,0.47009064329363837
275.0,40.0,0.47009064329363837
276.0,40.0,0.47009064329363837
277.0,40.0,0.47009064329363837
278.0,40.0,0.47009064329363837
279.0,40.0,0.47009064329363837
280.0,40.0,0.47009064329363837
281.0,40.0,0.47009064329363837
282.0,40.0,0.47009064329363837
283.0,40.0,0.47009064329363837
284.0,40.0,0.6309777000724073
285.0,40.0,0.6309777000724073
286.0,40.0,0.6309777000724073
287.0,40.0,0.6309777000724073
71.0,41.0,1.0
72.0,41.0,1.0
73.0,41.0,1.0
74.0,41.0,1.0
75.0,41.0,1.0
76.0,41.0,1.0
77.0,41.0,1.0
78.0,41.0,1.0
79.0,41.0,1.0
80.0,41.0,1.0
81.0,41.0,1.0
82.0,41.0,1.0
83.0,41.0,1.0
84.0,41.0,1.0
85.0,41.0,1.0
86.0,41.0,1.0
87.0,41.0,1.0
88.0,41.0,1.0
89.0,41.0,1.0
90.0,41.0,1.0
91.0,41.0,1.0
92.0,41.0,1.0
93.0,41.0,1.0
94.0,41.0,1.0
95.0,41.0,1.0
96.0,41.0,1.0
97.0,41.0,1.0
98.0,41.0,1.0
99.0,41.0,1.0
100.0,41.0,1.0
101.0,41.0,1.0
102.0,41.0,1.0
103.0,41.0,1.0
104.0,41.0,1.0
105.0,41.0,1.0
106.0,41.0,1.0
107.0,41.0,1.0
108.0,41.0,1.0
109.0,41.0,1.0
110.0,41.0,1.0
111.0,41.0,1.0
112.0,41.0,1.0
113.0,41.0,1.0
114.0,41.0,1.0
115.0,41.0,1.0
116.0,41.0,1.0
117.0,41.0,1.0
118.0,41.0,1.0
119.0,41.0,1.0
120.0,41.0,0.9230618811018959
121.0,41.0,0.8461237622037918
122.0,41.0,0.9230618811018959
123.0,41.0,1.0
124.0,41.0,0.8810318075441879
125.0,41.0,0.7620636150883758
126.0,41.0,0.8653297217351059
127.0,41.0,0.9685958283818361
128.0,41.0,0.984297914190918
129.0,41.0,1.0
130.0,41.0,1.0
131.0,41.0,1.0
132.0,41.0,1.0
133.0,41.0,1.0
134.0,41.0,1.0
135.0,41.0,1.0
136.0,41.0,1.0
137.0,41.0,1.0
138.0,41.0,0.8658051029139447
139.0,41.0,0.7316102058278895
140.0,41.0,0.8658051029139447
141.0,41.0,1.0
142.0,41.0,1.0
143.0,41.0,1.0
144.0,41.0,0.9923357664233576
145.0,41.0,0.9846715328467153
146.0,41.0,0.977007299270073
147.0,41.0,0.9693430656934306
148.0,41.0,0.9846715328467153
149.0,41.0,1.0
150.0,41.0,0.9714698995902562
151.0,41.0,0.9429397991805124
152.0,41.0,0.9144096987707686
153.0,41.0,0.8858795983610248
154.0,41.0,0.9429397991805124
155.0,41.0,1.0
156.0,41.0,0.9387412887838857
157.0,41.0,0.8774825775677714
158.0,41.0,0.9387412887838857
159.0,41.0,1.0
160.0,41.0,0.8342702339270625
161.0,41.0,0.668540467854125
162.0,41.0,0.7514053508905938
163.0,41.0,0.8342702339270625
164.0,41.0,0.9171351169635312
165.0,41.0,1.0
166.0,41.0,0.9589052815626754
167.0,41.0,0.9178105631253508
168.0,41.0,0.8767158446880262
169.0,41.0,0.8356211262507016
170.0,41.0,0.9178105631253508
171.0,41.0,1.0
172.0,41.0,1.0
173.0,41.0,1.0
174.0,41.0,1.0
175.0,41.0,1.0
176.0,41.0,1.0
177.0,41.0,1.0
178.0,41.0,1.0
179.0,41.0,1.0
180.0,41.0,1.0
181.0,41.0,1.0
182.0,41.0,1.0
183.0,41.0,1.0
184.0,41.0,1.0
185.0,41.0,1.0
186.0,41.0,0.9661014714004681
187.0,41.0,0.932202942800936
188.0,41.0,0.898304414201404
189.0,41.0,0.8644058856018717
190.0,41.0,0.9322029428009359
191.0,41.0,1.0
192.0,41.0,1.0
193.0,41.0,1.0
194.0,41.0,1.0
195.0,41.0,1.0
196.0,41.0,0.9528569554498609
197.0,41.0,0.9057139108997218
198.0,41.0,0.8585708663495826
199.0,41.0,0.8114278217994435
200.0,41.0,0.8428565181662029
201.0,41.0,0.8742852145329625
202.0,41.0,0.9057139108997218
203.0,41.0,0.9371426072664812
204.0,41.0,0.9685713036332406
205.0,41.0,1.0
206.0,41.0,0.9802796976016994
207.0,41.0,0.9605593952033988
208.0,41.0,0.9408390928050981
209.0,41.0,0.9211187904067976
210.0,41.0,0.8504510171874216
211.0,41.0,0.7797832439680455
212.0,41.0,0.7998428532523714
213.0,41.0,0.8199024625366973
214.0,41.0,0.8399620718210231
215.0,41.0,0.8600216811053489
216.0,41.0,0.846621195629423
217.0,41.0,0.8332207101534967
218.0,41.0,0.8198202246775708
219.0,41.0,0.8064197392016447
220.0,41.0,0.7476854279454836
221.0,41.0,0.6889511166893227
222.0,41.0,0.6302168054331617
223.0,41.0,0.5714824941770007
224.0,41.0,0.7644303546111417
225.0,41.0,0.9573782150452828
226.0,41.0,0.9262196899965277
227.0,41.0,0.8950611649477727
228.0,41.0,0.8639026398990177
229.0,41.0,0.8327441148502627
230.0,41.0,0.8297721186577944
231.0,41.0,0.8268001224653262
232.0,41.0,0.823828126272858
233.0,41.0,0.8208561300803897
234.0,41.0,0.6698798797089331
235.0,41.0,0.5189036293374766
236.0,41.0,0.5798390723393168
237.0,41.0,0.640774515341157
238.0,41.0,0.7017099583429973
239.0,41.0,0.7626454013448375
240.0,41.0,0.762410884981539
241.0,41.0,0.7621763686182406
242.0,41.0,0.7535697842986028
243.0,41.0,0.744963199978965
244.0,41.0,0.7363566156593272
245.0,41.0,0.7277500313396894
246.0,41.0,0.7277500313396894
247.0,41.0,0.7277500313396894
248.0,41.0,0.7139164489798788
249.0,41.0,0.7139164489798788
250.0,41.0,0.7139164489798788
251.0,41.0,0.7139164489798788
252.0,41.0,0.7139164489798788
253.0,41.0,0.7139164489798788
254.0,41.0,0.7139164489798788
255.0,41.0,0.7139164489798788
256.0,41.0,0.7139164489798788
257.0,41.0,0.7139164489798788
258.0,41.0,0.7226643533360991
259.0,41.0,0.7226643533360991
260.0,41.0,0.7226643533360991
261.0,41.0,0.7226643533360991
262.0,41.0,0.7485971734972304
263.0,41.0,0.7485971734972304
264.0,41.0,0.7485971734972304
265.0,41.0,0.7485971734972304
266.0,41.0,0.7485971734972304
267.0,41.0,0.7485971734972304
268.0,41.0,0.7485971734972304
269.0,41.0,0.7485971734972304
270.0,41.0,0.7485971734972304
271.0,41.0,0.47009064329363837
272.0,41.0,0.47009064329363837
273.0,41.0,0.47009064329363837
274.0,41.0,0.47009064329363837
275.0,41.0,0.47009064329363837
276.0,41.0,0.47009064329363837
277.0,41.0,0.47009064329363837
278.0,41.0,0.47009064329363837
279.0,41.0,0.47009064329363837
280.0,41.0,0.47009064329363837
281.0,41.0,0.47009064329363837
282.0,41.0,0.47009064329363837
283.0,41.0,0.47009064329363837
284.0,41.0,0.47009064329363837
285.0,41.0,0.6309777000724073
286.0,41.0,0.6309777000724073
287.0,41.0,0.6309777000724073
71.0,42.0,1.0
72.0,42.0,1.0
73.0,42.0,1.0
74.0,42.0,1.0
75.0,42.0,1.0
76.0,42.0,1.0
77.0,42.0,1.0
78.0,42.0,1.0
79.0,42.0,1.0
80.0,42.0,1.0
81.0,42.0,1.0
82.0,42.0,1.0
83.0,42.0,1.0
84.0,42.0,1.0
85.0,42.0,1.0
86.0,42.0,1.0
87.0,42.0,1.0
88.0,42.0,1.0
89.0,42.0,1.0
90.0,42.0,1.0
91.0,42.0,1.0
92.0,42.0,1.0
93.0,42.0,1.0
94.0,42.0,1.0
95.0,42.0,1.0
96.0,42.0,1.0
97.0,42.0,1.0
98.0,42.0,1.0
99.0,42.0,1.0
100.0,42.0,1.0
101.0,42.0,1.0
102.0,42.0,1.0
103.0,42.0,1.0
104.0,42.0,1.0
105.0,42.0,1.0
106.0,42.0,1.0
107.0,42.0,1.0
108.0,42.0,1.0
109.0,42.0,1.0
110.0,42.0,1.0
111.0,42.0,1.0
112.0,42.0,1.0
113.0,42.0,1.0
114.0,42.0,1.0
115.0,42.0,1.0
116.0,42.0,1.0
117.0,42.0,1.0
118.0,42.0,1.0
119.0,42.0,1.0
120.0,42.0,1.0
121.0,42.0,0.9230618811018959
122.0,42.0,1.0
123.0,42.0,1.0
124.0,42.0,0.8810318075441879
125.0,42.0,0.8810318075441879
126.0,42.0,0.8810318075441879
127.0,42.0,0.984297914190918
128.0,42.0,1.0
129.0,42.0,0.9042137623373321
130.0,42.0,0.9042137623373321
131.0,42.0,1.0
132.0,42.0,1.0
133.0,42.0,1.0
134.0,42.0,1.0
135.0,42.0,0.799811688526215
136.0,42.0,0.799811688526215
137.0,42.0,0.7657109471770522
138.0,42.0,0.7316102058278895
139.0,42.0,0.5974153087418341
140.0,42.0,0.7316102058278895
141.0,42.0,1.0
142.0,42.0,1.0
143.0,42.0,1.0
144.0,42.0,1.0
145.0,42.0,1.0
146.0,42.0,0.9923357664233576
147.0,42.0,0.9846715328467153
148.0,42.0,1.0
149.0,42.0,1.0
150.0,42.0,1.0
151.0,42.0,0.9714698995902562
152.0,42.0,0.9429397991805124
153.0,42.0,0.9429397991805124
154.0,42.0,1.0
155.0,42.0,0.9387412887838857
156.0,42.0,0.8774825775677714
157.0,42.0,0.816223866351657
158.0,42.0,0.8774825775677714
159.0,42.0,0.9238740844631448
160.0,42.0,0.7581443183902072
161.0,42.0,0.796207276158635
162.0,42.0,0.8342702339270625
163.0,42.0,0.9171351169635312
164.0,42.0,1.0
165.0,42.0,0.980346674052532
166.0,42.0,0.990173337026266
167.0,42.0,1.0
168.0,42.0,0.9589052815626754
169.0,42.0,0.9178105631253508
170.0,42.0,1.0
171.0,42.0,0.9844530711676786
172.0,42.0,0.9844530711676787
173.0,42.0,1.0
174.0,42.0,1.0
175.0,42.0,1.0
176.0,42.0,1.0
177.0,42.0,1.0
178.0,42.0,0.9874110422996294
179.0,42.0,0.9748220845992588
180.0,42.0,0.9748220845992588
181.0,42.0,0.9937055211498147
182.0,42.0,0.9999999999999999
183.0,42.0,1.0
184.0,42.0,1.0
185.0,42.0,1.0
186.0,42.0,0.9661014714004679
187.0,42.0,0.9322029428009359
188.0,42.0,0.9322029428009359
189.0,42.0,0.9322029428009359
190.0,42.0,1.0
191.0,42.0,0.9952848540131787
192.0,42.0,0.9858545620395359
193.0,42.0,1.0
194.0,42.0,1.0
195.0,42.0,1.0
196.0,42.0,0.9528569554498609
197.0,42.0,0.9057139108997218
198.0,42.0,0.9043157402177406
199.0,42.0,0.9029175695357596
200.0,42.0,0.9343462659025191
201.0,42.0,0.9657749622692784
202.0,42.0,0.9972036586360379
203.0,42.0,0.9598091097635962
204.0,42.0,0.9224145608911545
205.0,42.0,0.8850200120187128
206.0,42.0,0.8918102438498657
207.0,42.0,0.8986004756810185
208.0,42.0,0.878880173282718
209.0,42.0,0.8591598708844173
210.0,42.0,0.7884920976650412
211.0,42.0,0.8085517069493671
212.0,42.0,0.828611316233693
213.0,42.0,0.8556626501566179
214.0,42.0,0.882713984079543
215.0,42.0,0.909765318002468
216.0,42.0,0.8963648325265419
217.0,42.0,0.8829643470506159
218.0,42.0,0.8210404862085257
219.0,42.0,0.7591166253664356
220.0,42.0,0.9032098696008224
221.0,42.0,0.8444755583446614
222.0,42.0,0.7857412470885003
223.0,42.0,0.7367040237123468
224.0,42.0,0.6876668003361933
225.0,42.0,0.8806146607703343
226.0,42.0,0.9128327279830115
227.0,42.0,0.9450507951956888
228.0,42.0,0.9138922701469336
229.0,42.0,0.8827337450981787
230.0,42.0,0.6467648088042686
231.0,42.0,0.6437928126118003
232.0,42.0,0.6408208164193321
233.0,42.0,0.7428352173395495
234.0,42.0,0.844849618259767
235.0,42.0,0.6938733678883104
236.0,42.0,0.6757080314823659
237.0,42.0,0.7366434744842061
238.0,42.0,0.7975789174860464
239.0,42.0,0.7890359060529819
240.0,42.0,0.7804928946199174
241.0,42.0,0.780258378256619
242.0,42.0,0.7716517939369812
243.0,42.0,0.7630452096173435
244.0,42.0,0.7277500313396894
245.0,42.0,0.7277500313396894
246.0,42.0,0.7277500313396894
247.0,42.0,0.7277500313396894
248.0,42.0,0.7139164489798788
249.0,42.0,0.7139164489798788
250.0,42.0,0.7139164489798788
251.0,42.0,0.7139164489798788
252.0,42.0,0.7139164489798788
253.0,42.0,0.7139164489798788
254.0,42.0,0.7139164489798788
255.0,42.0,0.7139164489798788
256.0,42.0,0.7139164489798788
257.0,42.0,0.7139164489798788
258.0,42.0,0.7139164489798788
259.0,42.0,0.7226643533360991
260.0,42.0,0.7226643533360991
261.0,42.0,0.7226643533360991
262.0,42.0,0.7485971734972304
263.0,42.0,0.7485971734972304
264.0,42.0,0.7485971734972304
265.0,42.0,0.7485971734972304
266.0,42.0,0.7485971734972304
267.0,42.0,0.7485971734972304
268.0,42.0,0.7485971734972304
269.0,42.0,0.7485971734972304
270.0,42.0,0.7485971734972304
271.0,42.0,0.47009064329363837
272.0,42.0,0.47009064329363837
273.0,42.0,0.47009064329363837
274.0,42.0,0.47009064329363837
275.0,42.0,0.47009064329363837
276.0,42.0,0.47009064329363837
277.0,42.0,0.47009064329363837
278.0,42.0,0.47009064329363837
279.0,42.0,0.47009064329363837
280.0,42.0,0.47009064329363837
281.0,42.0,0.47009064329363837
282.0,42.0,0.47009064329363837
283.0,42.0,0.47009064329363837
284.0,42.0,0.47009064329363837
285.0,42.0,0.47009064329363837
286.0,42.0,0.6309777000724073
287.0,42.0,0.6309777000724073
71.0,43.0,1.0
72.0,43.0,1.0
73.0,43.0,1.0
74.0,43.0,1.0
75.0,43.0,1.0
76.0,43.0,1.0
77.0,43.0,1.0
78.0,43.0,1.0
79.0,43.0,1.0
80.0,43.0,1.0
81.0,43.0,1.0
82.0,43.0,1.0
83.0,43.0,1.0
84.0,43.0,1.0
85.0,43.0,1.0
86.0,43.0,1.0
87.0,43.0,1.0
88.0,43.0,1.0
89.0,43.0,1.0
90.0,43.0,1.0
91.0,43.0,1.0
92.0,43.0,1.0
93.0,43.0,1.0
94.0,43.0,1.0
95.0,43.0,1.0
96.0,43.0,1.0
97.0,43.0,1.0
98.0,43.0,1.0
99.0,43.0,1.0
100.0,43.0,1.0
101.0,43.0,1.0
102.0,43.0,1.0
103.0,43.0,1.0
104.0,43.0,1.0
105.0,43.0,1.0
106.0,43.0,1.0
107.0,43.0,1.0
108.0,43.0,1.0
109.0,43.0,1.0
110.0,43.0,1.0
111.0,43.0,1.0
112.0,43.0,1.0
113.0,43.0,1.0
114.0,43.0,1.0
115.0,43.0,1.0
116.0,43.0,1.0
117.0,43.0,1.0
118.0,43.0,1.0
119.0,43.0,1.0
120.0,43.0,1.0
121.0,43.0,1.0
122.0,43.0,1.0
123.0,43.0,1.0
124.0,43.0,1.0
125.0,43.0,1.0
126.0,43.0,1.0
127.0,43.0,1.0
128.0,43.0,0.9042137623373321
129.0,43.0,0.808427524674664
130.0,43.0,0.9042137623373321
131.0,43.0,1.0
132.0,43.0,1.0
133.0,43.0,1.0
134.0,43.0,0.799811688526215
135.0,43.0,0.5996233770524299
136.0,43.0,0.5655226357032671
137.0,43.0,0.5314218943541044
138.0,43.0,0.4973211530049416
139.0,43.0,0.46322041165577893
140.0,43.0,0.7316102058278895
141.0,43.0,1.0
142.0,43.0,1.0
143.0,43.0,1.0
144.0,43.0,1.0
145.0,43.0,1.0
146.0,43.0,1.0
147.0,43.0,1.0
148.0,43.0,1.0
149.0,43.0,1.0
150.0,43.0,1.0
151.0,43.0,1.0
152.0,43.0,1.0
153.0,43.0,1.0
154.0,43.0,0.9387412887838857
155.0,43.0,0.8774825775677714
156.0,43.0,0.816223866351657
157.0,43.0,0.7549651551355427
158.0,43.0,0.8013566620309162
159.0,43.0,0.8477481689262896
160.0,43.0,0.8858111266947172
161.0,43.0,0.9238740844631448
162.0,43.0,0.9619370422315724
163.0,43.0,1.0
164.0,43.0,0.980346674052532
165.0,43.0,0.9606933481050639
166.0,43.0,0.9705200110787979
167.0,43.0,0.980346674052532
168.0,43.0,0.990173337026266
169.0,43.0,1.0
170.0,43.0,0.9844530711676786
171.0,43.0,0.9689061423353571
172.0,43.0,0.9533592135030357
173.0,43.0,0.9689061423353571
174.0,43.0,0.9844530711676786
175.0,43.0,1.0
176.0,43.0,0.9874110422996294
177.0,43.0,0.9748220845992588
178.0,43.0,0.9622331268988883
179.0,43.0,0.9496441691985177
180.0,43.0,0.9685276057490736
181.0,43.0,0.9874110422996294
182.0,43.0,1.0
183.0,43.0,1.0
184.0,43.0,1.0
185.0,43.0,1.0
186.0,43.0,1.0
187.0,43.0,1.0
188.0,43.0,1.0
189.0,43.0,1.0
190.0,43.0,1.0
191.0,43.0,0.9905697080263572
192.0,43.0,0.9811394160527145
193.0,43.0,0.9717091240790718
194.0,43.0,0.9858545620395359
195.0,43.0,1.0
196.0,43.0,0.998601829318019
197.0,43.0,0.9972036586360379
198.0,43.0,0.9958054879540568
199.0,43.0,0.9944073172720758
200.0,43.0,0.9570127683996341
201.0,43.0,0.9196182195271922
202.0,43.0,0.8822236706547506
203.0,43.0,0.844829121782309
204.0,43.0,0.8074345729098673
205.0,43.0,0.7700400240374256
206.0,43.0,0.7768302558685785
207.0,43.0,0.7836204876997312
208.0,43.0,0.7904107195308842
209.0,43.0,0.7972009513620371
210.0,43.0,0.8242522852849621
211.0,43.0,0.8513036192078869
212.0,43.0,0.878354953130812
213.0,43.0,0.905406287053737
214.0,43.0,0.9324576209766621
215.0,43.0,0.959508954899587
216.0,43.0,0.8975850940574969
217.0,43.0,0.8356612332154068
218.0,43.0,0.7737373723733166
219.0,43.0,0.7118135115312265
220.0,43.0,0.8559067557656133
221.0,43.0,1.0
222.0,43.0,0.9509627766238464
223.0,43.0,0.901925553247693
224.0,43.0,0.8528883298715395
225.0,43.0,0.8038511064953859
226.0,43.0,0.8360691737080632
227.0,43.0,0.8682872409207403
228.0,43.0,0.9005053081334176
229.0,43.0,0.9327233753460947
230.0,43.0,0.6967544390521847
231.0,43.0,0.46078550275827457
232.0,43.0,0.562799903678492
233.0,43.0,0.6648143045987094
234.0,43.0,0.7668287055189269
235.0,43.0,0.8688431064391443
236.0,43.0,0.8506777700331998
237.0,43.0,0.8325124336272552
238.0,43.0,0.8239694221941908
239.0,43.0,0.8154264107611264
240.0,43.0,0.806883399328062
241.0,43.0,0.7983403878949975
242.0,43.0,0.7983403878949975
243.0,43.0,0.7983403878949975
244.0,43.0,0.7277500313396894
245.0,43.0,0.7277500313396894
246.0,43.0,0.7277500313396894
247.0,43.0,0.7277500313396894
248.0,43.0,0.7277500313396894
249.0,43.0,0.7139164489798788
250.0,43.0,0.7139164489798788
251.0,43.0,0.7139164489798788
252.0,43.0,0.7139164489798788
253.0,43.0,0.7139164489798788
254.0,43.0,0.7139164489798788
255.0,43.0,0.7139164489798788
256.0,43.0,0.7139164489798788
257.0,43.0,0.7139164489798788
258.0,43.0,0.7139164489798788
259.0,43.0,0.7139164489798788
260.0,43.0,0.7226643533360991
261.0,43.0,0.7226643533360991
262.0,43.0,0.7226643533360991
263.0,43.0,0.7485971734972304
264.0,43.0,0.7485971734972304
265.0,43.0,0.7485971734972304
266.0,43.0,0.7485971734972304
267.0,43.0,0.7485971734972304
268.0,43.0,0.7485971734972304
269.0,43.0,0.7485971734972304
270.0,43.0,0.7485971734972304
271.0,43.0,0.7485971734972304
272.0,43.0,0.47009064329363837
273.0,43.0,0.47009064329363837
274.0,43.0,0.47009064329363837
275.0,43.0,0.47009064329363837
276.0,43.0,0.47009064329363837
277.0,43.0,0.47009064329363837
278.0,43.0,0.47009064329363837
279.0,43.0,0.47009064329363837
280.0,43.0,0.47009064329363837
281.0,43.0,0.47009064329363837
282.0,43.0,0.47009064329363837
283.0,43.0,0.47009064329363837
284.0,43.0,0.47009064329363837
285.0,43.0,0.47009064329363837
286.0,43.0,0.47009064329363837
287.0,43.0,0.6309777000724073
71.0,44.0,1.0
72.0,44.0,1.0
73.0,44.0,1.0
74.0,44.0,1.0
75.0,44.0,1.0
76.0,44.0,1.0
77.0,44.0,1.0
78.0,44.0,1.0
79.0,44.0,1.0
80.0,44.0,1.0
81.0,44.0,1.0
82.0,44.0,1.0
83.0,44.0,1.0
84.0,44.0,1.0
85.0,44.0,1.0
86.0,44.0,1.0
87.0,44.0,1.0
88.0,44.0,1.0
89.0,44.0,1.0
90.0,44.0,1.0
91.0,44.0,1.0
92.0,44.0,1.0
93.0,44.0,1.0
94.0,44.0,1.0
95.0,44.0,1.0
96.0,44.0,1.0
97.0,44.0,1.0
98.0,44.0,1.0
99.0,44.0,1.0
100.0,44.0,1.0
101.0,44.0,1.0
102.0,44.0,1.0
103.0,44.0,1.0
104.0,44.0,1.0
105.0,44.0,1.0
106.0,44.0,1.0
107.0,44.0,1.0
108.0,44.0,1.0
109.0,44.0,1.0
110.0,44.0,1.0
111.0,44.0,1.0
112.0,44.0,1.0
113.0,44.0,1.0
114.0,44.0,1.0
115.0,44.0,1.0
116.0,44.0,1.0
117.0,44.0,1.0
118.0,44.0,1.0
119.0,44.0,1.0
120.0,44.0,1.0
121.0,44.0,1.0
122.0,44.0,1.0
123.0,44.0,1.0
124.0,44.0,1.0
125.0,44.0,1.0
126.0,44.0,1.0
127.0,44.0,1.0
128.0,44.0,0.9042137623373321
129.0,44.0,0.856320643505998
130.0,44.0,0.9042137623373321
131.0,44.0,1.0
132.0,44.0,1.0
133.0,44.0,0.8411400320120457
134.0,44.0,0.6409517205382607
135.0,44.0,0.6902385701314615
136.0,44.0,0.7395254197246623
137.0,44.0,0.7054246783754996
138.0,44.0,0.6713239370263369
139.0,44.0,0.7316102058278895
140.0,44.0,1.0
141.0,44.0,1.0
142.0,44.0,1.0
143.0,44.0,1.0
144.0,44.0,1.0
145.0,44.0,1.0
146.0,44.0,1.0
147.0,44.0,1.0
148.0,44.0,0.9999999999999999
149.0,44.0,1.0
150.0,44.0,1.0
151.0,44.0,1.0
152.0,44.0,1.0
153.0,44.0,0.9846949288984004
154.0,44.0,0.9846949288984003
155.0,44.0,1.0
156.0,44.0,0.9387412887838857
157.0,44.0,0.8774825775677714
158.0,44.0,0.9238740844631448
159.0,44.0,0.9238740844631448
160.0,44.0,0.9238740844631448
161.0,44.0,0.9619370422315724
162.0,44.0,1.0
163.0,44.0,1.0
164.0,44.0,0.980346674052532
165.0,44.0,0.949876969498392
166.0,44.0,0.9194072649442521
167.0,44.0,0.9292339279179861
168.0,44.0,0.9390605908917201
169.0,44.0,1.0
170.0,44.0,0.9766796067515178
171.0,44.0,0.9533592135030357
172.0,44.0,0.9378122846707142
173.0,44.0,0.9378122846707142
174.0,44.0,0.9533592135030357
175.0,44.0,0.9844530711676786
176.0,44.0,0.9892274102519995
177.0,44.0,0.9676822307559988
178.0,44.0,0.9550932730556282
179.0,44.0,0.9425043153552577
180.0,44.0,0.9622331268988883
181.0,44.0,0.9811165634494441
182.0,44.0,1.0
183.0,44.0,1.0
184.0,44.0,1.0
185.0,44.0,1.0
186.0,44.0,1.0
187.0,44.0,1.0
188.0,44.0,1.0
189.0,44.0,1.0
190.0,44.0,0.9952848540131787
191.0,44.0,0.9858545620395359
192.0,44.0,0.9764242700658932
193.0,44.0,0.9669939780922505
194.0,44.0,0.9575636861186078
195.0,44.0,0.9717091240790718
196.0,44.0,0.9703109533970908
197.0,44.0,0.9689127827151097
198.0,44.0,0.9830582206755738
199.0,44.0,0.9972036586360379
200.0,44.0,0.9972036586360379
201.0,44.0,0.9972036586360379
202.0,44.0,0.9972036586360379
203.0,44.0,0.9598091097635961
204.0,44.0,0.9224145608911545
205.0,44.0,0.8850200120187128
206.0,44.0,0.8918102438498656
207.0,44.0,0.8986004756810185
208.0,44.0,0.896063042257242
209.0,44.0,0.8935256088334655
210.0,44.0,0.8986004756810185
211.0,44.0,0.9256518096039436
212.0,44.0,0.9527031435268685
213.0,44.0,0.9797544774497935
214.0,44.0,0.9723935250781215
215.0,44.0,0.9650325727064496
216.0,44.0,0.9031087118643595
217.0,44.0,0.8411848510222694
218.0,44.0,0.6971656293029889
219.0,44.0,0.6735062821952478
220.0,44.0,0.7702068096990459
221.0,44.0,0.9143000539334326
222.0,44.0,0.8652628305572792
223.0,44.0,0.8162256071811256
224.0,44.0,0.7888977678646756
225.0,44.0,0.7615699285482256
226.0,44.0,0.6787243538608123
227.0,44.0,0.7109424210734896
228.0,44.0,0.7431604882861668
229.0,44.0,0.8344164911679479
230.0,44.0,0.925672494049729
231.0,44.0,0.6897035577558188
232.0,44.0,0.7917179586760362
233.0,44.0,0.8937323595962536
234.0,44.0,0.8868425246158591
235.0,44.0,0.8745356390337199
236.0,44.0,0.8568117028498361
237.0,44.0,0.8386463664438917
238.0,44.0,0.8301033550108272
239.0,44.0,0.8215603435777628
240.0,44.0,0.7983403878949975
241.0,44.0,0.7983403878949975
242.0,44.0,0.7983403878949975
243.0,44.0,0.7983403878949975
244.0,44.0,0.7277500313396894
245.0,44.0,0.7277500313396894
246.0,44.0,0.7277500313396894
247.0,44.0,0.7277500313396894
248.0,44.0,0.7277500313396894
249.0,44.0,0.7139164489798788
250.0,44.0,0.7139164489798788
251.0,44.0,0.7139164489798788
252.0,44.0,0.7139164489798788
253.0,44.0,0.7139164489798788
254.0,44.0,0.7139164489798788
255.0,44.0,0.7139164489798788
256.0,44.0,0.7139164489798788
257.0,44.0,0.7139164489798788
258.0,44.0,0.7139164489798788
259.0,44.0,0.7139164489798788
260.0,44.0,0.7139164489798788
261.0,44.0,0.7226643533360991
262.0,44.0,0.7226643533360991
263.0,44.0,0.7485971734972304
264.0,44.0,0.7485971734972304
265.0,44.0,0.7485971734972304
266.0,44.0,0.7485971734972304
267.0,44.0,0.7485971734972304
268.0,44.0,0.7485971734972304
269.0,44.0,0.7485971734972304
270.0,44.0,0.7485971734972304
271.0,44.0,0.7485971734972304
272.0,44.0,0.7485971734972304
273.0,44.0,0.47009064329363837
274.0,44.0,0.47009064329363837
275.0,44.0,0.47009064329363837
276.0,44.0,0.47009064329363837
277.0,44.0,0.47009064329363837
278.0,44.0,0.47009064329363837
279.0,44.0,0.47009064329363837
280.0,44.0,0.47009064329363837
281.0,44.0,0.47009064329363837
282.0,44.0,0.47009064329363837
283.0,44.0,0.47009064329363837
284.0,44.0,0.47009064329363837
285.0,44.0,0.47009064329363837
286.0,44.0,0.47009064329363837
287.0,44.0,0.47009064329363837
71.0,45.0,1.0
72.0,45.0,1.0
73.0,45.0,1.0
74.0,45.0,1.0
75.0,45.0,1.0
76.0,45.0,1.0
77.0,45.0,1.0
78.0,45.0,1.0
79.0,45.0,1.0
80.0,45.0,1.0
81.0,45.0,1.0
82.0,45.0,1.0
83.0,45.0,1.0
84.0,45.0,1.0
85.0,45.0,1.0
86.0,45.0,1.0
87.0,45.0,1.0
88.0,45.0,1.0
89.0,45.0,1.0
90.0,45.0,1.0
91.0,45.0,1.0
92.0,45.0,1.0
93.0,45.0,1.0
94.0,45.0,1.0
95.0,45.0,1.0
96.0,45.0,1.0
97.0,45.0,1.0
98.0,45.0,1.0
99.0,45.0,1.0
100.0,45.0,1.0
101.0,45.0,1.0
102.0,45.0,1.0
103.0,45.0,1.0
104.0,45.0,1.0
105.0,45.0,1.0
106.0,45.0,1.0
107.0,45.0,1.0
108.0,45.0,1.0
109.0,45.0,1.0
110.0,45.0,1.0
111.0,45.0,1.0
112.0,45.0,1.0
113.0,45.0,1.0
114.0,45.0,1.0
115.0,45.0,1.0
116.0,45.0,1.0
117.0,45.0,1.0
118.0,45.0,1.0
119.0,45.0,1.0
120.0,45.0,1.0
121.0,45.0,1.0
122.0,45.0,1.0
123.0,45.0,1.0
124.0,45.0,1.0
125.0,45.0,1.0
126.0,45.0,1.0
127.0,45.0,1.0
128.0,45.0,0.952106881168666
129.0,45.0,0.9042137623373321
130.0,45.0,0.952106881168666
131.0,45.0,1.0
132.0,45.0,0.8411400320120457
133.0,45.0,0.6822800640240914
134.0,45.0,0.7315669136172922
135.0,45.0,0.780853763210493
136.0,45.0,0.8301406128036939
137.0,45.0,0.8794274623968947
138.0,45.0,0.9397137311984474
139.0,45.0,1.0
140.0,45.0,1.0
141.0,45.0,1.0
142.0,45.0,1.0
143.0,45.0,1.0
144.0,45.0,1.0
145.0,45.0,1.0
146.0,45.0,1.0
147.0,45.0,1.0
148.0,45.0,1.0
149.0,45.0,1.0
150.0,45.0,1.0
151.0,45.0,1.0
152.0,45.0,0.9846949288984005
153.0,45.0,0.9693898577968009
154.0,45.0,0.9540847866952011
155.0,45.0,0.9693898577968009
156.0,45.0,0.9846949288984005
157.0,45.0,1.0
158.0,45.0,1.0
159.0,45.0,1.0
160.0,45.0,1.0
161.0,45.0,1.0
162.0,45.0,1.0
163.0,45.0,1.0
164.0,45.0,0.96953029544586
165.0,45.0,0.9390605908917201
166.0,45.0,0.9085908863375802
167.0,45.0,0.8781211817834402
168.0,45.0,0.9390605908917201
169.0,45.0,1.0
170.0,45.0,0.9766796067515178
171.0,45.0,0.9533592135030357
172.0,45.0,0.9300388202545535
173.0,45.0,0.9067184270060713
174.0,45.0,0.9378122846707142
175.0,45.0,0.9689061423353571
176.0,45.0,1.0
177.0,45.0,0.9784548205039993
178.0,45.0,0.9569096410079985
179.0,45.0,0.9353644615119976
180.0,45.0,0.9550932730556282
181.0,45.0,0.9748220845992588
182.0,45.0,0.9937055211498147
183.0,45.0,1.0
184.0,45.0,1.0
185.0,45.0,1.0
186.0,45.0,1.0
187.0,45.0,1.0
188.0,45.0,1.0
189.0,45.0,1.0
190.0,45.0,0.9905697080263572
191.0,45.0,0.9811394160527145
192.0,45.0,0.9717091240790718
193.0,45.0,0.9622788321054292
194.0,45.0,0.9528485401317864
195.0,45.0,0.9434182481581437
196.0,45.0,0.9575636861186078
197.0,45.0,0.9717091240790718
198.0,45.0,0.9858545620395359
199.0,45.0,1.0
200.0,45.0,1.0
201.0,45.0,1.0
202.0,45.0,1.0
203.0,45.0,1.0
204.0,45.0,1.0
205.0,45.0,1.0
206.0,45.0,0.9974625665762235
207.0,45.0,0.9949251331524469
208.0,45.0,0.9923876997286705
209.0,45.0,0.9898502663048939
210.0,45.0,0.9949251331524469
211.0,45.0,1.0
212.0,45.0,0.992639047628328
213.0,45.0,0.9852780952566561
214.0,45.0,0.9779171428849842
215.0,45.0,0.9705561905133122
216.0,45.0,0.8265369687940317
217.0,45.0,0.6825177470747512
218.0,45.0,0.5384985253554708
219.0,45.0,0.6351990528592689
220.0,45.0,0.731899580363067
221.0,45.0,0.8286001078668652
222.0,45.0,0.8012722685504152
223.0,45.0,0.7739444292339652
224.0,45.0,0.7466165899175152
225.0,45.0,0.7192887506010652
226.0,45.0,0.636443175913652
227.0,45.0,0.5535976012262388
228.0,45.0,0.6448536041080198
229.0,45.0,0.736109606989801
230.0,45.0,0.827365609871582
231.0,45.0,0.9186216127533631
232.0,45.0,0.9117317777729685
233.0,45.0,0.9048419427925739
234.0,45.0,0.897952107812179
235.0,45.0,0.8802281716282955
236.0,45.0,0.8625042354444117
237.0,45.0,0.844780299260528
238.0,45.0,0.844780299260528
239.0,45.0,0.844780299260528
240.0,45.0,0.7983403878949975
241.0,45.0,0.7983403878949975
242.0,45.0,0.7983403878949975
243.0,45.0,0.7983403878949975
244.0,45.0,0.7983403878949975
245.0,45.0,0.7277500313396894
246.0,45.0,0.7277500313396894
247.0,45.0,0.7277500313396894
248.0,45.0,0.7277500313396894
249.0,45.0,0.7277500313396894
250.0,45.0,0.7139164489798788
251.0,45.0,0.7139164489798788
252.0,45.0,0.7139164489798788
253.0,45.0,0.7139164489798788
254.0,45.0,0.7139164489798788
255.0,45.0,0.7139164489798788
256.0,45.0,0.7139164489798788
257.0,45.0,0.7139164489798788
258.0,45.0,0.7139164489798788
259.0,45.0,0.7139164489798788
260.0,45.0,0.7139164489798788
261.0,45.0,0.7139164489798788
262.0,45.0,0.7226643533360991
263.0,45.0,0.7226643533360991
264.0,45.0,0.7485971734972304
265.0,45.0,0.7485971734972304
266.0,45.0,0.7485971734972304
267.0,45.0,0.7485971734972304
268.0,45.0,0.7485971734972304
269.0,45.0,0.7485971734972304
270.0,45.0,0.7485971734972304
271.0,45.0,0.7485971734972304
272.0,45.0,0.7485971734972304
273.0,45.0,0.47009064329363837
274.0,45.0,0.47009064329363837
275.0,45.0,0.47009064329363837
276.0,45.0,0.47009064329363837
277.0,45.0,0.47009064329363837
278.0,45.0,0.47009064329363837
279.0,45.0,0.47009064329363837
280.0,45.0,0.47009064329363837
281.0,45.0,0.47009064329363837
282.0,45.0,0.47009064329363837
283.0,45.0,0.47009064329363837
284.0,45.0,0.47009064329363837
285.0,45.0,0.47009064329363837
286.0,45.0,0.47009064329363837
287.0,45.0,0.47009064329363837
71.0,46.0,1.0
72.0,46.0,1.0
73.0,46.0,1.0
74.0,46.0,1.0
75.0,46.0,1.0
76.0,46.0,1.0
77.0,46.0,1.0
78.0,46.0,1.0
79.0,46.0,1.0
80.0,46.0,1.0
81.0,46.0,1.0
82.0,46.0,1.0
83.0,46.0,1.0
84.0,46.0,1.0
85.0,46.0,1.0
86.0,46.0,1.0
87.0,46.0,1.0
88.0,46.0,1.0
89.0,46.0,1.0
90.0,46.0,1.0
91.0,46.0,1.0
92.0,46.0,1.0
93.0,46.0,1.0
94.0,46.0,1.0
95.0,46.0,1.0
96.0,46.0,1.0
97.0,46.0,1.0
98.0,46.0,1.0
99.0,46.0,1.0
100.0,46.0,1.0
101.0,46.0,1.0
102.0,46.0,1.0
103.0,46.0,1.0
104.0,46.0,1.0
105.0,46.0,1.0
106.0,46.0,1.0
107.0,46.0,1.0
108.0,46.0,1.0
109.0,46.0,1.0
110.0,46.0,1.0
111.0,46.0,1.0
112.0,46.0,1.0
113.0,46.0,1.0
114.0,46.0,1.0
115.0,46.0,1.0
116.0,46.0,1.0
117.0,46.0,1.0
118.0,46.0,1.0
119.0,46.0,1.0
120.0,46.0,1.0
121.0,46.0,1.0
122.0,46.0,1.0
123.0,46.0,1.0
124.0,46.0,1.0
125.0,46.0,1.0
126.0,46.0,1.0
127.0,46.0,1.0
128.0,46.0,1.0
129.0,46.0,0.952106881168666
130.0,46.0,1.0
131.0,46.0,1.0
132.0,46.0,0.8411400320120457
133.0,46.0,0.8411400320120457
134.0,46.0,0.8411400320120457
135.0,46.0,0.8904268816052465
136.0,46.0,0.9397137311984474
137.0,46.0,0.9397137311984474
138.0,46.0,1.0
139.0,46.0,1.0
140.0,46.0,1.0
141.0,46.0,1.0
142.0,46.0,1.0
143.0,46.0,1.0
144.0,46.0,1.0
145.0,46.0,0.987106838077731
146.0,46.0,0.987106838077731
147.0,46.0,1.0
148.0,46.0,0.9999999999999999
149.0,46.0,1.0
150.0,46.0,1.0
151.0,46.0,1.0
152.0,46.0,0.9846949288984004
153.0,46.0,0.9540847866952011
154.0,46.0,0.9387797155936014
155.0,46.0,0.9387797155936015
156.0,46.0,0.9540847866952011
157.0,46.0,0.9711328931344774
158.0,46.0,0.986437964236077
159.0,46.0,1.0
160.0,46.0,1.0
161.0,46.0,1.0
162.0,46.0,1.0
163.0,46.0,1.0
164.0,46.0,1.0
165.0,46.0,1.0
166.0,46.0,0.96953029544586
167.0,46.0,0.9390605908917201
168.0,46.0,1.0
169.0,46.0,0.9985828476800103
170.0,46.0,0.9985828476800103
171.0,46.0,1.0
172.0,46.0,0.9766796067515178
173.0,46.0,0.9533592135030357
174.0,46.0,0.9533592135030357
175.0,46.0,0.9533592135030357
176.0,46.0,0.9844530711676787
177.0,46.0,0.9892274102519996
178.0,46.0,0.9676822307559988
179.0,46.0,0.9676822307559988
180.0,46.0,0.9676822307559988
181.0,46.0,0.9676822307559988
182.0,46.0,0.9874110422996294
183.0,46.0,1.0
184.0,46.0,1.0
185.0,46.0,1.0
186.0,46.0,1.0
187.0,46.0,1.0
188.0,46.0,1.0
189.0,46.0,1.0
190.0,46.0,1.0
191.0,46.0,1.0
192.0,46.0,1.0
193.0,46.0,0.9905697080263572
194.0,46.0,0.9811394160527145
195.0,46.0,0.9717091240790718
196.0,46.0,0.9858545620395359
197.0,46.0,1.0
198.0,46.0,1.0
199.0,46.0,1.0
200.0,46.0,1.0
201.0,46.0,1.0
202.0,46.0,1.0
203.0,46.0,1.0
204.0,46.0,1.0
205.0,46.0,1.0
206.0,46.0,0.9974625665762235
207.0,46.0,0.9949251331524469
208.0,46.0,0.9923876997286705
209.0,46.0,0.9912151306662929
210.0,46.0,0.9900425616039152
211.0,46.0,0.9951174284514683
212.0,46.0,0.9975587142257342
213.0,46.0,1.0
214.0,46.0,0.992639047628328
215.0,46.0,0.9852780952566561
216.0,46.0,0.6678698648465136
217.0,46.0,0.5238506431272332
218.0,46.0,0.500191296019492
219.0,46.0,0.5968918235232901
220.0,46.0,0.7086512178113469
221.0,46.0,0.8204106120994036
222.0,46.0,0.7930827727829537
223.0,46.0,0.7657549334665036
224.0,46.0,0.7782072868679839
225.0,46.0,0.8008383845730908
226.0,46.0,0.8336482265818242
227.0,46.0,0.7508026518944111
228.0,46.0,0.8420586547761921
229.0,46.0,0.9333146576579732
230.0,46.0,0.9287269250740056
231.0,46.0,0.9257841430216469
232.0,46.0,0.9228413609692885
233.0,46.0,0.915951525988894
234.0,46.0,0.9036446404067547
235.0,46.0,0.885920704222871
236.0,46.0,0.844780299260528
237.0,46.0,0.844780299260528
238.0,46.0,0.844780299260528
239.0,46.0,0.844780299260528
240.0,46.0,0.844780299260528
241.0,46.0,0.7983403878949975
242.0,46.0,0.7983403878949975
243.0,46.0,0.7983403878949975
244.0,46.0,0.7983403878949975
245.0,46.0,0.7277500313396894
246.0,46.0,0.7277500313396894
247.0,46.0,0.7277500313396894
248.0,46.0,0.7277500313396894
249.0,46.0,0.7277500313396894
250.0,46.0,0.7139164489798788
251.0,46.0,0.7139164489798788
252.0,46.0,0.7139164489798788
253.0,46.0,0.7139164489798788
254.0,46.0,0.7139164489798788
255.0,46.0,0.7139164489798788
256.0,46.0,0.7139164489798788
257.0,46.0,0.7139164489798788
258.0,46.0,0.7139164489798788
259.0,46.0,0.7139164489798788
260.0,46.0,0.7139164489798788
261.0,46.0,0.7139164489798788
262.0,46.0,0.7139164489798788
263.0,46.0,0.7226643533360991
264.0,46.0,0.7485971734972304
265.0,46.0,0.7485971734972304
266.0,46.0,0.7485971734972304
267.0,46.0,0.7485971734972304
268.0,46.0,0.7485971734972304
269.0,46.0,0.7485971734972304
270.0,46.0,0.7485971734972304
271.0,46.0,0.7485971734972304
272.0,46.0,0.7485971734972304
273.0,46.0,0.7485971734972304
274.0,46.0,0.47009064329363837
275.0,46.0,0.47009064329363837
276.0,46.0,0.47009064329363837
277.0,46.0,0.47009064329363837
278.0,46.0,0.47009064329363837
279.0,46.0,0.47009064329363837
280.0,46.0,0.47009064329363837
281.0,46.0,0.47009064329363837
282.0,46.0,0.47009064329363837
283.0,46.0,0.47009064329363837
284.0,46.0,0.47009064329363837
285.0,46.0,0.47009064329363837
286.0,46.0,0.47009064329363837
287.0,46.0,0.47009064329363837
71.0,47.0,1.0
72.0,47.0,1.0
73.0,47.0,1.0
74.0,47.0,1.0
75.0,47.0,1.0
76.0,47.0,1.0
77.0,47.0,1.0
78.0,47.0,1.0
79.0,47.0,1.0
80.0,47.0,1.0
81.0,47.0,1.0
82.0,47.0,1.0
83.0,47.0,1.0
84.0,47.0,1.0
85.0,47.0,1.0
86.0,47.0,1.0
87.0,47.0,1.0
88.0,47.0,1.0
89.0,47.0,1.0
90.0,47.0,1.0
91.0,47.0,1.0
92.0,47.0,1.0
93.0,47.0,1.0
94.0,47.0,1.0
95.0,47.0,1.0
96.0,47.0,1.0
97.0,47.0,1.0
98.0,47.0,1.0
99.0,47.0,1.0
100.0,47.0,1.0
101.0,47.0,1.0
102.0,47.0,1.0
103.0,47.0,1.0
104.0,47.0,1.0
105.0,47.0,1.0
106.0,47.0,1.0
107.0,47.0,1.0
108.0,47.0,1.0
109.0,47.0,1.0
110.0,47.0,1.0
111.0,47.0,1.0
112.0,47.0,1.0
113.0,47.0,1.0
114.0,47.0,1.0
115.0,47.0,1.0
116.0,47.0,1.0
117.0,47.0,1.0
118.0,47.0,1.0
119.0,47.0,1.0
120.0,47.0,1.0
121.0,47.0,1.0
122.0,47.0,1.0
123.0,47.0,1.0
124.0,47.0,1.0
125.0,47.0,1.0
126.0,47.0,1.0
127.0,47.0,1.0
128.0,47.0,1.0
129.0,47.0,1.0
130.0,47.0,1.0
131.0,47.0,1.0
132.0,47.0,1.0
133.0,47.0,1.0
134.0,47.0,1.0
135.0,47.0,1.0
136.0,47.0,1.0
137.0,47.0,1.0
138.0,47.0,1.0
139.0,47.0,1.0
140.0,47.0,1.0
141.0,47.0,1.0
142.0,47.0,1.0
143.0,47.0,1.0
144.0,47.0,0.987106838077731
145.0,47.0,0.9742136761554621
146.0,47.0,0.9613205142331931
147.0,47.0,0.9742136761554621
148.0,47.0,0.987106838077731
149.0,47.0,1.0
150.0,47.0,1.0
151.0,47.0,1.0
152.0,47.0,1.0
153.0,47.0,0.9693898577968008
154.0,47.0,0.9387797155936015
155.0,47.0,0.9081695733904023
156.0,47.0,0.9252176798296785
157.0,47.0,0.9422657862689547
158.0,47.0,0.9593138927082309
159.0,47.0,0.972875928472154
160.0,47.0,0.986437964236077
161.0,47.0,1.0
162.0,47.0,1.0
163.0,47.0,1.0
164.0,47.0,1.0
165.0,47.0,1.0
166.0,47.0,1.0
167.0,47.0,1.0
168.0,47.0,0.9985828476800102
169.0,47.0,0.9971656953600205
170.0,47.0,0.9957485430400306
171.0,47.0,0.9971656953600205
172.0,47.0,0.9985828476800102
173.0,47.0,1.0
174.0,47.0,1.0
175.0,47.0,1.0
176.0,47.0,1.0
177.0,47.0,1.0
178.0,47.0,1.0
179.0,47.0,1.0
180.0,47.0,1.0
181.0,47.0,1.0
182.0,47.0,1.0
183.0,47.0,1.0
184.0,47.0,1.0
185.0,47.0,1.0
186.0,47.0,1.0
187.0,47.0,1.0
188.0,47.0,1.0
189.0,47.0,1.0
190.0,47.0,1.0
191.0,47.0,1.0
192.0,47.0,1.0
193.0,47.0,1.0
194.0,47.0,1.0
195.0,47.0,1.0
196.0,47.0,1.0
197.0,47.0,1.0
198.0,47.0,1.0
199.0,47.0,1.0
200.0,47.0,1.0
201.0,47.0,1.0
202.0,47.0,1.0
203.0,47.0,1.0
204.0,47.0,1.0
205.0,47.0,1.0
206.0,47.0,0.9974625665762235
207.0,47.0,0.9949251331524469
208.0,47.0,0.9937525640900694
209.0,47.0,0.9925799950276918
210.0,47.0,0.9914074259653143
211.0,47.0,0.9902348569029367
212.0,47.0,0.9926761426772025
213.0,47.0,0.9951174284514683
214.0,47.0,0.9975587142257342
215.0,47.0,1.0
216.0,47.0,0.6825917695898576
217.0,47.0,0.365183539179715
218.0,47.0,0.4769429334677717
219.0,47.0,0.5887023277558285
220.0,47.0,0.7004617220438852
221.0,47.0,0.8122211163319419
222.0,47.0,0.8246734697334221
223.0,47.0,0.8371258231349026
224.0,47.0,0.8495781765363826
225.0,47.0,0.8823880185451163
226.0,47.0,0.9151978605538498
227.0,47.0,0.9480077025625833
228.0,47.0,0.9434199699786157
229.0,47.0,0.938832237394648
230.0,47.0,0.9358894553422894
231.0,47.0,0.932946673289931
232.0,47.0,0.9300038912375725
233.0,47.0,0.927061109185214
234.0,47.0,0.927061109185214
235.0,47.0,0.927061109185214
236.0,47.0,0.844780299260528
237.0,47.0,0.844780299260528
238.0,47.0,0.844780299260528
239.0,47.0,0.844780299260528
240.0,47.0,0.844780299260528
241.0,47.0,0.7983403878949975
242.0,47.0,0.7983403878949975
243.0,47.0,0.7983403878949975
244.0,47.0,0.7983403878949975
245.0,47.0,0.7983403878949975
246.0,47.0,0.7277500313396894
247.0,47.0,0.7277500313396894
248.0,47.0,0.7277500313396894
249.0,47.0,0.7277500313396894
250.0,47.0,0.7277500313396894
251.0,47.0,0.7139164489798788
252.0,47.0,0.7139164489798788
253.0,47.0,0.7139164489798788
254.0,47.0,0.7139164489798788
255.0,47.0,0.7139164489798788
256.0,47.0,0.7139164489798788
257.0,47.0,0.7139164489798788
258.0,47.0,0.7139164489798788
259.0,47.0,0.7139164489798788
260.0,47.0,0.7139164489798788
261.0,47.0,0.7139164489798788
262.0,47.0,0.7139164489798788
263.0,47.0,0.7139164489798788
264.0,47.0,0.7226643533360991
265.0,47.0,0.7485971734972304
266.0,47.0,0.7485971734972304
267.0,47.0,0.7485971734972304
268.0,47.0,0.7485971734972304
269.0,47.0,0.7485971734972304
270.0,47.0,0.7485971734972304
271.0,47.0,0.7485971734972304
272.0,47.0,0.7485971734972304
273.0,47.0,0.7485971734972304
274.0,47.0,0.7485971734972304
275.0,47.0,0.47009064329363837
276.0,47.0,0.47009064329363837
277.0,47.0,0.47009064329363837
278.0,47.0,0.47009064329363837
279.0,47.0,0.47009064329363837
280.0,47.0,0.47009064329363837
281.0,47.0,0.47009064329363837
282.0,47.0,0.47009064329363837
283.0,47.0,0.47009064329363837
284.0,47.0,0.47009064329363837
285.0,47.0,0.47009064329363837
286.0,47.0,0.47009064329363837
287.0,47.0,0.47009064329363837
71.0,48.0,1.0
72.0,48.0,1.0
73.0,48.0,1.0
74.0,48.0,1.0
75.0,48.0,1.0
76.0,48.0,1.0
77.0,48.0,1.0
78.0,48.0,1.0
79.0,48.0,1.0
80.0,48.0,1.0
81.0,48.0,1.0
82.0,48.0,1.0
83.0,48.0,1.0
84.0,48.0,1.0
85.0,48.0,1.0
86.0,48.0,1.0
87.0,48.0,1.0
88.0,48.0,1.0
89.0,48.0,1.0
90.0,48.0,1.0
91.0,48.0,1.0
92.0,48.0,1.0
93.0,48.0,1.0
94.0,48.0,1.0
95.0,48.0,1.0
96.0,48.0,1.0
97.0,48.0,1.0
98.0,48.0,1.0
99.0,48.0,1.0
100.0,48.0,1.0
101.0,48.0,1.0
102.0,48.0,1.0
103.0,48.0,1.0
104.0,48.0,1.0
105.0,48.0,1.0
106.0,48.0,1.0
107.0,48.0,1.0
108.0,48.0,1.0
109.0,48.0,1.0
110.0,48.0,1.0
111.0,48.0,1.0
112.0,48.0,1.0
113.0,48.0,1.0
114.0,48.0,1.0
115.0,48.0,1.0
116.0,48.0,1.0
117.0,48.0,1.0
118.0,48.0,1.0
119.0,48.0,1.0
120.0,48.0,1.0
121.0,48.0,1.0
122.0,48.0,1.0
123.0,48.0,1.0
124.0,48.0,1.0
125.0,48.0,1.0
126.0,48.0,1.0
127.0,48.0,1.0
128.0,48.0,1.0
129.0,48.0,1.0
130.0,48.0,1.0
131.0,48.0,1.0
132.0,48.0,1.0
133.0,48.0,1.0
134.0,48.0,1.0
135.0,48.0,1.0
136.0,48.0,1.0
137.0,48.0,1.0
138.0,48.0,1.0
139.0,48.0,1.0
140.0,48.0,1.0
141.0,48.0,1.0
142.0,48.0,1.0
143.0,48.0,1.0
144.0,48.0,0.987106838077731
145.0,48.0,0.9613205142331931
146.0,48.0,0.9484273523109239
147.0,48.0,0.948427352310924
148.0,48.0,0.9613205142331931
149.0,48.0,0.9414691295997055
150.0,48.0,0.9707345647998528
151.0,48.0,1.0
152.0,48.0,1.0
153.0,48.0,0.9846949288984004
154.0,48.0,0.9540847866952011
155.0,48.0,0.9129015168519955
156.0,48.0,0.9131500981277136
157.0,48.0,0.913398679403432
158.0,48.0,0.9304467858427081
159.0,48.0,0.9457518569443079
160.0,48.0,0.9593138927082309
161.0,48.0,1.0
162.0,48.0,1.0
163.0,48.0,1.0
164.0,48.0,0.9999999999999999
165.0,48.0,1.0
166.0,48.0,1.0
167.0,48.0,1.0
168.0,48.0,0.9978742715200153
169.0,48.0,0.9957485430400306
170.0,48.0,0.9943313907200406
171.0,48.0,0.9943313907200407
172.0,48.0,0.9957485430400306
173.0,48.0,0.8877570417959029
174.0,48.0,0.9438785208979514
175.0,48.0,1.0
176.0,48.0,1.0
177.0,48.0,1.0
178.0,48.0,1.0
179.0,48.0,0.9896260326580824
180.0,48.0,0.9583443096960904
181.0,48.0,1.0
182.0,48.0,1.0
183.0,48.0,1.0
184.0,48.0,0.9985161822109869
185.0,48.0,0.9970323644219738
186.0,48.0,0.9955485466329608
187.0,48.0,0.9955485466329608
188.0,48.0,0.9955485466329608
189.0,48.0,0.9955485466329608
190.0,48.0,0.9646209234908509
191.0,48.0,0.9336933003487409
192.0,48.0,0.9027656772066308
193.0,48.0,0.9027656772066308
194.0,48.0,0.9027656772066309
195.0,48.0,0.9027656772066308
196.0,48.0,0.9513828386033154
197.0,48.0,1.0
198.0,48.0,1.0
199.0,48.0,1.0
200.0,48.0,1.0
201.0,48.0,1.0
202.0,48.0,1.0
203.0,48.0,1.0
204.0,48.0,1.0
205.0,48.0,1.0
206.0,48.0,0.9974625665762235
207.0,48.0,0.996289997513846
208.0,48.0,0.9951174284514683
209.0,48.0,0.9554103082972514
210.0,48.0,0.9157031881430346
211.0,48.0,0.8759960679888177
212.0,48.0,0.8784373537630835
213.0,48.0,0.8808786395373494
214.0,48.0,1.0
215.0,48.0,1.0
216.0,48.0,1.0
217.0,48.0,0.6825917695898576
218.0,48.0,0.6803495736458736
219.0,48.0,0.6781073777018896
220.0,48.0,0.7898667719899464
221.0,48.0,0.9016261662780031
222.0,48.0,0.896044359401821
223.0,48.0,0.9084967128033014
224.0,48.0,0.9311278105084082
225.0,48.0,0.9639376525171417
226.0,48.0,0.9587314674081999
227.0,48.0,0.9535252822992581
228.0,48.0,0.9489375497152904
229.0,48.0,0.9459947676629319
230.0,48.0,0.9430519856105735
231.0,48.0,0.927061109185214
232.0,48.0,0.927061109185214
233.0,48.0,0.927061109185214
234.0,48.0,0.927061109185214
235.0,48.0,0.927061109185214
236.0,48.0,0.927061109185214
237.0,48.0,0.844780299260528
238.0,48.0,0.844780299260528
239.0,48.0,0.844780299260528
240.0,48.0,0.844780299260528
241.0,48.0,0.844780299260528
242.0,48.0,0.7983403878949975
243.0,48.0,0.7983403878949975
244.0,48.0,0.7983403878949975
245.0,48.0,0.7983403878949975
246.0,48.0,0.7277500313396894
247.0,48.0,0.7277500313396894
248.0,48.0,0.7277500313396894
249.0,48.0,0.7277500313396894
250.0,48.0,0.7277500313396894
251.0,48.0,0.7139164489798788
252.0,48.0,0.7139164489798788
253.0,48.0,0.7139164489798788
254.0,48.0,0.7139164489798788
255.0,48.0,0.7139164489798788
256.0,48.0,0.7139164489798788
257.0,48.0,0.7139164489798788
258.0,48.0,0.7139164489798788
259.0,48.0,0.7139164489798788
260.0,48.0,0.7139164489798788
261.0,48.0,0.7139164489798788
262.0,48.0,0.7139164489798788
263.0,48.0,0.7139164489798788
264.0,48.0,0.7139164489798788
265.0,48.0,0.7485971734972304
266.0,48.0,0.7485971734972304
267.0,48.0,0.7485971734972304
268.0,48.0,0.7485971734972304
269.0,48.0,0.7485971734972304
270.0,48.0,0.7485971734972304
271.0,48.0,0.7485971734972304
272.0,48.0,0.7485971734972304
273.0,48.0,0.7485971734972304
274.0,48.0,0.7485971734972304
275.0,48.0,0.47009064329363837
276.0,48.0,0.47009064329363837
277.0,48.0,0.47009064329363837
278.0,48.0,0.47009064329363837
279.0,48.0,0.47009064329363837
280.0,48.0,0.47009064329363837
281.0,48.0,0.47009064329363837
282.0,48.0,0.47009064329363837
283.0,48.0,0.47009064329363837
284.0,48.0,0.47009064329363837
285.0,48.0,0.47009064329363837
286.0,48.0,0.47009064329363837
287.0,48.0,0.47009064329363837
71.0,49.0,1.0
72.0,49.0,1.0
73.0,49.0,1.0
74.0,49.0,1.0
75.0,49.0,1.0
76.0,49.0,1.0
77.0,49.0,1.0
78.0,49.0,1.0
79.0,49.0,1.0
80.0,49.0,1.0
81.0,49.0,1.0
82.0,49.0,1.0
83.0,49.0,1.0
84.0,49.0,1.0
85.0,49.0,1.0
86.0,49.0,1.0
87.0,49.0,1.0
88.0,49.0,1.0
89.0,49.0,1.0
90.0,49.0,1.0
91.0,49.0,1.0
92.0,49.0,1.0
93.0,49.0,1.0
94.0,49.0,1.0
95.0,49.0,1.0
96.0,49.0,1.0
97.0,49.0,1.0
98.0,49.0,1.0
99.0,49.0,1.0
100.0,49.0,1.0
101.0,49.0,1.0
102.0,49.0,1.0
103.0,49.0,1.0
104.0,49.0,1.0
105.0,49.0,1.0
106.0,49.0,1.0
107.0,49.0,1.0
108.0,49.0,1.0
109.0,49.0,1.0
110.0,49.0,1.0
111.0,49.0,1.0
112.0,49.0,1.0
113.0,49.0,1.0
114.0,49.0,1.0
115.0,49.0,1.0
116.0,49.0,1.0
117.0,49.0,1.0
118.0,49.0,1.0
119.0,49.0,1.0
120.0,49.0,1.0
121.0,49.0,1.0
122.0,49.0,1.0
123.0,49.0,1.0
124.0,49.0,1.0
125.0,49.0,1.0
126.0,49.0,1.0
127.0,49.0,1.0
128.0,49.0,1.0
129.0,49.0,1.0
130.0,49.0,1.0
131.0,49.0,1.0
132.0,49.0,1.0
133.0,49.0,1.0
134.0,49.0,1.0
135.0,49.0,1.0
136.0,49.0,1.0
137.0,49.0,1.0
138.0,49.0,1.0
139.0,49.0,1.0
140.0,49.0,1.0
141.0,49.0,1.0
142.0,49.0,1.0
143.0,49.0,1.0
144.0,49.0,1.0
145.0,49.0,0.9742136761554621
146.0,49.0,0.948427352310924
147.0,49.0,0.922641028466386
148.0,49.0,0.9027896438328986
149.0,49.0,0.882938259199411
150.0,49.0,0.9122036943995583
151.0,49.0,0.9414691295997055
152.0,49.0,0.9707345647998528
153.0,49.0,1.0
154.0,49.0,0.9588167301567944
155.0,49.0,0.9176334603135887
156.0,49.0,0.917882041589307
157.0,49.0,0.9181306228650252
158.0,49.0,0.9183792041407435
159.0,49.0,0.9186277854164617
160.0,49.0,0.9593138927082309
161.0,49.0,1.0
162.0,49.0,1.0
163.0,49.0,1.0
164.0,49.0,1.0
165.0,49.0,1.0
166.0,49.0,1.0
167.0,49.0,1.0
168.0,49.0,0.9978742715200153
169.0,49.0,0.9957485430400306
170.0,49.0,0.9936228145600459
171.0,49.0,0.9914970860800612
172.0,49.0,0.8835055848359334
173.0,49.0,0.7755140835918056
174.0,49.0,0.8316355626938542
175.0,49.0,0.8877570417959029
176.0,49.0,0.9438785208979514
177.0,49.0,1.0
178.0,49.0,0.9481301632904117
179.0,49.0,0.9792520653161646
180.0,49.0,0.9791721548480452
181.0,49.0,0.9166886193921809
182.0,49.0,0.9583443096960904
183.0,49.0,1.0
184.0,49.0,0.9985161822109869
185.0,49.0,0.9970323644219738
186.0,49.0,0.9955485466329608
187.0,49.0,0.9940647288439479
188.0,49.0,0.9925809110549347
189.0,49.0,0.9910970932659217
190.0,49.0,0.9601694701238117
191.0,49.0,0.9292418469817018
192.0,49.0,0.8983142238395917
193.0,49.0,0.8673866006974817
194.0,49.0,0.8364589775553717
195.0,49.0,0.8055313544132617
196.0,49.0,0.8541485158099463
197.0,49.0,0.9027656772066308
198.0,49.0,0.9513828386033154
199.0,49.0,1.0
200.0,49.0,1.0
201.0,49.0,1.0
202.0,49.0,1.0
203.0,49.0,1.0
204.0,49.0,1.0
205.0,49.0,1.0
206.0,49.0,0.960292879845783
207.0,49.0,0.9205857596915663
208.0,49.0,0.8808786395373494
209.0,49.0,0.8411715193831326
210.0,49.0,0.8014643992289155
211.0,49.0,0.7617572790746987
212.0,49.0,0.8808786395373494
213.0,49.0,1.0
214.0,49.0,1.0
215.0,49.0,1.0
216.0,49.0,1.0
217.0,49.0,1.0
218.0,49.0,0.997757804056016
219.0,49.0,0.9955156081120321
220.0,49.0,0.9932734121680482
221.0,49.0,0.9910312162240642
222.0,49.0,0.9854494093478822
223.0,49.0,0.9798676024717001
224.0,49.0,0.9746614173627584
225.0,49.0,0.9694552322538166
226.0,49.0,0.9642490471448747
227.0,49.0,0.9590428620359329
228.0,49.0,0.9413176127335512
229.0,49.0,0.9590428620359329
230.0,49.0,0.9590428620359329
231.0,49.0,0.927061109185214
232.0,49.0,0.927061109185214
233.0,49.0,0.927061109185214
234.0,49.0,0.927061109185214
235.0,49.0,0.927061109185214
236.0,49.0,0.927061109185214
237.0,49.0,0.844780299260528
238.0,49.0,0.844780299260528
239.0,49.0,0.844780299260528
240.0,49.0,0.844780299260528
241.0,49.0,0.844780299260528
242.0,49.0,0.7983403878949975
243.0,49.0,0.7983403878949975
244.0,49.0,0.7983403878949975
245.0,49.0,0.7983403878949975
246.0,49.0,0.7983403878949975
247.0,49.0,0.7277500313396894
248.0,49.0,0.7277500313396894
249.0,49.0,0.7277500313396894
250.0,49.0,0.7277500313396894
251.0,49.0,0.7277500313396894
252.0,49.0,0.7139164489798788
253.0,49.0,0.7139164489798788
254.0,49.0,0.7139164489798788
255.0,49.0,0.7139164489798788
256.0,49.0,0.7139164489798788
257.0,49.0,0.7139164489798788
258.0,49.0,0.7139164489798788
259.0,49.0,0.7139164489798788
260.0,49.0,0.7139164489798788
261.0,49.0,0.7139164489798788
262.0,49.0,0.7139164489798788
263.0,49.0,0.7139164489798788
264.0,49.0,0.7139164489798788
265.0,49.0,0.7139164489798788
266.0,49.0,0.7485971734972304
267.0,49.0,0.7485971734972304
268.0,49.0,0.7485971734972304
269.0,49.0,0.7485971734972304
270.0,49.0,0.7485971734972304
271.0,49.0,0.7485971734972304
272.0,49.0,0.7485971734972304
273.0,49.0,0.7485971734972304
274.0,49.0,0.7485971734972304
275.0,49.0,0.7485971734972304
276.0,49.0,0.47009064329363837
277.0,49.0,0.47009064329363837
278.0,49.0,0.47009064329363837
279.0,49.0,0.47009064329363837
280.0,49.0,0.47009064329363837
281.0,49.0,0.47009064329363837
282.0,49.0,0.47009064329363837
283.0,49.0,0.47009064329363837
284.0,49.0,0.47009064329363837
285.0,49.0,0.47009064329363837
286.0,49.0,0.47009064329363837
287.0,49.0,0.47009064329363837
71.0,50.0,1.0
72.0,50.0,1.0
73.0,50.0,1.0
74.0,50.0,1.0
75.0,50.0,1.0
76.0,50.0,1.0
77.0,50.0,1.0
78.0,50.0,1.0
79.0,50.0,1.0
80.0,50.0,1.0
81.0,50.0,1.0
82.0,50.0,1.0
83.0,50.0,1.0
84.0,50.0,1.0
85.0,50.0,1.0
86.0,50.0,1.0
87.0,50.0,1.0
88.0,50.0,1.0
89.0,50.0,1.0
90.0,50.0,1.0
91.0,50.0,1.0
92.0,50.0,1.0
93.0,50.0,1.0
94.0,50.0,1.0
95.0,50.0,1.0
96.0,50.0,1.0
97.0,50.0,1.0
98.0,50.0,1.0
99.0,50.0,1.0
100.0,50.0,1.0
101.0,50.0,1.0
102.0,50.0,1.0
103.0,50.0,1.0
104.0,50.0,1.0
105.0,50.0,1.0
106.0,50.0,1.0
107.0,50.0,1.0
108.0,50.0,1.0
109.0,50.0,1.0
110.0,50.0,1.0
111.0,50.0,1.0
112.0,50.0,1.0
113.0,50.0,1.0
114.0,50.0,1.0
115.0,50.0,1.0
116.0,50.0,1.0
117.0,50.0,1.0
118.0,50.0,1.0
119.0,50.0,1.0
120.0,50.0,1.0
121.0,50.0,1.0
122.0,50.0,1.0
123.0,50.0,1.0
124.0,50.0,1.0
125.0,50.0,1.0
126.0,50.0,1.0
127.0,50.0,1.0
128.0,50.0,1.0
129.0,50.0,1.0
130.0,50.0,1.0
131.0,50.0,1.0
132.0,50.0,1.0
133.0,50.0,1.0
134.0,50.0,1.0
135.0,50.0,1.0
136.0,50.0,1.0
137.0,50.0,1.0
138.0,50.0,1.0
139.0,50.0,1.0
140.0,50.0,1.0
141.0,50.0,0.9977217350428403
142.0,50.0,0.9954434700856807
143.0,50.0,1.0
144.0,50.0,1.0
145.0,50.0,0.987106838077731
146.0,50.0,0.961320514233193
147.0,50.0,0.6626056643998868
148.0,50.0,0.6427542797663992
149.0,50.0,0.7141931291470955
150.0,50.0,0.7856319785277919
151.0,50.0,0.8148974137279391
152.0,50.0,0.8441628489280864
153.0,50.0,0.9714354826786294
154.0,50.0,0.9302522128354238
155.0,50.0,0.8283129060346739
156.0,50.0,0.726373599233924
157.0,50.0,0.7266221805096422
158.0,50.0,0.7268707617853605
159.0,50.0,0.9593138927082309
160.0,50.0,1.0
161.0,50.0,0.9635113202357481
162.0,50.0,0.961573152307421
163.0,50.0,0.9941854962150188
164.0,50.0,0.9941854962150188
165.0,50.0,0.9941854962150188
166.0,50.0,0.9941854962150188
167.0,50.0,0.9937753855378059
168.0,50.0,0.995713553466133
169.0,50.0,1.0
170.0,50.0,0.9978742715200153
171.0,50.0,0.9957485430400306
172.0,50.0,0.8877570417959029
173.0,50.0,0.8503427223945371
174.0,50.0,0.8330527768246744
175.0,50.0,0.8358872050863144
176.0,50.0,0.8920086841883631
177.0,50.0,0.9481301632904117
178.0,50.0,0.937756195948494
179.0,50.0,0.9688780979742471
180.0,50.0,0.9999999999999999
181.0,50.0,0.9375164645441357
182.0,50.0,0.8750329290882715
183.0,50.0,0.9166886193921809
184.0,50.0,0.9152048016031679
185.0,50.0,0.9137209838141549
186.0,50.0,0.9122371660251418
187.0,50.0,0.9092713192524208
188.0,50.0,0.9063054724796998
189.0,50.0,0.9033396257069788
190.0,50.0,0.872412002564869
191.0,50.0,0.8414843794227589
192.0,50.0,0.8105567562806488
193.0,50.0,0.8412930632559763
194.0,50.0,0.8720293702313036
195.0,50.0,0.9027656772066308
196.0,50.0,0.9513828386033154
197.0,50.0,1.0
198.0,50.0,1.0
199.0,50.0,1.0
200.0,50.0,1.0
201.0,50.0,1.0
202.0,50.0,1.0
203.0,50.0,1.0
204.0,50.0,1.0
205.0,50.0,0.9890862502367824
206.0,50.0,1.0
207.0,50.0,1.0
208.0,50.0,1.0
209.0,50.0,0.960292879845783
210.0,50.0,0.9205857596915663
211.0,50.0,0.8808786395373494
212.0,50.0,1.0
213.0,50.0,1.0
214.0,50.0,1.0
215.0,50.0,0.9986769010714435
216.0,50.0,0.9973538021428869
217.0,50.0,0.9960307032143304
218.0,50.0,0.9937885072703465
219.0,50.0,0.9915463113263625
220.0,50.0,0.9854650963019004
221.0,50.0,0.9793838812774383
222.0,50.0,0.9733026662529762
223.0,50.0,0.9677208593767942
224.0,50.0,0.9625146742678524
225.0,50.0,0.9573084891589105
226.0,50.0,0.9590428620359329
227.0,50.0,0.9590428620359329
228.0,50.0,0.9590428620359329
229.0,50.0,0.9590428620359329
230.0,50.0,0.9590428620359329
231.0,50.0,0.927061109185214
232.0,50.0,0.927061109185214
233.0,50.0,0.927061109185214
234.0,50.0,0.927061109185214
235.0,50.0,0.927061109185214
236.0,50.0,0.927061109185214
237.0,50.0,0.844780299260528
238.0,50.0,0.844780299260528
239.0,50.0,0.844780299260528
240.0,50.0,0.844780299260528
241.0,50.0,0.844780299260528
242.0,50.0,0.844780299260528
243.0,50.0,0.7983403878949975
244.0,50.0,0.7983403878949975
245.0,50.0,0.7983403878949975
246.0,50.0,0.7983403878949975
247.0,50.0,0.7277500313396894
248.0,50.0,0.7277500313396894
249.0,50.0,0.7277500313396894
250.0,50.0,0.7277500313396894
251.0,50.0,0.7277500313396894
252.0,50.0,0.7139164489798788
253.0,50.0,0.7139164489798788
254.0,50.0,0.7139164489798788
255.0,50.0,0.7139164489798788
256.0,50.0,0.7139164489798788
257.0,50.0,0.7139164489798788
258.0,50.0,0.7139164489798788
259.0,50.0,0.7139164489798788
260.0,50.0,0.7139164489798788
261.0,50.0,0.7139164489798788
262.0,50.0,0.7139164489798788
263.0,50.0,0.7139164489798788
264.0,50.0,0.7139164489798788
265.0,50.0,0.7139164489798788
266.0,50.0,0.7485971734972304
267.0,50.0,0.7485971734972304
268.0,50.0,0.7485971734972304
269.0,50.0,0.7485971734972304
270.0,50.0,0.7485971734972304
271.0,50.0,0.7485971734972304
272.0,50.0,0.7485971734972304
273.0,50.0,0.7485971734972304
274.0,50.0,0.7485971734972304
275.0,50.0,0.7485971734972304
276.0,50.0,0.7485971734972304
277.0,50.0,0.47009064329363837
278.0,50.0,0.47009064329363837
279.0,50.0,0.47009064329363837
280.0,50.0,0.47009064329363837
281.0,50.0,0.47009064329363837
282.0,50.0,0.47009064329363837
283.0,50.0,0.47009064329363837
284.0,50.0,0.47009064329363837
285.0,50.0,0.47009064329363837
286.0,50.0,0.47009064329363837
287.0,50.0,0.47009064329363837
71.0,51.0,1.0
72.0,51.0,1.0
73.0,51.0,1.0
74.0,51.0,1.0
75.0,51.0,1.0
76.0,51.0,1.0
77.0,51.0,1.0
78.0,51.0,1.0
79.0,51.0,1.0
80.0,51.0,1.0
81.0,51.0,1.0
82.0,51.0,1.0
83.0,51.0,1.0
84.0,51.0,1.0
85.0,51.0,1.0
86.0,51.0,1.0
87.0,51.0,1.0
88.0,51.0,1.0
89.0,51.0,1.0
90.0,51.0,1.0
91.0,51.0,1.0
92.0,51.0,1.0
93.0,51.0,1.0
94.0,51.0,1.0
95.0,51.0,1.0
96.0,51.0,1.0
97.0,51.0,1.0
98.0,51.0,1.0
99.0,51.0,1.0
100.0,51.0,1.0
101.0,51.0,1.0
102.0,51.0,1.0
103.0,51.0,1.0
104.0,51.0,1.0
105.0,51.0,1.0
106.0,51.0,1.0
107.0,51.0,1.0
108.0,51.0,1.0
109.0,51.0,1.0
110.0,51.0,1.0
111.0,51.0,1.0
112.0,51.0,1.0
113.0,51.0,1.0
114.0,51.0,1.0
115.0,51.0,1.0
116.0,51.0,1.0
117.0,51.0,1.0
118.0,51.0,1.0
119.0,51.0,1.0
120.0,51.0,1.0
121.0,51.0,1.0
122.0,51.0,1.0
123.0,51.0,1.0
124.0,51.0,1.0
125.0,51.0,1.0
126.0,51.0,1.0
127.0,51.0,1.0
128.0,51.0,1.0
129.0,51.0,1.0
130.0,51.0,1.0
131.0,51.0,1.0
132.0,51.0,1.0
133.0,51.0,1.0
134.0,51.0,1.0
135.0,51.0,1.0
136.0,51.0,1.0
137.0,51.0,1.0
138.0,51.0,1.0
139.0,51.0,1.0
140.0,51.0,0.9977217350428403
141.0,51.0,0.9954434700856807
142.0,51.0,0.9931652051285209
143.0,51.0,0.9908869401713613
144.0,51.0,0.9954434700856807
145.0,51.0,1.0
146.0,51.0,0.7012851501666937
147.0,51.0,0.40257030033338737
148.0,51.0,0.4740091497140837
149.0,51.0,0.54544799909478
150.0,51.0,0.6168868484754765
151.0,51.0,0.6883256978561728
152.0,51.0,0.8155983316067159
153.0,51.0,0.9428709653572589
154.0,51.0,0.840931658556509
155.0,51.0,0.7389923517557591
156.0,51.0,0.6370530449550091
157.0,51.0,0.5351137381542592
158.0,51.0,0.7675568690771296
159.0,51.0,1.0
160.0,51.0,0.9635113202357481
161.0,51.0,0.9270226404714963
162.0,51.0,0.8905339607072444
163.0,51.0,0.9231463046148423
164.0,51.0,0.9557586485224401
165.0,51.0,0.9883709924300377
166.0,51.0,0.9879608817528249
167.0,51.0,0.987550771075612
168.0,51.0,0.987140660398399
169.0,51.0,0.991427106932266
170.0,51.0,0.995713553466133
171.0,51.0,1.0
172.0,51.0,0.9625856805986343
173.0,51.0,0.9251713611972687
174.0,51.0,0.8877570417959029
175.0,51.0,0.890591470057543
176.0,51.0,0.8934258983191833
177.0,51.0,0.8962603265808233
178.0,51.0,0.9273822286065764
179.0,51.0,0.9585041306323294
180.0,51.0,0.9896260326580824
181.0,51.0,0.9583443096960904
182.0,51.0,0.8958607742402261
183.0,51.0,0.8333772387843619
184.0,51.0,0.8304113920116408
185.0,51.0,0.82744554523892
186.0,51.0,0.824479698466199
187.0,51.0,0.821513851693478
188.0,51.0,0.8185480049207571
189.0,51.0,0.815582158148036
190.0,51.0,0.8463184651233634
191.0,51.0,0.8770547720986906
192.0,51.0,0.907791079074018
193.0,51.0,0.9385273860493454
194.0,51.0,0.9692636930246727
195.0,51.0,1.0
196.0,51.0,1.0
197.0,51.0,1.0
198.0,51.0,1.0
199.0,51.0,1.0
200.0,51.0,1.0
201.0,51.0,1.0
202.0,51.0,1.0
203.0,51.0,1.0
204.0,51.0,0.9890862502367824
205.0,51.0,0.9781725004735649
206.0,51.0,1.0
207.0,51.0,1.0
208.0,51.0,1.0
209.0,51.0,1.0
210.0,51.0,1.0
211.0,51.0,1.0
212.0,51.0,0.9986769010714435
213.0,51.0,0.9973538021428869
214.0,51.0,0.9960307032143304
215.0,51.0,0.9947076042857739
216.0,51.0,0.9933845053572173
217.0,51.0,0.9920614064286608
218.0,51.0,0.9859801914041987
219.0,51.0,0.9798989763797366
220.0,51.0,0.9738177613552745
221.0,51.0,0.9677365463308125
222.0,51.0,0.9616553313063504
223.0,51.0,0.9555741162818883
224.0,51.0,0.9555741162818883
225.0,51.0,0.9555741162818883
226.0,51.0,0.9590428620359329
227.0,51.0,0.9590428620359329
228.0,51.0,0.9590428620359329
229.0,51.0,0.9590428620359329
230.0,51.0,0.9590428620359329
231.0,51.0,0.9590428620359329
232.0,51.0,0.927061109185214
233.0,51.0,0.927061109185214
234.0,51.0,0.927061109185214
235.0,51.0,0.927061109185214
236.0,51.0,0.927061109185214
237.0,51.0,0.927061109185214
238.0,51.0,0.844780299260528
239.0,51.0,0.844780299260528
240.0,51.0,0.844780299260528
241.0,51.0,0.844780299260528
242.0,51.0,0.844780299260528
243.0,51.0,0.7983403878949975
244.0,51.0,0.7983403878949975
245.0,51.0,0.7983403878949975
246.0,51.0,0.7983403878949975
247.0,51.0,0.7983403878949975
248.0,51.0,0.7277500313396894
249.0,51.0,0.7277500313396894
250.0,51.0,0.7277500313396894
251.0,51.0,0.7277500313396894
252.0,51.0,0.7277500313396894
253.0,51.0,0.7139164489798788
254.0,51.0,0.7139164489798788
255.0,51.0,0.7139164489798788
256.0,51.0,0.7139164489798788
257.0,51.0,0.7139164489798788
258.0,51.0,0.7139164489798788
259.0,51.0,0.7139164489798788
260.0,51.0,0.7139164489798788
261.0,51.0,0.7139164489798788
262.0,51.0,0.7139164489798788
263.0,51.0,0.7139164489798788
264.0,51.0,0.7139164489798788
265.0,51.0,0.7139164489798788
266.0,51.0,0.7139164489798788
267.0,51.0,0.7485971734972304
268.0,51.0,0.7485971734972304
269.0,51.0,0.7485971734972304
270.0,51.0,0.7485971734972304
271.0,51.0,0.7485971734972304
272.0,51.0,0.7485971734972304
273.0,51.0,0.7485971734972304
274.0,51.0,0.7485971734972304
275.0,51.0,0.7485971734972304
276.0,51.0,0.7485971734972304
277.0,51.0,0.47009064329363837
278.0,51.0,0.47009064329363837
279.0,51.0,0.47009064329363837
280.0,51.0,0.47009064329363837
281.0,51.0,0.47009064329363837
282.0,51.0,0.47009064329363837
283.0,51.0,0.47009064329363837
284.0,51.0,0.47009064329363837
285.0,51.0,0.47009064329363837
286.0,51.0,0.47009064329363837
287.0,51.0,0.47009064329363837
71.0,52.0,1.0
72.0,52.0,1.0
73.0,52.0,1.0
74.0,52.0,1.0
75.0,52.0,1.0
76.0,52.0,1.0
77.0,52.0,1.0
78.0,52.0,1.0
79.0,52.0,1.0
80.0,52.0,1.0
81.0,52.0,1.0
82.0,52.0,1.0
83.0,52.0,1.0
84.0,52.0,1.0
85.0,52.0,1.0
86.0,52.0,1.0
87.0,52.0,1.0
88.0,52.0,1.0
89.0,52.0,1.0
90.0,52.0,1.0
91.0,52.0,1.0
92.0,52.0,1.0
93.0,52.0,1.0
94.0,52.0,1.0
95.0,52.0,1.0
96.0,52.0,1.0
97.0,52.0,1.0
98.0,52.0,1.0
99.0,52.0,1.0
100.0,52.0,1.0
101.0,52.0,1.0
102.0,52.0,1.0
103.0,52.0,1.0
104.0,52.0,1.0
105.0,52.0,1.0
106.0,52.0,1.0
107.0,52.0,1.0
108.0,52.0,1.0
109.0,52.0,1.0
110.0,52.0,1.0
111.0,52.0,1.0
112.0,52.0,1.0
113.0,52.0,1.0
114.0,52.0,1.0
115.0,52.0,1.0
116.0,52.0,1.0
117.0,52.0,1.0
118.0,52.0,1.0
119.0,52.0,1.0
120.0,52.0,1.0
121.0,52.0,1.0
122.0,52.0,1.0
123.0,52.0,1.0
124.0,52.0,1.0
125.0,52.0,1.0
126.0,52.0,1.0
127.0,52.0,1.0
128.0,52.0,1.0
129.0,52.0,1.0
130.0,52.0,1.0
131.0,52.0,1.0
132.0,52.0,1.0
133.0,52.0,1.0
134.0,52.0,1.0
135.0,52.0,1.0
136.0,52.0,1.0
137.0,52.0,1.0
138.0,52.0,1.0
139.0,52.0,1.0
140.0,52.0,1.0
141.0,52.0,1.0
142.0,52.0,0.9908869401713613
143.0,52.0,0.9886086752142016
144.0,52.0,0.9863304102570418
145.0,52.0,0.9908869401713613
146.0,52.0,0.6921720903380549
147.0,52.0,0.6967286202523744
148.0,52.0,0.7012851501666937
149.0,52.0,0.77272399954739
150.0,52.0,0.8441628489280864
151.0,52.0,0.8441628489280864
152.0,52.0,0.9714354826786294
153.0,52.0,0.9619139769048393
154.0,52.0,0.9619139769048393
155.0,52.0,0.9714354826786294
156.0,52.0,0.8694961758778795
157.0,52.0,0.7675568690771296
158.0,52.0,1.0
159.0,52.0,1.0
160.0,52.0,0.9635113202357481
161.0,52.0,0.8905339607072444
162.0,52.0,0.8540452809429926
163.0,52.0,0.8521071130146655
164.0,52.0,0.8847194569222633
165.0,52.0,0.916921690152648
166.0,52.0,0.9491239233830329
167.0,52.0,0.9813261566134177
168.0,52.0,0.9809160459362049
169.0,52.0,0.982854213864532
170.0,52.0,0.987140660398399
171.0,52.0,0.8724765104268037
172.0,52.0,0.9362382552134019
173.0,52.0,1.0
174.0,52.0,0.9625856805986344
175.0,52.0,0.9452957350287715
176.0,52.0,0.9481301632904117
177.0,52.0,0.7160015124605871
178.0,52.0,0.8320658378754994
179.0,52.0,0.9481301632904117
180.0,52.0,0.9792520653161646
181.0,52.0,0.9791721548480452
182.0,52.0,0.9166886193921809
183.0,52.0,0.8396076576480711
184.0,52.0,0.878148138520126
185.0,52.0,0.9166886193921809
186.0,52.0,0.91372277261946
187.0,52.0,0.910756925846739
188.0,52.0,0.907791079074018
189.0,52.0,0.907791079074018
190.0,52.0,0.907791079074018
191.0,52.0,0.907791079074018
192.0,52.0,0.907791079074018
193.0,52.0,0.9385273860493453
194.0,52.0,0.9692636930246726
195.0,52.0,1.0
196.0,52.0,0.9971999034423121
197.0,52.0,0.9943998068846243
198.0,52.0,0.9943998068846243
199.0,52.0,0.9943998068846243
200.0,52.0,1.0
201.0,52.0,1.0
202.0,52.0,1.0
203.0,52.0,0.9890862502367824
204.0,52.0,0.9890862502367824
205.0,52.0,0.9890862502367824
206.0,52.0,0.9890862502367824
207.0,52.0,1.0
208.0,52.0,1.0
209.0,52.0,1.0
210.0,52.0,1.0
211.0,52.0,1.0
212.0,52.0,1.0
213.0,52.0,0.9986769010714436
214.0,52.0,0.9973538021428869
215.0,52.0,0.9960307032143304
216.0,52.0,0.9899494881898683
217.0,52.0,0.9838682731654063
218.0,52.0,0.9777870581409441
219.0,52.0,0.9666805872114161
220.0,52.0,0.9920614064286608
221.0,52.0,0.9555741162818883
222.0,52.0,0.9555741162818883
223.0,52.0,0.9555741162818883
224.0,52.0,0.9555741162818883
225.0,52.0,0.9555741162818883
226.0,52.0,0.9555741162818883
227.0,52.0,0.9590428620359329
228.0,52.0,0.9590428620359329
229.0,52.0,0.9590428620359329
230.0,52.0,0.9590428620359329
231.0,52.0,0.9590428620359329
232.0,52.0,0.927061109185214
233.0,52.0,0.927061109185214
234.0,52.0,0.927061109185214
235.0,52.0,0.927061109185214
236.0,52.0,0.927061109185214
237.0,52.0,0.927061109185214
238.0,52.0,0.844780299260528
239.0,52.0,0.844780299260528
240.0,52.0,0.844780299260528
241.0,52.0,0.844780299260528
242.0,52.0,0.844780299260528
243.0,52.0,0.844780299260528
244.0,52.0,0.7983403878949975
245.0,52.0,0.7983403878949975
246.0,52.0,0.7983403878949975
247.0,52.0,0.7983403878949975
248.0,52.0,0.7277500313396894
249.0,52.0,0.7277500313396894
250.0,52.0,0.7277500313396894
251.0,52.0,0.7277500313396894
252.0,52.0,0.7277500313396894
253.0,52.0,0.7139164489798788
254.0,52.0,0.7139164489798788
255.0,52.0,0.7139164489798788
256.0,52.0,0.7139164489798788
257.0,52.0,0.7139164489798788
258.0,52.0,0.7139164489798788
259.0,52.0,0.7139164489798788
260.0,52.0,0.7139164489798788
261.0,52.0,0.7139164489798788
262.0,52.0,0.7139164489798788
263.0,52.0,0.7139164489798788
264.0,52.0,0.7139164489798788
265.0,52.0,0.7139164489798788
266.0,52.0,0.7139164489798788
267.0,52.0,0.7139164489798788
268.0,52.0,0.7485971734972304
269.0,52.0,0.7485971734972304
270.0,52.0,0.7485971734972304
271.0,52.0,0.7485971734972304
272.0,52.0,0.7485971734972304
273.0,52.0,0.7485971734972304
274.0,52.0,0.7485971734972304
275.0,52.0,0.7485971734972304
276.0,52.0,0.7485971734972304
277.0,52.0,0.7485971734972304
278.0,52.0,0.47009064329363837
279.0,52.0,0.47009064329363837
280.0,52.0,0.47009064329363837
281.0,52.0,0.47009064329363837
282.0,52.0,0.47009064329363837
283.0,52.0,0.47009064329363837
284.0,52.0,0.47009064329363837
285.0,52.0,0.47009064329363837
286.0,52.0,0.47009064329363837
287.0,52.0,0.47009064329363837
71.0,53.0,1.0
72.0,53.0,1.0
73.0,53.0,1.0
74.0,53.0,1.0
75.0,53.0,1.0
76.0,53.0,1.0
77.0,53.0,1.0
78.0,53.0,1.0
79.0,53.0,1.0
80.0,53.0,1.0
81.0,53.0,1.0
82.0,53.0,1.0
83.0,53.0,1.0
84.0,53.0,1.0
85.0,53.0,1.0
86.0,53.0,1.0
87.0,53.0,1.0
88.0,53.0,1.0
89.0,53.0,1.0
90.0,53.0,1.0
91.0,53.0,1.0
92.0,53.0,1.0
93.0,53.0,1.0
94.0,53.0,1.0
95.0,53.0,1.0
96.0,53.0,1.0
97.0,53.0,1.0
98.0,53.0,1.0
99.0,53.0,1.0
100.0,53.0,1.0
101.0,53.0,1.0
102.0,53.0,1.0
103.0,53.0,1.0
104.0,53.0,1.0
105.0,53.0,1.0
106.0,53.0,1.0
107.0,53.0,1.0
108.0,53.0,1.0
109.0,53.0,1.0
110.0,53.0,1.0
111.0,53.0,1.0
112.0,53.0,1.0
113.0,53.0,1.0
114.0,53.0,1.0
115.0,53.0,1.0
116.0,53.0,1.0
117.0,53.0,1.0
118.0,53.0,1.0
119.0,53.0,1.0
120.0,53.0,1.0
121.0,53.0,1.0
122.0,53.0,1.0
123.0,53.0,1.0
124.0,53.0,1.0
125.0,53.0,1.0
126.0,53.0,1.0
127.0,53.0,1.0
128.0,53.0,1.0
129.0,53.0,1.0
130.0,53.0,1.0
131.0,53.0,1.0
132.0,53.0,1.0
133.0,53.0,1.0
134.0,53.0,1.0
135.0,53.0,1.0
136.0,53.0,1.0
137.0,53.0,1.0
138.0,53.0,1.0
139.0,53.0,1.0
140.0,53.0,1.0
141.0,53.0,1.0
142.0,53.0,0.9817738803427225
143.0,53.0,0.9817738803427225
144.0,53.0,0.9817738803427225
145.0,53.0,0.9817738803427225
146.0,53.0,0.9863304102570418
147.0,53.0,0.9908869401713613
148.0,53.0,0.9954434700856807
149.0,53.0,1.0
150.0,53.0,1.0
151.0,53.0,1.0
152.0,53.0,0.9904784942262098
153.0,53.0,0.9809569884524196
154.0,53.0,0.9714354826786294
155.0,53.0,0.9809569884524196
156.0,53.0,0.9904784942262098
157.0,53.0,1.0
158.0,53.0,1.0
159.0,53.0,1.0
160.0,53.0,1.0
161.0,53.0,0.9270226404714963
162.0,53.0,0.8540452809429925
163.0,53.0,0.7810679214144887
164.0,53.0,0.8132701546448736
165.0,53.0,0.8454723878752584
166.0,53.0,0.8776746211056433
167.0,53.0,0.9098768543360282
168.0,53.0,0.942079087566413
169.0,53.0,0.9742813207967979
170.0,53.0,0.8596171708252026
171.0,53.0,0.7449530208536074
172.0,53.0,0.8087147656402055
173.0,53.0,0.8724765104268037
174.0,53.0,0.9362382552134019
175.0,53.0,1.0
176.0,53.0,0.7678713491701754
177.0,53.0,0.5357426983403508
178.0,53.0,0.6518070237552631
179.0,53.0,0.7678713491701754
180.0,53.0,0.8839356745850877
181.0,53.0,1.0
182.0,53.0,0.9229190382558902
183.0,53.0,0.8458380765117803
184.0,53.0,0.8843785573838352
185.0,53.0,0.9229190382558902
186.0,53.0,0.9614595191279451
187.0,53.0,1.0
188.0,53.0,1.0
189.0,53.0,1.0
190.0,53.0,1.0
191.0,53.0,1.0
192.0,53.0,1.0
193.0,53.0,1.0
194.0,53.0,1.0
195.0,53.0,1.0
196.0,53.0,0.9971999034423121
197.0,53.0,0.9943998068846243
198.0,53.0,0.9915997103269365
199.0,53.0,0.9887996137692486
200.0,53.0,0.9943998068846243
201.0,53.0,1.0
202.0,53.0,1.0
203.0,53.0,1.0
204.0,53.0,1.0
205.0,53.0,1.0
206.0,53.0,1.0
207.0,53.0,1.0
208.0,53.0,1.0
209.0,53.0,1.0
210.0,53.0,1.0
211.0,53.0,1.0
212.0,53.0,1.0
213.0,53.0,1.0
214.0,53.0,0.9888935290704721
215.0,53.0,0.9777870581409441
216.0,53.0,0.9920614064286608
217.0,53.0,0.9920614064286608
218.0,53.0,0.9920614064286608
219.0,53.0,0.9920614064286608
220.0,53.0,0.9920614064286608
221.0,53.0,0.9555741162818883
222.0,53.0,0.9555741162818883
223.0,53.0,0.9555741162818883
224.0,53.0,0.9555741162818883
225.0,53.0,0.9555741162818883
226.0,53.0,0.9555741162818883
227.0,53.0,0.9590428620359329
228.0,53.0,0.9590428620359329
229.0,53.0,0.9590428620359329
230.0,53.0,0.9590428620359329
231.0,53.0,0.9590428620359329
232.0,53.0,0.927061109185214
233.0,53.0,0.927061109185214
234.0,53.0,0.927061109185214
235.0,53.0,0.927061109185214
236.0,53.0,0.927061109185214
237.0,53.0,0.927061109185214
238.0,53.0,0.927061109185214
239.0,53.0,0.844780299260528
240.0,53.0,0.844780299260528
241.0,53.0,0.844780299260528
242.0,53.0,0.844780299260528
243.0,53.0,0.844780299260528
244.0,53.0,0.7983403878949975
245.0,53.0,0.7983403878949975
246.0,53.0,0.7983403878949975
247.0,53.0,0.7983403878949975
248.0,53.0,0.7983403878949975
249.0,53.0,0.7277500313396894
250.0,53.0,0.7277500313396894
251.0,53.0,0.7277500313396894
252.0,53.0,0.7277500313396894
253.0,53.0,0.7277500313396894
254.0,53.0,0.7139164489798788
255.0,53.0,0.7139164489798788
256.0,53.0,0.7139164489798788
257.0,53.0,0.7139164489798788
258.0,53.0,0.7139164489798788
259.0,53.0,0.7139164489798788
260.0,53.0,0.7139164489798788
261.0,53.0,0.7139164489798788
262.0,53.0,0.7139164489798788
263.0,53.0,0.7139164489798788
264.0,53.0,0.7139164489798788
265.0,53.0,0.7139164489798788
266.0,53.0,0.7139164489798788
267.0,53.0,0.7139164489798788
268.0,53.0,0.7139164489798788
269.0,53.0,0.7485971734972304
270.0,53.0,0.7485971734972304
271.0,53.0,0.7485971734972304
272.0,53.0,0.7485971734972304
273.0,53.0,0.7485971734972304
274.0,53.0,0.7485971734972304
275.0,53.0,0.7485971734972304
276.0,53.0,0.7485971734972304
277.0,53.0,0.7485971734972304
278.0,53.0,0.7485971734972304
279.0,53.0,0.47009064329363837
280.0,53.0,0.47009064329363837
281.0,53.0,0.47009064329363837
282.0,53.0,0.47009064329363837
283.0,53.0,0.47009064329363837
284.0,53.0,0.47009064329363837
285.0,53.0,0.47009064329363837
286.0,53.0,0.47009064329363837
287.0,53.0,0.47009064329363837
71.0,54.0,1.0
72.0,54.0,1.0
73.0,54.0,1.0
74.0,54.0,1.0
75.0,54.0,1.0
76.0,54.0,1.0
77.0,54.0,1.0
78.0,54.0,1.0
79.0,54.0,1.0
80.0,54.0,1.0
81.0,54.0,1.0
82.0,54.0,1.0
83.0,54.0,1.0
84.0,54.0,1.0
85.0,54.0,1.0
86.0,54.0,1.0
87.0,54.0,1.0
88.0,54.0,1.0
89.0,54.0,1.0
90.0,54.0,1.0
91.0,54.0,1.0
92.0,54.0,1.0
93.0,54.0,1.0
94.0,54.0,1.0
95.0,54.0,1.0
96.0,54.0,1.0
97.0,54.0,1.0
98.0,54.0,1.0
99.0,54.0,1.0
100.0,54.0,1.0
101.0,54.0,1.0
102.0,54.0,1.0
103.0,54.0,1.0
104.0,54.0,1.0
105.0,54.0,1.0
106.0,54.0,1.0
107.0,54.0,1.0
108.0,54.0,1.0
109.0,54.0,1.0
110.0,54.0,1.0
111.0,54.0,1.0
112.0,54.0,1.0
113.0,54.0,1.0
114.0,54.0,1.0
115.0,54.0,1.0
116.0,54.0,1.0
117.0,54.0,1.0
118.0,54.0,1.0
119.0,54.0,1.0
120.0,54.0,1.0
121.0,54.0,1.0
122.0,54.0,1.0
123.0,54.0,1.0
124.0,54.0,1.0
125.0,54.0,1.0
126.0,54.0,1.0
127.0,54.0,1.0
128.0,54.0,1.0
129.0,54.0,1.0
130.0,54.0,1.0
131.0,54.0,1.0
132.0,54.0,1.0
133.0,54.0,1.0
134.0,54.0,1.0
135.0,54.0,1.0
136.0,54.0,1.0
137.0,54.0,1.0
138.0,54.0,1.0
139.0,54.0,1.0
140.0,54.0,1.0
141.0,54.0,1.0
142.0,54.0,0.9817738803427225
143.0,54.0,0.9817738803427225
144.0,54.0,0.9817738803427225
145.0,54.0,0.9817738803427225
146.0,54.0,0.9817738803427225
147.0,54.0,0.9817738803427225
148.0,54.0,1.0
149.0,54.0,1.0
150.0,54.0,0.9908869401713613
151.0,54.0,0.9954434700856807
152.0,54.0,1.0
153.0,54.0,1.0
154.0,54.0,0.9904784942262099
155.0,54.0,0.9904784942262099
156.0,54.0,1.0
157.0,54.0,1.0
158.0,54.0,1.0
159.0,54.0,1.0
160.0,54.0,1.0
161.0,54.0,0.9635113202357481
162.0,54.0,0.8905339607072443
163.0,54.0,0.8905339607072444
164.0,54.0,0.8358009410608666
165.0,54.0,0.8631674508840554
166.0,54.0,0.8905339607072444
167.0,54.0,0.9227361939376292
168.0,54.0,0.9549384271680141
169.0,54.0,0.987140660398399
170.0,54.0,0.8724765104268037
171.0,54.0,0.8724765104268037
172.0,54.0,0.8724765104268036
173.0,54.0,0.8724765104268037
174.0,54.0,0.9362382552134019
175.0,54.0,1.0
176.0,54.0,0.7678713491701754
177.0,54.0,0.7678713491701754
178.0,54.0,0.7678713491701754
179.0,54.0,0.7678713491701754
180.0,54.0,0.8839356745850877
181.0,54.0,1.0
182.0,54.0,0.9229190382558902
183.0,54.0,0.9229190382558903
184.0,54.0,0.9229190382558901
185.0,54.0,0.9229190382558902
186.0,54.0,0.9614595191279451
187.0,54.0,1.0
188.0,54.0,1.0
189.0,54.0,1.0
190.0,54.0,1.0
191.0,54.0,1.0
192.0,54.0,1.0
193.0,54.0,1.0
194.0,54.0,1.0
195.0,54.0,1.0
196.0,54.0,0.9971999034423121
197.0,54.0,0.9943998068846243
198.0,54.0,0.9915997103269365
199.0,54.0,0.9929997586057804
200.0,54.0,0.9943998068846244
201.0,54.0,1.0
202.0,54.0,1.0
203.0,54.0,1.0
204.0,54.0,1.0
205.0,54.0,1.0
206.0,54.0,1.0
207.0,54.0,1.0
208.0,54.0,1.0
209.0,54.0,1.0
210.0,54.0,1.0
211.0,54.0,0.9888935290704721
212.0,54.0,1.0
213.0,54.0,1.0
214.0,54.0,1.0
215.0,54.0,1.0
216.0,54.0,0.9920614064286608
217.0,54.0,0.9920614064286608
218.0,54.0,0.9920614064286608
219.0,54.0,0.9920614064286608
220.0,54.0,0.9920614064286608
221.0,54.0,0.9555741162818883
222.0,54.0,0.9555741162818883
223.0,54.0,0.9555741162818883
224.0,54.0,0.9555741162818883
225.0,54.0,0.9555741162818883
226.0,54.0,0.9555741162818883
227.0,54.0,0.9590428620359329
228.0,54.0,0.9590428620359329
229.0,54.0,0.9590428620359329
230.0,54.0,0.9590428620359329
231.0,54.0,0.9590428620359329
232.0,54.0,0.9590428620359329
233.0,54.0,0.927061109185214
234.0,54.0,0.927061109185214
235.0,54.0,0.927061109185214
236.0,54.0,0.927061109185214
237.0,54.0,0.927061109185214
238.0,54.0,0.927061109185214
239.0,54.0,0.844780299260528
240.0,54.0,0.844780299260528
241.0,54.0,0.844780299260528
242.0,54.0,0.844780299260528
243.0,54.0,0.844780299260528
244.0,54.0,0.844780299260528
245.0,54.0,0.7983403878949975
246.0,54.0,0.7983403878949975
247.0,54.0,0.7983403878949975
248.0,54.0,0.7983403878949975
249.0,54.0,0.7277500313396894
250.0,54.0,0.7277500313396894
251.0,54.0,0.7277500313396894
252.0,54.0,0.7277500313396894
253.0,54.0,0.7277500313396894
254.0,54.0,0.7139164489798788
255.0,54.0,0.7139164489798788
256.0,54.0,0.7139164489798788
257.0,54.0,0.7139164489798788
258.0,54.0,0.7139164489798788
259.0,54.0,0.7139164489798788
260.0,54.0,0.7139164489798788
261.0,54.0,0.7139164489798788
262.0,54.0,0.7139164489798788
263.0,54.0,0.7139164489798788
264.0,54.0,0.7139164489798788
265.0,54.0,0.7139164489798788
266.0,54.0,0.7139164489798788
267.0,54.0,0.7139164489798788
268.0,54.0,0.7139164489798788
269.0,54.0,0.7139164489798788
270.0,54.0,0.7485971734972304
271.0,54.0,0.7485971734972304
272.0,54.0,0.7485971734972304
273.0,54.0,0.7485971734972304
274.0,54.0,0.7485971734972304
275.0,54.0,0.7485971734972304
276.0,54.0,0.7485971734972304
277.0,54.0,0.7485971734972304
278.0,54.0,0.7485971734972304
279.0,54.0,0.47009064329363837
280.0,54.0,0.47009064329363837
281.0,54.0,0.47009064329363837
282.0,54.0,0.47009064329363837
283.0,54.0,0.47009064329363837
284.0,54.0,0.47009064329363837
285.0,54.0,0.47009064329363837
286.0,54.0,0.47009064329363837
287.0,54.0,0.47009064329363837
71.0,55.0,1.0
72.0,55.0,1.0
73.0,55.0,1.0
74.0,55.0,1.0
75.0,55.0,1.0
76.0,55.0,1.0
77.0,55.0,1.0
78.0,55.0,1.0
79.0,55.0,1.0
80.0,55.0,1.0
81.0,55.0,1.0
82.0,55.0,1.0
83.0,55.0,1.0
84.0,55.0,1.0
85.0,55.0,1.0
86.0,55.0,1.0
87.0,55.0,1.0
88.0,55.0,1.0
89.0,55.0,1.0
90.0,55.0,1.0
91.0,55.0,1.0
92.0,55.0,1.0
93.0,55.0,1.0
94.0,55.0,1.0
95.0,55.0,1.0
96.0,55.0,1.0
97.0,55.0,1.0
98.0,55.0,1.0
99.0,55.0,1.0
100.0,55.0,1.0
101.0,55.0,1.0
102.0,55.0,1.0
103.0,55.0,1.0
104.0,55.0,1.0
105.0,55.0,1.0
106.0,55.0,1.0
107.0,55.0,1.0
108.0,55.0,1.0
109.0,55.0,1.0
110.0,55.0,1.0
111.0,55.0,1.0
112.0,55.0,1.0
113.0,55.0,1.0
114.0,55.0,1.0
115.0,55.0,1.0
116.0,55.0,1.0
117.0,55.0,1.0
118.0,55.0,1.0
119.0,55.0,1.0
120.0,55.0,1.0
121.0,55.0,1.0
122.0,55.0,1.0
123.0,55.0,1.0
124.0,55.0,1.0
125.0,55.0,1.0
126.0,55.0,1.0
127.0,55.0,1.0
128.0,55.0,1.0
129.0,55.0,1.0
130.0,55.0,1.0
131.0,55.0,1.0
132.0,55.0,1.0
133.0,55.0,1.0
134.0,55.0,1.0
135.0,55.0,1.0
136.0,55.0,1.0
137.0,55.0,1.0
138.0,55.0,1.0
139.0,55.0,1.0
140.0,55.0,1.0
141.0,55.0,1.0
142.0,55.0,0.9817738803427225
143.0,55.0,0.9817738803427225
144.0,55.0,0.9817738803427225
145.0,55.0,0.9817738803427225
146.0,55.0,0.9817738803427225
147.0,55.0,0.9817738803427225
148.0,55.0,1.0
149.0,55.0,1.0
150.0,55.0,1.0
151.0,55.0,1.0
152.0,55.0,1.0
153.0,55.0,1.0
154.0,55.0,1.0
155.0,55.0,1.0
156.0,55.0,1.0
157.0,55.0,1.0
158.0,55.0,1.0
159.0,55.0,1.0
160.0,55.0,1.0
161.0,55.0,1.0
162.0,55.0,1.0
163.0,55.0,1.0
164.0,55.0,0.9452669803536222
165.0,55.0,0.8905339607072444
166.0,55.0,0.9179004705304332
167.0,55.0,0.9452669803536222
168.0,55.0,0.9726334901768111
169.0,55.0,1.0
170.0,55.0,1.0
171.0,55.0,1.0
172.0,55.0,1.0
173.0,55.0,1.0
174.0,55.0,1.0
175.0,55.0,1.0
176.0,55.0,1.0
177.0,55.0,1.0
178.0,55.0,1.0
179.0,55.0,1.0
180.0,55.0,1.0
181.0,55.0,1.0
182.0,55.0,1.0
183.0,55.0,1.0
184.0,55.0,1.0
185.0,55.0,1.0
186.0,55.0,1.0
187.0,55.0,1.0
188.0,55.0,1.0
189.0,55.0,1.0
190.0,55.0,1.0
191.0,55.0,1.0
192.0,55.0,1.0
193.0,55.0,1.0
194.0,55.0,1.0
195.0,55.0,1.0
196.0,55.0,0.9971999034423121
197.0,55.0,0.9943998068846243
198.0,55.0,0.9957998551634683
199.0,55.0,0.9971999034423121
200.0,55.0,0.9985999517211561
201.0,55.0,1.0
202.0,55.0,1.0
203.0,55.0,1.0
204.0,55.0,1.0
205.0,55.0,1.0
206.0,55.0,1.0
207.0,55.0,1.0
208.0,55.0,1.0
209.0,55.0,1.0
210.0,55.0,1.0
211.0,55.0,1.0
212.0,55.0,1.0
213.0,55.0,1.0
214.0,55.0,1.0
215.0,55.0,1.0
216.0,55.0,1.0
217.0,55.0,0.9920614064286608
218.0,55.0,0.9920614064286608
219.0,55.0,0.9920614064286608
220.0,55.0,0.9920614064286608
221.0,55.0,0.9555741162818883
222.0,55.0,0.9555741162818883
223.0,55.0,0.9555741162818883
224.0,55.0,0.9555741162818883
225.0,55.0,0.9555741162818883
226.0,55.0,0.9555741162818883
227.0,55.0,0.9555741162818883
228.0,55.0,0.9590428620359329
229.0,55.0,0.9590428620359329
230.0,55.0,0.9590428620359329
231.0,55.0,0.9590428620359329
232.0,55.0,0.9590428620359329
233.0,55.0,0.927061109185214
234.0,55.0,0.927061109185214
235.0,55.0,0.927061109185214
236.0,55.0,0.927061109185214
237.0,55.0,0.927061109185214
238.0,55.0,0.927061109185214
239.0,55.0,0.927061109185214
240.0,55.0,0.844780299260528
241.0,55.0,0.844780299260528
242.0,55.0,0.844780299260528
243.0,55.0,0.844780299260528
244.0,55.0,0.844780299260528
245.0,55.0,0.7983403878949975
246.0,55.0,0.7983403878949975
247.0,55.0,0.7983403878949975
248.0,55.0,0.7983403878949975
249.0,55.0,0.7983403878949975
250.0,55.0,0.7277500313396894
251.0,55.0,0.7277500313396894
252.0,55.0,0.7277500313396894
253.0,55.0,0.7277500313396894
254.0,55.0,0.7277500313396894
255.0,55.0,0.7139164489798788
256.0,55.0,0.7139164489798788
257.0,55.0,0.7139164489798788
258.0,55.0,0.7139164489798788
259.0,55.0,0.7139164489798788
260.0,55.0,0.7139164489798788
261.0,55.0,0.7139164489798788
262.0,55.0,0.7139164489798788
263.0,55.0,0.7139164489798788
264.0,55.0,0.7139164489798788
265.0,55.0,0.7139164489798788
266.0,55.0,0.7139164489798788
267.0,55.0,0.7139164489798788
268.0,55.0,0.7139164489798788
269.0,55.0,0.7139164489798788
270.0,55.0,0.7485971734972304
271.0,55.0,0.7485971734972304
272.0,55.0,0.7485971734972304
273.0,55.0,0.7485971734972304
274.0,55.0,0.7485971734972304
275.0,55.0,0.7485971734972304
276.0,55.0,0.7485971734972304
277.0,55.0,0.7485971734972304
278.0,55.0,0.7485971734972304
279.0,55.0,0.7485971734972304
280.0,55.0,0.47009064329363837
281.0,55.0,0.47009064329363837
282.0,55.0,0.47009064329363837
283.0,55.0,0.47009064329363837
284.0,55.0,0.47009064329363837
285.0,55.0,0.47009064329363837
286.0,55.0,0.47009064329363837
287.0,55.0,0.47009064329363837
71.0,56.0,1.0
72.0,56.0,1.0
73.0,56.0,1.0
74.0,56.0,1.0
75.0,56.0,1.0
76.0,56.0,1.0
77.0,56.0,1.0
78.0,56.0,1.0
79.0,56.0,1.0
80.0,56.0,1.0
81.0,56.0,1.0
82.0,56.0,1.0
83.0,56.0,1.0
84.0,56.0,1.0
85.0,56.0,1.0
86.0,56.0,1.0
87.0,56.0,1.0
88.0,56.0,1.0
89.0,56.0,1.0
90.0,56.0,1.0
91.0,56.0,1.0
92.0,56.0,1.0
93.0,56.0,1.0
94.0,56.0,1.0
95.0,56.0,1.0
96.0,56.0,1.0
97.0,56.0,1.0
98.0,56.0,1.0
99.0,56.0,1.0
100.0,56.0,1.0
101.0,56.0,1.0
102.0,56.0,1.0
103.0,56.0,1.0
104.0,56.0,1.0
105.0,56.0,1.0
106.0,56.0,1.0
107.0,56.0,1.0
108.0,56.0,1.0
109.0,56.0,1.0
110.0,56.0,1.0
111.0,56.0,1.0
112.0,56.0,1.0
113.0,56.0,1.0
114.0,56.0,1.0
115.0,56.0,1.0
116.0,56.0,1.0
117.0,56.0,1.0
118.0,56.0,1.0
119.0,56.0,1.0
120.0,56.0,1.0
121.0,56.0,1.0
122.0,56.0,1.0
123.0,56.0,1.0
124.0,56.0,1.0
125.0,56.0,1.0
126.0,56.0,1.0
127.0,56.0,1.0
128.0,56.0,1.0
129.0,56.0,1.0
130.0,56.0,1.0
131.0,56.0,1.0
132.0,56.0,1.0
133.0,56.0,1.0
134.0,56.0,1.0
135.0,56.0,1.0
136.0,56.0,1.0
137.0,56.0,1.0
138.0,56.0,1.0
139.0,56.0,1.0
140.0,56.0,1.0
141.0,56.0,0.9817738803427225
142.0,56.0,0.9817738803427225
143.0,56.0,0.9817738803427225
144.0,56.0,0.9817738803427225
145.0,56.0,0.9817738803427225
146.0,56.0,0.9817738803427225
147.0,56.0,0.9817738803427225
148.0,56.0,1.0
149.0,56.0,1.0
150.0,56.0,1.0
151.0,56.0,1.0
152.0,56.0,1.0
153.0,56.0,1.0
154.0,56.0,1.0
155.0,56.0,1.0
156.0,56.0,1.0
157.0,56.0,1.0
158.0,56.0,1.0
159.0,56.0,1.0
160.0,56.0,1.0
161.0,56.0,1.0
162.0,56.0,1.0
163.0,56.0,1.0
164.0,56.0,1.0
165.0,56.0,1.0
166.0,56.0,0.9452669803536222
167.0,56.0,0.9726334901768111
168.0,56.0,1.0
169.0,56.0,0.9275781889199481
170.0,56.0,0.9275781889199481
171.0,56.0,0.9275781889199481
172.0,56.0,0.9275781889199481
173.0,56.0,0.9517187926132988
174.0,56.0,0.9758593963066494
175.0,56.0,1.0
176.0,56.0,1.0
177.0,56.0,1.0
178.0,56.0,1.0
179.0,56.0,1.0
180.0,56.0,1.0
181.0,56.0,1.0
182.0,56.0,1.0
183.0,56.0,1.0
184.0,56.0,1.0
185.0,56.0,1.0
186.0,56.0,1.0
187.0,56.0,1.0
188.0,56.0,1.0
189.0,56.0,1.0
190.0,56.0,1.0
191.0,56.0,1.0
192.0,56.0,1.0
193.0,56.0,1.0
194.0,56.0,1.0
195.0,56.0,1.0
196.0,56.0,0.9971999034423121
197.0,56.0,0.9985999517211561
198.0,56.0,1.0
199.0,56.0,1.0
200.0,56.0,1.0
201.0,56.0,1.0
202.0,56.0,1.0
203.0,56.0,1.0
204.0,56.0,1.0
205.0,56.0,1.0
206.0,56.0,1.0
207.0,56.0,1.0
208.0,56.0,1.0
209.0,56.0,1.0
210.0,56.0,1.0
211.0,56.0,1.0
212.0,56.0,1.0
213.0,56.0,1.0
214.0,56.0,1.0
215.0,56.0,1.0
216.0,56.0,1.0
217.0,56.0,0.9920614064286608
218.0,56.0,0.9920614064286608
219.0,56.0,0.9920614064286608
220.0,56.0,0.9920614064286608
221.0,56.0,0.9555741162818883
222.0,56.0,0.9555741162818883
223.0,56.0,0.9555741162818883
224.0,56.0,0.9555741162818883
225.0,56.0,0.9555741162818883
226.0,56.0,0.9555741162818883
227.0,56.0,0.9555741162818883
228.0,56.0,0.9590428620359329
229.0,56.0,0.9590428620359329
230.0,56.0,0.9590428620359329
231.0,56.0,0.9590428620359329
232.0,56.0,0.9590428620359329
233.0,56.0,0.927061109185214
234.0,56.0,0.927061109185214
235.0,56.0,0.927061109185214
236.0,56.0,0.927061109185214
237.0,56.0,0.927061109185214
238.0,56.0,0.927061109185214
239.0,56.0,0.927061109185214
240.0,56.0,0.844780299260528
241.0,56.0,0.844780299260528
242.0,56.0,0.844780299260528
243.0,56.0,0.844780299260528
244.0,56.0,0.844780299260528
245.0,56.0,0.844780299260528
246.0,56.0,0.7983403878949975
247.0,56.0,0.7983403878949975
248.0,56.0,0.7983403878949975
249.0,56.0,0.7983403878949975
250.0,56.0,0.7277500313396894
251.0,56.0,0.7277500313396894
252.0,56.0,0.7277500313396894
253.0,56.0,0.7277500313396894
254.0,56.0,0.7277500313396894
255.0,56.0,0.7139164489798788
256.0,56.0,0.7139164489798788
257.0,56.0,0.7139164489798788
258.0,56.0,0.7139164489798788
259.0,56.0,0.7139164489798788
260.0,56.0,0.7139164489798788
261.0,56.0,0.7139164489798788
262.0,56.0,0.7139164489798788
263.0,56.0,0.7139164489798788
264.0,56.0,0.7139164489798788
265.0,56.0,0.7139164489798788
266.0,56.0,0.7139164489798788
267.0,56.0,0.7139164489798788
268.0,56.0,0.7139164489798788
269.0,56.0,0.7139164489798788
270.0,56.0,0.7139164489798788
271.0,56.0,0.7485971734972304
272.0,56.0,0.7485971734972304
273.0,56.0,0.7485971734972304
274.0,56.0,0.7485971734972304
275.0,56.0,0.7485971734972304
276.0,56.0,0.7485971734972304
277.0,56.0,0.7485971734972304
278.0,56.0,0.7485971734972304
279.0,56.0,0.7485971734972304
280.0,56.0,0.7485971734972304
281.0,56.0,0.47009064329363837
282.0,56.0,0.47009064329363837
283.0,56.0,0.47009064329363837
284.0,56.0,0.47009064329363837
285.0,56.0,0.47009064329363837
286.0,56.0,0.47009064329363837
287.0,56.0,0.47009064329363837
71.0,57.0,1.0
72.0,57.0,1.0
73.0,57.0,1.0
74.0,57.0,1.0
75.0,57.0,1.0
76.0,57.0,1.0
77.0,57.0,1.0
78.0,57.0,1.0
79.0,57.0,1.0
80.0,57.0,1.0
81.0,57.0,1.0
82.0,57.0,1.0
83.0,57.0,1.0
84.0,57.0,1.0
85.0,57.0,1.0
86.0,57.0,1.0
87.0,57.0,1.0
88.0,57.0,1.0
89.0,57.0,1.0
90.0,57.0,1.0
91.0,57.0,1.0
92.0,57.0,1.0
93.0,57.0,1.0
94.0,57.0,1.0
95.0,57.0,1.0
96.0,57.0,1.0
97.0,57.0,1.0
98.0,57.0,1.0
99.0,57.0,1.0
100.0,57.0,1.0
101.0,57.0,1.0
102.0,57.0,1.0
103.0,57.0,1.0
104.0,57.0,1.0
105.0,57.0,1.0
106.0,57.0,1.0
107.0,57.0,1.0
108.0,57.0,1.0
109.0,57.0,1.0
110.0,57.0,1.0
111.0,57.0,1.0
112.0,57.0,1.0
113.0,57.0,1.0
114.0,57.0,1.0
115.0,57.0,1.0
116.0,57.0,1.0
117.0,57.0,1.0
118.0,57.0,1.0
119.0,57.0,1.0
120.0,57.0,1.0
121.0,57.0,1.0
122.0,57.0,1.0
123.0,57.0,1.0
124.0,57.0,1.0
125.0,57.0,1.0
126.0,57.0,1.0
127.0,57.0,1.0
128.0,57.0,1.0
129.0,57.0,1.0
130.0,57.0,1.0
131.0,57.0,1.0
132.0,57.0,1.0
133.0,57.0,1.0
134.0,57.0,1.0
135.0,57.0,1.0
136.0,57.0,1.0
137.0,57.0,1.0
138.0,57.0,1.0
139.0,57.0,1.0
140.0,57.0,1.0
141.0,57.0,0.9817738803427225
142.0,57.0,0.9817738803427225
143.0,57.0,0.9817738803427225
144.0,57.0,0.9817738803427225
145.0,57.0,0.9817738803427225
146.0,57.0,0.9817738803427225
147.0,57.0,0.9817738803427225
148.0,57.0,1.0
149.0,57.0,1.0
150.0,57.0,1.0
151.0,57.0,1.0
152.0,57.0,1.0
153.0,57.0,1.0
154.0,57.0,1.0
155.0,57.0,1.0
156.0,57.0,1.0
157.0,57.0,1.0
158.0,57.0,1.0
159.0,57.0,1.0
160.0,57.0,1.0
161.0,57.0,1.0
162.0,57.0,1.0
163.0,57.0,1.0
164.0,57.0,1.0
165.0,57.0,1.0
166.0,57.0,1.0
167.0,57.0,1.0
168.0,57.0,0.9275781889199481
169.0,57.0,0.8551563778398963
170.0,57.0,0.8792969815332469
171.0,57.0,0.9034375852265976
172.0,57.0,0.9275781889199481
173.0,57.0,0.9517187926132988
174.0,57.0,0.9758593963066494
175.0,57.0,1.0
176.0,57.0,1.0
177.0,57.0,1.0
178.0,57.0,1.0
179.0,57.0,1.0
180.0,57.0,1.0
181.0,57.0,1.0
182.0,57.0,1.0
183.0,57.0,1.0
184.0,57.0,1.0
185.0,57.0,1.0
186.0,57.0,1.0
187.0,57.0,1.0
188.0,57.0,1.0
189.0,57.0,1.0
190.0,57.0,1.0
191.0,57.0,1.0
192.0,57.0,1.0
193.0,57.0,1.0
194.0,57.0,1.0
195.0,57.0,1.0
196.0,57.0,1.0
197.0,57.0,1.0
198.0,57.0,1.0
199.0,57.0,1.0
200.0,57.0,1.0
201.0,57.0,1.0
202.0,57.0,1.0
203.0,57.0,1.0
204.0,57.0,1.0
205.0,57.0,1.0
206.0,57.0,1.0
207.0,57.0,1.0
208.0,57.0,1.0
209.0,57.0,1.0
210.0,57.0,1.0
211.0,57.0,1.0
212.0,57.0,1.0
213.0,57.0,1.0
214.0,57.0,1.0
215.0,57.0,1.0
216.0,57.0,1.0
217.0,57.0,1.0
218.0,57.0,0.9920614064286608
219.0,57.0,0.9920614064286608
220.0,57.0,0.9920614064286608
221.0,57.0,0.9555741162818883
222.0,57.0,0.9555741162818883
223.0,57.0,0.9555741162818883
224.0,57.0,0.9555741162818883
225.0,57.0,0.9555741162818883
226.0,57.0,0.9555741162818883
227.0,57.0,0.9555741162818883
228.0,57.0,0.9555741162818883
229.0,57.0,0.9590428620359329
230.0,57.0,0.9590428620359329
231.0,57.0,0.9590428620359329
232.0,57.0,0.9590428620359329
233.0,57.0,0.9590428620359329
234.0,57.0,0.927061109185214
235.0,57.0,0.927061109185214
236.0,57.0,0.927061109185214
237.0,57.0,0.927061109185214
238.0,57.0,0.927061109185214
239.0,57.0,0.927061109185214
240.0,57.0,0.927061109185214
241.0,57.0,0.844780299260528
242.0,57.0,0.844780299260528
243.0,57.0,0.844780299260528
244.0,57.0,0.844780299260528
245.0,57.0,0.844780299260528
246.0,57.0,0.7983403878949975
247.0,57.0,0.7983403878949975
248.0,57.0,0.7983403878949975
249.0,57.0,0.7983403878949975
250.0,57.0,0.7983403878949975
251.0,57.0,0.7277500313396894
252.0,57.0,0.7277500313396894
253.0,57.0,0.7277500313396894
254.0,57.0,0.7277500313396894
255.0,57.0,0.7277500313396894
256.0,57.0,0.7139164489798788
257.0,57.0,0.7139164489798788
258.0,57.0,0.7139164489798788
259.0,57.0,0.7139164489798788
260.0,57.0,0.7139164489798788
261.0,57.0,0.7139164489798788
262.0,57.0,0.7139164489798788
263.0,57.0,0.7139164489798788
264.0,57.0,0.7139164489798788
265.0,57.0,0.7139164489798788
266.0,57.0,0.7139164489798788
267.0,57.0,0.7139164489798788
268.0,57.0,0.7139164489798788
269.0,57.0,0.7139164489798788
270.0,57.0,0.7139164489798788
271.0,57.0,0.7139164489798788
272.0,57.0,0.7485971734972304
273.0,57.0,0.7485971734972304
274.0,57.0,0.7485971734972304
275.0,57.0,0.7485971734972304
276.0,57.0,0.7485971734972304
277.0,57.0,0.7485971734972304
278.0,57.0,0.7485971734972304
279.0,57.0,0.7485971734972304
280.0,57.0,0.7485971734972304
281.0,57.0,0.47009064329363837
282.0,57.0,0.47009064329363837
283.0,57.0,0.47009064329363837
284.0,57.0,0.47009064329363837
285.0,57.0,0.47009064329363837
286.0,57.0,0.47009064329363837
287.0,57.0,0.47009064329363837
